{"type":"FeatureCollection","features":[{"type":"Feature","properties":{"cve_ent":"11","cve_mun":"001","cvegeo":"11001","nombre":"Abasolo"},"geometry":{"type":"Polygon","coordinates":[[[-101.5271,20.7491],[-101.532,20.7474],[-101.5415,20.7316],[-101.5283,20.7178],[-101.5382,20.7093],[-101.5401,20.7028],[-101.5269,20.7058],[-101.5111,20.6798],[-101.503,20.6801],[-101.4989,20.6662],[-101.5003,20.6598],[-101.49,20.6488],[-101.4751,20.6515],[-101.48,20.6396],[-101.4841,20.6398],[-101.4872,20.6444],[-101.4957,20.6399],[-101.4974,20.5961],[-101.478,20.5905],[-101.4734,20.5935],[-101.4723,20.5727],[-101.4845,20.5649],[-101.4936,20.5659],[-101.4978,20.5614],[-101.5076,20.5616],[-101.501,20.5197],[-101.4936,20.5088],[-101.4723,20.5025],[-101.4473,20.5071],[-101.4444,20.5011],[-101.4005,20.5158],[-101.3979,20.5034],[-101.367,20.5042],[-101.3728,20.487],[-101.3862,20.4822],[-101.3908,20.4857],[-101.3903,20.4806],[-101.3948,20.4754],[-101.3987,20.4829],[-101.403,20.4792],[-101.3897,20.4579],[-101.3886,20.4422],[-101.3808,20.4269],[-101.38,20.4158],[-101.3843,20.4128],[-101.3926,20.4155],[-101.4013,20.4069],[-101.4069,20.4073],[-101.4036,20.3976],[-101.4052,20.3941],[-101.4126,20.3928],[-101.4121,20.3857],[-101.4422,20.4084],[-101.4408,20.4109],[-101.4578,20.418],[-101.4665,20.4111],[-101.4824,20.4104],[-101.4863,20.4149],[-101.4915,20.4052],[-101.5085,20.4065],[-101.5133,20.4015],[-101.5128,20.3978],[-101.5239,20.4023],[-101.5266,20.3962],[-101.5561,20.4017],[-101.5597,20.3941],[-101.5647,20.3956],[-101.5675,20.3918],[-101.5729,20.3945],[-101.5775,20.3826],[-101.5768,20.368],[-101.5749,20.3633],[-101.5699,20.3634],[-101.5668,20.3291],[-101.5624,20.3255],[-101.564,20.3201],[-101.5612,20.317],[-101.5708,20.3159],[-101.5778,20.3264],[-101.5836,20.3272],[-101.5844,20.3167],[-101.589,20.31],[-101.6007,20.3104],[-101.6003,20.2984],[-101.604,20.298],[-101.6047,20.3094],[-101.6113,20.3127],[-101.6247,20.3146],[-101.6271,20.3034],[-101.6282,20.3085],[-101.6336,20.309],[-101.6317,20.3157],[-101.6271,20.3166],[-101.6292,20.3222],[-101.6213,20.326],[-101.6275,20.333],[-101.6201,20.3383],[-101.6275,20.3395],[-101.6286,20.3338],[-101.6362,20.3341],[-101.6392,20.3379],[-101.6357,20.3396],[-101.6363,20.3425],[-101.6412,20.3468],[-101.6402,20.3496],[-101.6461,20.3507],[-101.6418,20.3536],[-101.6447,20.3558],[-101.6414,20.3601],[-101.6424,20.3684],[-101.6382,20.3683],[-101.638,20.3728],[-101.6334,20.3694],[-101.6285,20.3733],[-101.6229,20.3732],[-101.6108,20.3952],[-101.6001,20.4032],[-101.6038,20.4137],[-101.5977,20.4174],[-101.6027,20.4215],[-101.5954,20.4249],[-101.595,20.4317],[-101.5997,20.4329],[-101.6015,20.4379],[-101.6047,20.4374],[-101.6098,20.4463],[-101.6104,20.4495],[-101.6069,20.4511],[-101.6109,20.4549],[-101.6103,20.4674],[-101.6147,20.4699],[-101.6038,20.4715],[-101.6028,20.4754],[-101.6046,20.4828],[-101.6008,20.5023],[-101.6079,20.5079],[-101.6077,20.5215],[-101.6047,20.5222],[-101.6035,20.5281],[-101.5855,20.5354],[-101.5848,20.5461],[-101.5889,20.5465],[-101.5904,20.5502],[-101.59,20.5565],[-101.5864,20.5583],[-101.5937,20.5626],[-101.5952,20.5698],[-101.5921,20.5794],[-101.5877,20.5782],[-101.5791,20.5831],[-101.5835,20.5907],[-101.5778,20.6195],[-101.5893,20.6252],[-101.5904,20.6296],[-101.5874,20.6351],[-101.5865,20.6303],[-101.5804,20.6328],[-101.5802,20.6389],[-101.5905,20.6424],[-101.5992,20.6544],[-101.6088,20.6587],[-101.6103,20.6552],[-101.6126,20.6577],[-101.6176,20.6564],[-101.6216,20.6608],[-101.6184,20.6643],[-101.6203,20.6708],[-101.6239,20.6724],[-101.6236,20.679],[-101.6366,20.687],[-101.6356,20.7101],[-101.626,20.7094],[-101.6236,20.7212],[-101.6376,20.7226],[-101.6448,20.7476],[-101.6338,20.762],[-101.6005,20.7768],[-101.5945,20.7745],[-101.587,20.7637],[-101.593,20.7618],[-101.5893,20.7547],[-101.5705,20.7538],[-101.567,20.7408],[-101.5573,20.7428],[-101.5575,20.7599],[-101.5271,20.7491]]]}},{"type":"Feature","properties":{"cve_ent":"11","cve_mun":"002","cvegeo":"11002","nombre":"Acámbaro"},"geometry":{"type":"Polygon","coordinates":[[[-100.6767,20.2289],[-100.6617,20.2246],[-100.6415,20.2141],[-100.6296,20.1986],[-100.6346,20.1973],[-100.6405,20.1846],[-100.6535,20.1794],[-100.6513,20.1544],[-100.6283,20.1526],[-100.6238,20.1487],[-100.6205,20.149],[-100.6208,20.1517],[-100.6148,20.1473],[-100.6065,20.1547],[-100.6026,20.1525],[-100.6055,20.1478],[-100.6011,20.1435],[-100.5997,20.1232],[-100.5868,20.0917],[-100.5795,20.0902],[-100.5837,20.0799],[-100.5963,20.0781],[-100.5972,20.0658],[-100.5932,20.0601],[-100.585,20.0605],[-100.5835,20.0694],[-100.5757,20.0812],[-100.5765,20.0694],[-100.5702,20.0725],[-100.5718,20.0846],[-100.5684,20.0875],[-100.5655,20.0787],[-100.562,20.0811],[-100.5545,20.0781],[-100.5544,20.0823],[-100.5506,20.0797],[-100.5432,20.0813],[-100.5471,20.0887],[-100.543,20.0914],[-100.546,20.0941],[-100.5425,20.0949],[-100.5431,20.0986],[-100.5381,20.1029],[-100.5321,20.1015],[-100.5373,20.0907],[-100.5336,20.0894],[-100.5341,20.0863],[-100.5294,20.0885],[-100.5279,20.084],[-100.5231,20.0892],[-100.5195,20.0862],[-100.5159,20.0874],[-100.5212,20.084],[-100.5228,20.0754],[-100.5124,20.0708],[-100.5082,20.076],[-100.5096,20.0796],[-100.5031,20.0773],[-100.5018,20.0827],[-100.5005,20.0769],[-100.492,20.0757],[-100.4962,20.073],[-100.4954,20.0697],[-100.5055,20.0668],[-100.499,20.064],[-100.493,20.0657],[-100.4904,20.0586],[-100.4817,20.0534],[-100.4907,20.0546],[-100.4925,20.0512],[-100.4972,20.0561],[-100.4969,20.0487],[-100.5006,20.0503],[-100.5031,20.0478],[-100.4977,20.0346],[-100.5008,20.0283],[-100.4939,20.0278],[-100.4934,20.0237],[-100.5033,20.027],[-100.4998,20.0327],[-100.5071,20.0419],[-100.5087,20.053],[-100.5046,20.0534],[-100.508,20.0545],[-100.5084,20.0583],[-100.5024,20.062],[-100.5194,20.059],[-100.5196,20.0614],[-100.5094,20.0633],[-100.5284,20.0738],[-100.532,20.0722],[-100.529,20.0766],[-100.5327,20.0785],[-100.5639,20.0731],[-100.5575,20.0667],[-100.5494,20.0657],[-100.5516,20.062],[-100.545,20.0623],[-100.5507,20.0582],[-100.5614,20.0627],[-100.5763,20.056],[-100.5509,20.0507],[-100.5473,20.0455],[-100.5527,20.0443],[-100.557,20.0358],[-100.5564,20.0455],[-100.565,20.0491],[-100.568,20.0326],[-100.5704,20.0456],[-100.5748,20.0482],[-100.5759,20.0197],[-100.5825,20.0208],[-100.5882,20.0044],[-100.5959,19.9984],[-100.6176,19.9577],[-100.6489,19.958],[-100.6604,19.9645],[-100.6806,19.9505],[-100.7188,19.9405],[-100.7328,19.9306],[-100.7488,19.9128],[-100.7535,19.9171],[-100.772,19.9179],[-100.7788,19.9151],[-100.7921,19.9556],[-100.8022,19.9583],[-100.8124,19.9714],[-100.8243,19.9783],[-100.8329,19.9724],[-100.8302,19.9541],[-100.8358,19.9346],[-100.8545,19.9349],[-100.853,19.9417],[-100.8603,19.9489],[-100.8727,19.944],[-100.8826,19.9439],[-100.906,19.9616],[-100.9298,19.9564],[-100.9326,19.9535],[-100.9475,19.9625],[-100.9479,19.9336],[-100.9644,19.9283],[-100.9718,19.93],[-100.9766,19.9353],[-100.982,19.9561],[-101.0034,19.9536],[-101.0046,19.9666],[-100.9878,19.979],[-100.9767,19.9827],[-100.9805,19.9872],[-100.9793,19.9938],[-100.9834,19.9965],[-100.9827,20.0026],[-100.9507,20.0065],[-100.9501,20.0175],[-100.9444,20.0181],[-100.9459,20.024],[-100.942,20.0241],[-100.9416,20.0285],[-100.9244,20.0285],[-100.9278,20.0371],[-100.9222,20.039],[-100.9185,20.0555],[-100.9082,20.0512],[-100.9042,20.0541],[-100.9071,20.0574],[-100.9004,20.0575],[-100.9057,20.0631],[-100.9034,20.0673],[-100.8898,20.0583],[-100.894,20.0647],[-100.8917,20.0758],[-100.8768,20.0815],[-100.8745,20.0851],[-100.8872,20.0843],[-100.8956,20.0904],[-100.8914,20.1008],[-100.8967,20.1094],[-100.8883,20.1231],[-100.8816,20.1285],[-100.8676,20.1282],[-100.8659,20.1244],[-100.8739,20.1229],[-100.8775,20.1162],[-100.8674,20.1038],[-100.8604,20.1274],[-100.8436,20.1289],[-100.8345,20.134],[-100.8371,20.1413],[-100.8289,20.1466],[-100.8277,20.14],[-100.8203,20.1412],[-100.8205,20.1476],[-100.8265,20.1494],[-100.8221,20.1561],[-100.8126,20.1594],[-100.8121,20.1619],[-100.7817,20.1731],[-100.7461,20.1763],[-100.7339,20.1812],[-100.7294,20.1705],[-100.7346,20.1672],[-100.7335,20.1615],[-100.728,20.1621],[-100.7215,20.1663],[-100.7248,20.1683],[-100.7266,20.1833],[-100.7209,20.1855],[-100.7138,20.1958],[-100.7069,20.1947],[-100.6881,20.2116],[-100.6767,20.2289]]]}},{"type":"Feature","properties":{"cve_ent":"11","cve_mun":"003","cvegeo":"11003","nombre":"San Miguel de Allende"},"geometry":{"type":"Polygon","coordinates":[[[-100.5288,21.0744],[-100.5277,21.053],[-100.5345,21.0485],[-100.5324,21.0429],[-100.5291,21.043],[-100.5235,21.0175],[-100.5135,21.0032],[-100.5188,20.9993],[-100.5222,21.0015],[-100.5296,20.9992],[-100.529,20.9923],[-100.5105,20.9701],[-100.5021,20.9768],[-100.4955,20.9641],[-100.4956,20.9568],[-100.4845,20.9541],[-100.482,20.9443],[-100.4844,20.941],[-100.4807,20.9373],[-100.48,20.9302],[-100.4723,20.9287],[-100.47,20.907],[-100.4854,20.9088],[-100.485,20.9008],[-100.4916,20.8962],[-100.5027,20.8755],[-100.509,20.8707],[-100.502,20.8529],[-100.5593,20.8299],[-100.5663,20.8208],[-100.5776,20.8167],[-100.5778,20.8084],[-100.5734,20.8037],[-100.5707,20.8059],[-100.5583,20.8046],[-100.5641,20.7747],[-100.5595,20.7626],[-100.5481,20.7496],[-100.5489,20.7364],[-100.5844,20.7289],[-100.5883,20.7224],[-100.5965,20.7173],[-100.6186,20.7161],[-100.6227,20.722],[-100.6181,20.726],[-100.6219,20.7438],[-100.6283,20.7429],[-100.6353,20.7477],[-100.6316,20.7496],[-100.6257,20.7471],[-100.6155,20.763],[-100.6339,20.7698],[-100.6318,20.7923],[-100.6477,20.795],[-100.652,20.7929],[-100.661,20.7967],[-100.6745,20.794],[-100.6788,20.8027],[-100.6956,20.8195],[-100.7051,20.8274],[-100.7182,20.8313],[-100.7276,20.826],[-100.7283,20.8198],[-100.7414,20.8079],[-100.7727,20.7945],[-100.7767,20.7876],[-100.7871,20.7821],[-100.7941,20.7855],[-100.8003,20.7946],[-100.801,20.7927],[-100.8041,20.7992],[-100.8033,20.8075],[-100.8072,20.8087],[-100.8132,20.8054],[-100.8096,20.7982],[-100.8127,20.7967],[-100.8156,20.8033],[-100.8241,20.8059],[-100.8476,20.7969],[-100.8695,20.7993],[-100.8897,20.7935],[-100.9002,20.804],[-100.9109,20.8005],[-100.9138,20.8081],[-100.9325,20.7996],[-100.9546,20.7994],[-100.9747,20.8143],[-100.9886,20.8114],[-100.9862,20.8077],[-100.9911,20.808],[-100.988,20.8069],[-100.9905,20.806],[-100.9902,20.7979],[-100.9928,20.7995],[-100.9889,20.7887],[-101.0023,20.7823],[-101.0331,20.7848],[-101.0341,20.8002],[-101.0671,20.8139],[-101.0727,20.8223],[-101.0721,20.8431],[-101.0807,20.8581],[-101.0867,20.86],[-101.0718,20.8684],[-101.0408,20.8785],[-101.0146,20.8986],[-100.9937,20.9214],[-100.9848,20.9176],[-100.9825,20.928],[-100.9696,20.9276],[-100.9715,20.9323],[-100.9649,20.9351],[-100.9711,20.9356],[-100.9722,20.9423],[-100.9696,20.9455],[-100.9699,20.9421],[-100.968,20.9429],[-100.9668,20.9467],[-100.9623,20.9434],[-100.9613,20.9519],[-100.9413,20.9445],[-100.9349,20.9594],[-100.9224,20.9623],[-100.9237,20.9925],[-100.9038,20.9744],[-100.9016,20.9752],[-100.9039,20.979],[-100.9001,20.9778],[-100.8978,20.982],[-100.9104,20.9921],[-100.9101,21.0059],[-100.8984,21.0033],[-100.8989,21.01],[-100.8833,21.0102],[-100.8891,21.0254],[-100.8681,21.0114],[-100.8547,21.0186],[-100.8387,21.0191],[-100.8463,21.0282],[-100.8532,21.0677],[-100.832,21.0702],[-100.8154,21.0589],[-100.7917,21.0797],[-100.7876,21.0923],[-100.765,21.0908],[-100.7002,21.106],[-100.6288,21.1091],[-100.5933,21.101],[-100.5579,21.0992],[-100.5396,21.0791],[-100.5288,21.0744]]]}},{"type":"Feature","properties":{"cve_ent":"11","cve_mun":"004","cvegeo":"11004","nombre":"Apaseo el Alto"},"geometry":{"type":"Polygon","coordinates":[[[-100.5048,20.555],[-100.5085,20.5262],[-100.5077,20.5185],[-100.5032,20.5197],[-100.5011,20.5126],[-100.5098,20.5065],[-100.4974,20.5048],[-100.5003,20.5002],[-100.4977,20.4914],[-100.4924,20.4904],[-100.4925,20.4814],[-100.4884,20.4733],[-100.4885,20.4258],[-100.4783,20.4163],[-100.4762,20.3896],[-100.4688,20.384],[-100.4779,20.3739],[-100.4807,20.3548],[-100.5086,20.3324],[-100.5418,20.3346],[-100.5486,20.3281],[-100.586,20.3105],[-100.5931,20.3257],[-100.6431,20.3481],[-100.6559,20.35],[-100.6607,20.3853],[-100.6544,20.3844],[-100.656,20.4068],[-100.6604,20.4126],[-100.6632,20.4103],[-100.6703,20.4232],[-100.6884,20.417],[-100.6891,20.4236],[-100.694,20.4249],[-100.6959,20.4389],[-100.6918,20.4408],[-100.6915,20.4737],[-100.6765,20.4767],[-100.6799,20.4808],[-100.6682,20.48],[-100.6663,20.4651],[-100.6686,20.4645],[-100.6633,20.465],[-100.6603,20.4682],[-100.6619,20.4759],[-100.6588,20.4776],[-100.6367,20.4746],[-100.6474,20.4883],[-100.6478,20.4957],[-100.6528,20.5019],[-100.6458,20.5007],[-100.6397,20.4949],[-100.6246,20.4888],[-100.6241,20.4858],[-100.6122,20.4921],[-100.5983,20.4932],[-100.6034,20.5066],[-100.5799,20.5048],[-100.5758,20.5127],[-100.5625,20.513],[-100.5629,20.5206],[-100.5587,20.5191],[-100.5574,20.531],[-100.5478,20.5341],[-100.5368,20.525],[-100.519,20.527],[-100.5048,20.555]]]}},{"type":"Feature","properties":{"cve_ent":"11","cve_mun":"005","cvegeo":"11005","nombre":"Apaseo el Grande"},"geometry":{"type":"Polygon","coordinates":[[[-100.5965,20.7173],[-100.5813,20.6929],[-100.5836,20.6784],[-100.574,20.6721],[-100.5619,20.6714],[-100.5511,20.6338],[-100.5295,20.6387],[-100.5271,20.6298],[-100.5215,20.6249],[-100.4962,20.6162],[-100.4822,20.5764],[-100.485,20.5538],[-100.5048,20.555],[-100.519,20.527],[-100.5368,20.525],[-100.5478,20.5341],[-100.5574,20.531],[-100.5587,20.5191],[-100.5629,20.5206],[-100.5625,20.513],[-100.5758,20.5127],[-100.5799,20.5048],[-100.6034,20.5066],[-100.5983,20.4932],[-100.6122,20.4921],[-100.6241,20.4858],[-100.6246,20.4888],[-100.6397,20.4949],[-100.6458,20.5007],[-100.6528,20.5019],[-100.6478,20.4957],[-100.6474,20.4883],[-100.6367,20.4746],[-100.6588,20.4776],[-100.6619,20.4759],[-100.6603,20.4682],[-100.6633,20.465],[-100.6693,20.4648],[-100.6663,20.4651],[-100.6662,20.477],[-100.6694,20.4803],[-100.6799,20.4808],[-100.6765,20.4767],[-100.6891,20.4757],[-100.6927,20.4685],[-100.6939,20.479],[-100.7192,20.4865],[-100.7259,20.4854],[-100.7297,20.477],[-100.7391,20.4794],[-100.7381,20.4834],[-100.749,20.4853],[-100.7414,20.4982],[-100.7645,20.5081],[-100.7649,20.5147],[-100.7589,20.5351],[-100.7532,20.541],[-100.751,20.5496],[-100.7422,20.5517],[-100.743,20.5549],[-100.7416,20.5527],[-100.7299,20.5692],[-100.7127,20.5678],[-100.7111,20.5833],[-100.6983,20.6212],[-100.6761,20.6181],[-100.6754,20.6214],[-100.6665,20.6231],[-100.6674,20.63],[-100.6627,20.6291],[-100.6596,20.646],[-100.6679,20.6468],[-100.6723,20.6641],[-100.6536,20.6593],[-100.643,20.6529],[-100.6353,20.6621],[-100.6344,20.6789],[-100.6266,20.6794],[-100.6317,20.6891],[-100.6258,20.6952],[-100.6208,20.6936],[-100.6162,20.6994],[-100.6186,20.7161],[-100.5965,20.7173]]]}},{"type":"Feature","properties":{"cve_ent":"11","cve_mun":"006","cvegeo":"11006","nombre":"Atarjea"},"geometry":{"type":"Polygon","coordinates":[[[-99.7791,21.3949],[-99.7798,21.387],[-99.7762,21.3833],[-99.7755,21.375],[-99.7945,21.3574],[-99.7921,21.3439],[-99.7776,21.3432],[-99.7849,21.3279],[-99.7878,21.3296],[-99.7799,21.313],[-99.7657,21.3034],[-99.7579,21.2921],[-99.7524,21.2918],[-99.7342,21.3014],[-99.7373,21.3129],[-99.7076,21.3145],[-99.6713,21.3012],[-99.678,21.2888],[-99.6991,21.2667],[-99.6987,21.2408],[-99.6879,21.2258],[-99.7385,21.2358],[-99.7581,21.2164],[-99.7758,21.2073],[-99.777,21.1959],[-99.808,21.1763],[-99.8151,21.167],[-99.8304,21.1575],[-99.8716,21.1697],[-99.8883,21.1696],[-99.8886,21.1738],[-99.9042,21.1853],[-99.8952,21.2044],[-99.8847,21.2484],[-99.8747,21.2696],[-99.8695,21.3065],[-99.8593,21.3403],[-99.8297,21.3774],[-99.8308,21.3837],[-99.8128,21.3832],[-99.7941,21.3958],[-99.7791,21.3949]]]}},{"type":"Feature","properties":{"cve_ent":"11","cve_mun":"007","cvegeo":"11007","nombre":"Celaya"},"geometry":{"type":"Polygon","coordinates":[[[-100.6349,20.6668],[-100.6353,20.6621],[-100.643,20.6529],[-100.6536,20.6593],[-100.6723,20.6641],[-100.6679,20.6468],[-100.6596,20.646],[-100.6627,20.6291],[-100.6674,20.63],[-100.6665,20.6231],[-100.6754,20.6214],[-100.6761,20.6181],[-100.6983,20.6212],[-100.7111,20.5833],[-100.7127,20.5678],[-100.7299,20.5692],[-100.7416,20.5527],[-100.743,20.5549],[-100.7422,20.5517],[-100.751,20.5496],[-100.7642,20.5181],[-100.7645,20.5081],[-100.7414,20.4982],[-100.749,20.4853],[-100.7381,20.4834],[-100.7391,20.4794],[-100.7297,20.477],[-100.7259,20.4854],[-100.7192,20.4865],[-100.6938,20.479],[-100.6918,20.4408],[-100.6959,20.4389],[-100.694,20.4249],[-100.6907,20.424],[-100.6987,20.416],[-100.697,20.4078],[-100.7011,20.4065],[-100.7,20.4013],[-100.7089,20.4026],[-100.7103,20.4092],[-100.7165,20.4114],[-100.7199,20.4057],[-100.7278,20.4052],[-100.7267,20.4014],[-100.7303,20.3994],[-100.7259,20.3968],[-100.725,20.3916],[-100.7399,20.3795],[-100.7374,20.3739],[-100.7812,20.3752],[-100.7848,20.3561],[-100.7949,20.3618],[-100.7964,20.3588],[-100.8444,20.3918],[-100.8267,20.4315],[-100.852,20.4391],[-100.8466,20.4843],[-100.8664,20.4915],[-100.8758,20.4915],[-100.8915,20.4998],[-100.8935,20.4953],[-100.902,20.4961],[-100.9038,20.503],[-100.9075,20.5022],[-100.9094,20.5205],[-100.8987,20.5198],[-100.8985,20.5268],[-100.887,20.5265],[-100.8865,20.5375],[-100.9087,20.53],[-100.9115,20.5712],[-100.9034,20.57],[-100.9027,20.5764],[-100.8892,20.5753],[-100.888,20.5866],[-100.8739,20.5854],[-100.885,20.6288],[-100.8705,20.6286],[-100.8697,20.6361],[-100.8668,20.6368],[-100.8687,20.6499],[-100.8622,20.656],[-100.8642,20.6615],[-100.8514,20.6667],[-100.8234,20.6644],[-100.8129,20.6734],[-100.8125,20.6864],[-100.8099,20.6853],[-100.8093,20.6883],[-100.7934,20.6815],[-100.7902,20.6769],[-100.7788,20.677],[-100.778,20.6713],[-100.7689,20.6709],[-100.7748,20.6617],[-100.767,20.6501],[-100.7667,20.643],[-100.7621,20.6498],[-100.7582,20.6483],[-100.7423,20.6541],[-100.7381,20.6579],[-100.7411,20.6622],[-100.7223,20.6798],[-100.6951,20.6825],[-100.6808,20.6881],[-100.6769,20.6837],[-100.6668,20.6886],[-100.6525,20.6712],[-100.646,20.667],[-100.6349,20.6668]]]}},{"type":"Feature","properties":{"cve_ent":"11","cve_mun":"008","cvegeo":"11008","nombre":"Manuel Doblado"},"geometry":{"type":"Polygon","coordinates":[[[-101.7348,20.7949],[-101.7406,20.7931],[-101.7475,20.7824],[-101.7326,20.779],[-101.7288,20.7861],[-101.7238,20.7846],[-101.7187,20.7884],[-101.6941,20.784],[-101.6878,20.7892],[-101.6826,20.7893],[-101.6781,20.7709],[-101.6885,20.7687],[-101.6888,20.7524],[-101.6944,20.749],[-101.6966,20.743],[-101.6938,20.7386],[-101.7015,20.7277],[-101.6907,20.7099],[-101.6907,20.696],[-101.6936,20.7005],[-101.7089,20.7036],[-101.7198,20.702],[-101.7289,20.6917],[-101.736,20.6953],[-101.7424,20.6891],[-101.7339,20.6874],[-101.7318,20.6833],[-101.7427,20.6642],[-101.7436,20.6757],[-101.7535,20.6646],[-101.75,20.658],[-101.7589,20.6552],[-101.7572,20.6487],[-101.7604,20.6405],[-101.7769,20.6372],[-101.7628,20.633],[-101.7622,20.6294],[-101.7674,20.628],[-101.7673,20.624],[-101.7946,20.6172],[-101.7952,20.6137],[-101.8072,20.6072],[-101.8034,20.5954],[-101.8085,20.5953],[-101.8074,20.5846],[-101.8129,20.5837],[-101.8123,20.5787],[-101.8255,20.5772],[-101.8246,20.5745],[-101.8345,20.5705],[-101.8444,20.5736],[-101.8485,20.5717],[-101.8493,20.5742],[-101.8514,20.5561],[-101.858,20.54],[-101.8682,20.542],[-101.8671,20.5461],[-101.8731,20.5479],[-101.8819,20.545],[-101.8901,20.547],[-101.895,20.5631],[-101.9308,20.5456],[-101.9289,20.5677],[-101.969,20.5624],[-101.9699,20.5688],[-101.9628,20.5702],[-101.967,20.5793],[-101.9593,20.5868],[-101.958,20.5983],[-101.9511,20.6074],[-101.9587,20.6088],[-101.9571,20.6326],[-101.9641,20.6389],[-101.9712,20.6376],[-101.9679,20.6446],[-101.9702,20.658],[-101.9679,20.6634],[-101.9738,20.6643],[-101.9737,20.6607],[-101.9814,20.6575],[-101.9819,20.6633],[-101.9904,20.6609],[-101.9971,20.6647],[-102.0047,20.6603],[-102.0138,20.6644],[-102.0141,20.6712],[-102.0191,20.6762],[-102.0123,20.7107],[-102.0144,20.7171],[-102.0281,20.7198],[-102.0377,20.7174],[-102.0404,20.7232],[-102.0342,20.7355],[-102.0345,20.7421],[-102.0421,20.7405],[-102.0435,20.7374],[-102.0614,20.7371],[-102.0645,20.7387],[-102.061,20.7485],[-102.0736,20.7488],[-102.0723,20.7594],[-102.0656,20.7668],[-102.0697,20.7879],[-102.0619,20.788],[-102.0535,20.8155],[-102.0495,20.8147],[-102.0453,20.8183],[-102.0478,20.8195],[-102.0379,20.8229],[-102.0338,20.8229],[-102.0326,20.8198],[-102.0169,20.8242],[-101.9972,20.8242],[-101.999,20.8331],[-101.996,20.8352],[-101.9384,20.829],[-101.9412,20.8206],[-101.9349,20.8101],[-101.8611,20.8463],[-101.8619,20.8362],[-101.8564,20.8269],[-101.8525,20.8319],[-101.8551,20.8362],[-101.8527,20.8405],[-101.8481,20.8376],[-101.8468,20.8397],[-101.8457,20.8361],[-101.808,20.8363],[-101.8045,20.8341],[-101.8098,20.8242],[-101.7708,20.7996],[-101.7453,20.7939],[-101.7348,20.7949]]]}},{"type":"Feature","properties":{"cve_ent":"11","cve_mun":"009","cvegeo":"11009","nombre":"Comonfort"},"geometry":{"type":"Polygon","coordinates":[[[-100.6186,20.7161],[-100.6162,20.6994],[-100.6208,20.6936],[-100.6258,20.6952],[-100.6317,20.6891],[-100.6266,20.6794],[-100.6344,20.6789],[-100.6349,20.6668],[-100.646,20.667],[-100.6525,20.6712],[-100.6668,20.6886],[-100.6769,20.6837],[-100.6808,20.6881],[-100.6951,20.6825],[-100.7223,20.6798],[-100.7411,20.6622],[-100.7381,20.6579],[-100.7423,20.6541],[-100.7582,20.6483],[-100.7621,20.6498],[-100.7667,20.643],[-100.767,20.6501],[-100.7748,20.6617],[-100.7689,20.6709],[-100.778,20.6713],[-100.7788,20.677],[-100.7902,20.6769],[-100.7934,20.6815],[-100.8093,20.6883],[-100.8099,20.6853],[-100.8125,20.6864],[-100.8129,20.6734],[-100.8234,20.6644],[-100.8514,20.6667],[-100.8606,20.6612],[-100.8518,20.6816],[-100.8844,20.6982],[-100.9121,20.6907],[-100.9185,20.6968],[-100.9275,20.6955],[-100.9263,20.701],[-100.9289,20.7028],[-100.9331,20.7009],[-100.9319,20.6983],[-100.934,20.698],[-100.9329,20.702],[-100.9409,20.7005],[-100.9402,20.699],[-100.9412,20.697],[-100.9443,20.6966],[-100.9462,20.7008],[-100.9568,20.6976],[-100.9651,20.7347],[-100.9668,20.7321],[-100.9735,20.7326],[-100.9744,20.7399],[-100.98,20.7307],[-100.982,20.7487],[-100.9768,20.7508],[-100.975,20.7472],[-100.9719,20.7479],[-100.9734,20.7582],[-100.9696,20.7678],[-100.9716,20.7772],[-100.9671,20.78],[-100.9738,20.7939],[-100.9889,20.7887],[-100.9928,20.7995],[-100.9902,20.7979],[-100.9905,20.806],[-100.988,20.8069],[-100.9911,20.808],[-100.9862,20.8077],[-100.9886,20.8114],[-100.9747,20.8143],[-100.9591,20.8011],[-100.9512,20.799],[-100.9325,20.7996],[-100.9138,20.8081],[-100.9109,20.8005],[-100.9002,20.804],[-100.8897,20.7935],[-100.8695,20.7993],[-100.8476,20.7969],[-100.8241,20.8059],[-100.8156,20.8033],[-100.8127,20.7967],[-100.8096,20.7982],[-100.8132,20.8054],[-100.8072,20.8087],[-100.8033,20.8075],[-100.8041,20.7992],[-100.801,20.7927],[-100.8003,20.7946],[-100.7941,20.7855],[-100.7871,20.7821],[-100.7767,20.7876],[-100.7727,20.7945],[-100.7414,20.8079],[-100.7283,20.8198],[-100.7276,20.826],[-100.7241,20.8286],[-100.7196,20.8311],[-100.7121,20.8299],[-100.6956,20.8195],[-100.6788,20.8027],[-100.6745,20.794],[-100.661,20.7967],[-100.652,20.7929],[-100.6477,20.795],[-100.6318,20.7923],[-100.6339,20.7698],[-100.6155,20.763],[-100.6257,20.7471],[-100.6316,20.7496],[-100.6353,20.7477],[-100.6283,20.7429],[-100.6219,20.7438],[-100.6181,20.726],[-100.6227,20.722],[-100.6186,20.7161]]]}},{"type":"Feature","properties":{"cve_ent":"11","cve_mun":"010","cvegeo":"11010","nombre":"Coroneo"},"geometry":{"type":"Polygon","coordinates":[[[-100.3695,20.3025],[-100.3459,20.2844],[-100.3474,20.2805],[-100.3441,20.2729],[-100.3391,20.2718],[-100.3342,20.2654],[-100.3311,20.2668],[-100.3258,20.261],[-100.3273,20.2577],[-100.3236,20.2519],[-100.3328,20.2426],[-100.3415,20.2391],[-100.3435,20.229],[-100.3552,20.219],[-100.3523,20.2005],[-100.346,20.201],[-100.3403,20.1897],[-100.3558,20.1824],[-100.3539,20.1795],[-100.3611,20.1726],[-100.3589,20.1672],[-100.3699,20.1467],[-100.3709,20.1362],[-100.3831,20.1294],[-100.3812,20.1422],[-100.3845,20.1402],[-100.3888,20.1433],[-100.3927,20.1408],[-100.3936,20.1328],[-100.4012,20.1265],[-100.4214,20.1401],[-100.4235,20.1496],[-100.4037,20.1503],[-100.4016,20.161],[-100.395,20.1613],[-100.3966,20.1749],[-100.4033,20.1806],[-100.4135,20.1712],[-100.418,20.1755],[-100.4197,20.173],[-100.4371,20.1758],[-100.4458,20.1739],[-100.4494,20.1755],[-100.4458,20.1786],[-100.4462,20.1876],[-100.4295,20.19],[-100.4312,20.2035],[-100.429,20.2062],[-100.4327,20.2049],[-100.4348,20.2175],[-100.43,20.218],[-100.4305,20.2224],[-100.4193,20.2296],[-100.4152,20.2373],[-100.4092,20.2562],[-100.4093,20.2716],[-100.404,20.273],[-100.4082,20.2774],[-100.3955,20.2864],[-100.3799,20.2879],[-100.3746,20.2819],[-100.3617,20.2858],[-100.3736,20.296],[-100.3794,20.2949],[-100.3892,20.2995],[-100.3909,20.3014],[-100.3864,20.3068],[-100.3792,20.3019],[-100.3695,20.3025]]]}},{"type":"Feature","properties":{"cve_ent":"11","cve_mun":"011","cvegeo":"11011","nombre":"Cortazar"},"geometry":{"type":"Polygon","coordinates":[[[-100.8236,20.3752],[-100.8276,20.3528],[-100.8654,20.3541],[-100.8802,20.355],[-100.8822,20.3812],[-100.8988,20.3786],[-100.9104,20.3413],[-100.9689,20.3388],[-100.9842,20.3284],[-100.9875,20.3316],[-100.9774,20.3353],[-100.9799,20.3488],[-100.987,20.3484],[-100.9872,20.3525],[-100.9988,20.3657],[-101.0048,20.3644],[-101.0106,20.3582],[-101.0166,20.3697],[-101.0212,20.3691],[-101.0121,20.3871],[-101.0112,20.4069],[-101.019,20.4074],[-101.0199,20.3997],[-101.0283,20.4081],[-101.0335,20.4349],[-101.043,20.4413],[-101.0439,20.4575],[-101.0461,20.4576],[-101.0442,20.4625],[-101.0474,20.4627],[-101.0441,20.4649],[-101.0389,20.5098],[-101.0332,20.5077],[-101.0177,20.5096],[-101.0137,20.5063],[-100.9961,20.5079],[-100.9931,20.5046],[-100.9799,20.5041],[-100.9751,20.5006],[-100.9746,20.5053],[-100.9692,20.5028],[-100.9682,20.5102],[-100.9599,20.5122],[-100.909,20.5156],[-100.9075,20.5022],[-100.9038,20.503],[-100.902,20.4961],[-100.8935,20.4953],[-100.8915,20.4998],[-100.8758,20.4915],[-100.8664,20.4915],[-100.8466,20.4843],[-100.852,20.4391],[-100.8267,20.4315],[-100.8444,20.3918],[-100.8236,20.3752]]]}},{"type":"Feature","properties":{"cve_ent":"11","cve_mun":"012","cvegeo":"11012","nombre":"Cuerámaro"},"geometry":{"type":"Polygon","coordinates":[[[-101.6907,20.696],[-101.677,20.6912],[-101.6557,20.6915],[-101.6465,20.6874],[-101.6372,20.6946],[-101.6366,20.687],[-101.6231,20.6781],[-101.6239,20.6724],[-101.6203,20.6708],[-101.6184,20.6643],[-101.6216,20.6608],[-101.6176,20.6564],[-101.6126,20.6577],[-101.6103,20.6552],[-101.6088,20.6587],[-101.5992,20.6544],[-101.5905,20.6424],[-101.5802,20.6389],[-101.5804,20.6328],[-101.5865,20.6303],[-101.5874,20.6351],[-101.5904,20.6299],[-101.5893,20.6252],[-101.5778,20.6195],[-101.5835,20.5907],[-101.5791,20.5831],[-101.5877,20.5782],[-101.5921,20.5794],[-101.5952,20.5698],[-101.5937,20.5626],[-101.5864,20.5583],[-101.59,20.5565],[-101.5904,20.5502],[-101.5889,20.5465],[-101.5848,20.5461],[-101.5865,20.5345],[-101.6049,20.527],[-101.6352,20.5284],[-101.6342,20.5477],[-101.6522,20.5529],[-101.6637,20.5477],[-101.6696,20.5366],[-101.7223,20.5382],[-101.7239,20.5539],[-101.7422,20.5555],[-101.7439,20.5638],[-101.7112,20.5643],[-101.7114,20.5684],[-101.7169,20.572],[-101.7094,20.5771],[-101.7078,20.5844],[-101.7125,20.5891],[-101.7152,20.604],[-101.7179,20.6031],[-101.718,20.6082],[-101.7361,20.6013],[-101.7414,20.6018],[-101.7417,20.6053],[-101.7562,20.6054],[-101.7664,20.6192],[-101.7707,20.6173],[-101.7762,20.6227],[-101.7673,20.624],[-101.7674,20.628],[-101.7622,20.6294],[-101.7622,20.6324],[-101.7769,20.6372],[-101.7604,20.6405],[-101.7572,20.6487],[-101.7589,20.6552],[-101.75,20.658],[-101.7535,20.6646],[-101.7436,20.6757],[-101.7439,20.6639],[-101.7427,20.6642],[-101.7318,20.6833],[-101.7339,20.6874],[-101.7424,20.6891],[-101.736,20.6953],[-101.7289,20.6917],[-101.7198,20.702],[-101.7089,20.7036],[-101.6936,20.7005],[-101.6907,20.696]]]}},{"type":"Feature","properties":{"cve_ent":"11","cve_mun":"013","cvegeo":"11013","nombre":"Doctor Mora"},"geometry":{"type":"Polygon","coordinates":[[[-100.2401,21.1205],[-100.2437,21.1138],[-100.2409,21.1121],[-100.2537,21.0873],[-100.2922,21.0979],[-100.303,21.0752],[-100.3279,21.0813],[-100.3255,21.0925],[-100.3457,21.0929],[-100.3504,21.0853],[-100.3599,21.0897],[-100.3592,21.0944],[-100.4559,21.1055],[-100.4857,21.1788],[-100.4435,21.1921],[-100.4445,21.1832],[-100.4325,21.1754],[-100.4227,21.1788],[-100.4292,21.1853],[-100.4198,21.185],[-100.4081,21.1773],[-100.4053,21.1696],[-100.3916,21.1913],[-100.3603,21.1911],[-100.3566,21.1949],[-100.3572,21.204],[-100.3539,21.2088],[-100.3435,21.2166],[-100.3434,21.2119],[-100.3386,21.2095],[-100.3397,21.2184],[-100.337,21.2195],[-100.3328,21.2102],[-100.3147,21.2053],[-100.314,21.2007],[-100.308,21.1983],[-100.3077,21.19],[-100.2971,21.1902],[-100.3035,21.1842],[-100.2911,21.1683],[-100.2772,21.1636],[-100.2699,21.152],[-100.2557,21.1418],[-100.2566,21.136],[-100.2435,21.1268],[-100.2401,21.1205]]]}},{"type":"Feature","properties":{"cve_ent":"11","cve_mun":"014","cvegeo":"11014","nombre":"Dolores Hidalgo Cuna de la Independencia Nacional"},"geometry":{"type":"Polygon","coordinates":[[[-100.7214,21.2979],[-100.7165,21.2924],[-100.7189,21.2896],[-100.7139,21.2819],[-100.7166,21.2789],[-100.6558,21.2335],[-100.6625,21.2196],[-100.6659,21.2204],[-100.6632,21.2059],[-100.6729,21.2046],[-100.6716,21.1993],[-100.6931,21.196],[-100.6947,21.1926],[-100.6879,21.1856],[-100.6822,21.1627],[-100.6704,21.1605],[-100.668,21.1502],[-100.674,21.1481],[-100.6729,21.1305],[-100.6617,21.1381],[-100.6486,21.1255],[-100.6475,21.128],[-100.6423,21.1267],[-100.6438,21.1204],[-100.6361,21.117],[-100.6366,21.1086],[-100.7002,21.106],[-100.765,21.0908],[-100.7876,21.0923],[-100.7917,21.0797],[-100.8154,21.0589],[-100.832,21.0702],[-100.8532,21.0677],[-100.8463,21.0282],[-100.8387,21.0191],[-100.8547,21.0186],[-100.8681,21.0114],[-100.8891,21.0254],[-100.8833,21.0102],[-100.8989,21.01],[-100.8984,21.0033],[-100.9101,21.0059],[-100.9104,20.9921],[-100.8978,20.982],[-100.9001,20.9778],[-100.9039,20.979],[-100.9016,20.9752],[-100.9237,20.9925],[-100.9224,20.9623],[-100.9349,20.9594],[-100.9413,20.9445],[-100.9613,20.9519],[-100.9623,20.9434],[-100.9668,20.9467],[-100.968,20.9429],[-100.9699,20.9421],[-100.9696,20.9455],[-100.9722,20.9423],[-100.9711,20.9356],[-100.9649,20.9351],[-100.9715,20.9323],[-100.9696,20.9276],[-100.9825,20.928],[-100.9848,20.9176],[-100.9937,20.9214],[-101.0146,20.8986],[-101.0408,20.8785],[-101.0718,20.8684],[-101.0867,20.86],[-101.0855,20.8649],[-101.0922,20.8694],[-101.0879,20.8734],[-101.0973,20.8992],[-101.0911,20.906],[-101.0995,20.9079],[-101.1003,20.9105],[-101.0961,20.9098],[-101.1071,20.9287],[-101.1046,20.9315],[-101.1226,20.9322],[-101.1225,20.9391],[-101.109,20.9417],[-101.1129,20.9535],[-101.0739,20.9629],[-101.0572,20.9793],[-101.0672,20.9852],[-101.0689,20.9874],[-101.0662,20.9884],[-101.0776,20.99],[-101.0798,20.994],[-101.0845,20.9947],[-101.0846,20.9983],[-101.0817,20.9979],[-101.0828,21.0048],[-101.1078,21.0135],[-101.1207,21.0119],[-101.1268,21.0076],[-101.1356,21.0155],[-101.1318,21.0219],[-101.1396,21.0307],[-101.146,21.0455],[-101.1227,21.0536],[-101.1236,21.0616],[-101.1209,21.0628],[-101.1269,21.067],[-101.1279,21.072],[-101.1378,21.0782],[-101.1359,21.0812],[-101.13,21.081],[-101.1265,21.0866],[-101.1308,21.0889],[-101.124,21.0945],[-101.1259,21.1031],[-101.1182,21.1136],[-101.1213,21.1173],[-101.1197,21.1227],[-101.1179,21.126],[-101.1088,21.1288],[-101.1103,21.1327],[-101.1064,21.146],[-101.1089,21.1485],[-101.1138,21.1462],[-101.1213,21.1554],[-101.1306,21.1571],[-101.1392,21.1536],[-101.1405,21.1573],[-101.1473,21.1586],[-101.1406,21.174],[-101.1527,21.1738],[-101.1528,21.1882],[-101.1712,21.1868],[-101.1764,21.1997],[-101.1711,21.2004],[-101.1732,21.2114],[-101.2018,21.2054],[-101.2039,21.2076],[-101.1916,21.2304],[-101.152,21.2387],[-101.1057,21.2579],[-101.1054,21.274],[-101.1002,21.2866],[-101.1029,21.2937],[-101.1093,21.2936],[-101.1115,21.2981],[-101.098,21.3184],[-101.0819,21.3127],[-101.087,21.2805],[-101.0719,21.2779],[-101.0512,21.2886],[-101.0464,21.3268],[-101.0175,21.3209],[-101.0189,21.3285],[-101.0036,21.3331],[-101.0093,21.3431],[-100.9981,21.3501],[-100.9749,21.3184],[-100.9763,21.3148],[-100.9591,21.3058],[-100.9463,21.3053],[-100.9167,21.3173],[-100.9253,21.3308],[-100.9234,21.3412],[-100.9087,21.3399],[-100.9085,21.3423],[-100.9034,21.3418],[-100.8998,21.3241],[-100.8725,21.3244],[-100.873,21.3314],[-100.8587,21.3344],[-100.8571,21.3271],[-100.8516,21.3209],[-100.8386,21.3279],[-100.8296,21.3239],[-100.8301,21.3179],[-100.8244,21.315],[-100.8185,21.3174],[-100.8227,21.3214],[-100.8181,21.3258],[-100.813,21.3198],[-100.8066,21.3194],[-100.8038,21.3259],[-100.8004,21.3251],[-100.7968,21.322],[-100.7983,21.3165],[-100.7691,21.336],[-100.7593,21.332],[-100.768,21.3261],[-100.766,21.3196],[-100.7612,21.3215],[-100.7583,21.3185],[-100.7486,21.319],[-100.743,21.3157],[-100.7396,21.3118],[-100.7389,21.3016],[-100.7326,21.2942],[-100.7214,21.2979]]]}},{"type":"Feature","properties":{"cve_ent":"11","cve_mun":"015","cvegeo":"11015","nombre":"Guanajuato"},"geometry":{"type":"Polygon","coordinates":[[[-101.2144,21.228],[-101.2008,21.2047],[-101.1732,21.2114],[-101.1711,21.2004],[-101.1764,21.1997],[-101.1712,21.1868],[-101.1528,21.1882],[-101.1527,21.1738],[-101.1406,21.174],[-101.1473,21.1586],[-101.1405,21.1573],[-101.1392,21.1536],[-101.1306,21.1571],[-101.1213,21.1554],[-101.1138,21.1462],[-101.1089,21.1485],[-101.1064,21.146],[-101.1103,21.1327],[-101.1088,21.1288],[-101.1179,21.126],[-101.1197,21.1227],[-101.1213,21.1173],[-101.1182,21.1136],[-101.1259,21.1031],[-101.124,21.0945],[-101.1308,21.0889],[-101.1265,21.0866],[-101.13,21.081],[-101.1359,21.0812],[-101.1378,21.0782],[-101.1279,21.072],[-101.1269,21.067],[-101.1209,21.0628],[-101.1236,21.0616],[-101.1227,21.0536],[-101.146,21.0455],[-101.1396,21.0307],[-101.1318,21.0219],[-101.1356,21.0155],[-101.1268,21.0076],[-101.1207,21.0119],[-101.1078,21.0135],[-101.0828,21.0048],[-101.0817,20.9979],[-101.0846,20.9983],[-101.0845,20.9947],[-101.0798,20.994],[-101.0776,20.99],[-101.0662,20.9884],[-101.0689,20.9874],[-101.0672,20.9852],[-101.0572,20.9793],[-101.0739,20.9629],[-101.1129,20.9535],[-101.109,20.9417],[-101.1225,20.9391],[-101.1226,20.9322],[-101.1046,20.9315],[-101.1071,20.9287],[-101.0961,20.9098],[-101.1003,20.9105],[-101.0995,20.9079],[-101.0911,20.906],[-101.0973,20.8992],[-101.0879,20.8734],[-101.0922,20.8694],[-101.089,20.8651],[-101.1038,20.8669],[-101.1207,20.8645],[-101.1414,20.8478],[-101.2093,20.8331],[-101.2079,20.8305],[-101.2143,20.8248],[-101.2396,20.8278],[-101.2515,20.841],[-101.253,20.8284],[-101.2764,20.8365],[-101.2958,20.8372],[-101.2997,20.8369],[-101.3,20.8283],[-101.3025,20.8282],[-101.3181,20.831],[-101.3176,20.8349],[-101.3588,20.84],[-101.353,20.8447],[-101.3498,20.8612],[-101.3394,20.8701],[-101.3308,20.8714],[-101.3216,20.8845],[-101.3184,20.884],[-101.3178,20.895],[-101.3257,20.8961],[-101.3241,20.9025],[-101.3311,20.9045],[-101.3268,20.9107],[-101.3219,20.9107],[-101.3227,20.9164],[-101.328,20.9169],[-101.3256,20.9222],[-101.3432,20.9231],[-101.3434,20.9174],[-101.3467,20.9177],[-101.3509,20.9274],[-101.3427,20.9277],[-101.3402,20.9449],[-101.3513,20.9431],[-101.3507,20.945],[-101.3617,20.9494],[-101.3584,20.9543],[-101.3396,20.9525],[-101.3354,20.9908],[-101.3326,20.993],[-101.3483,21.0015],[-101.3471,21.0068],[-101.3612,21.0152],[-101.3547,21.0194],[-101.3486,21.0329],[-101.3679,21.0454],[-101.374,21.0541],[-101.402,21.0716],[-101.4048,21.0861],[-101.3999,21.0875],[-101.4048,21.0953],[-101.4014,21.0987],[-101.4056,21.1007],[-101.4036,21.102],[-101.407,21.1038],[-101.4157,21.0966],[-101.4227,21.0981],[-101.4245,21.0944],[-101.4363,21.099],[-101.4294,21.1245],[-101.4362,21.1319],[-101.4357,21.1352],[-101.4322,21.1395],[-101.4246,21.1361],[-101.4214,21.1301],[-101.4116,21.1362],[-101.4006,21.1286],[-101.3979,21.1319],[-101.3948,21.1289],[-101.3931,21.1325],[-101.3888,21.1324],[-101.3878,21.1384],[-101.3822,21.1362],[-101.3766,21.1395],[-101.377,21.1425],[-101.3734,21.1404],[-101.3724,21.1438],[-101.3629,21.1403],[-101.3589,21.1459],[-101.3441,21.1498],[-101.3331,21.1458],[-101.3322,21.1503],[-101.3229,21.1573],[-101.3296,21.1581],[-101.3191,21.1591],[-101.3191,21.1812],[-101.3035,21.1813],[-101.3139,21.1906],[-101.3034,21.1882],[-101.2974,21.1905],[-101.2986,21.1988],[-101.2957,21.2028],[-101.2229,21.2086],[-101.2144,21.228]]]}},{"type":"Feature","properties":{"cve_ent":"11","cve_mun":"016","cvegeo":"11016","nombre":"Huanímaro"},"geometry":{"type":"Polygon","coordinates":[[[-101.4121,20.3857],[-101.4189,20.3758],[-101.4267,20.3806],[-101.429,20.3789],[-101.4341,20.3591],[-101.4372,20.3551],[-101.4428,20.3564],[-101.4411,20.3404],[-101.4462,20.3318],[-101.4547,20.3328],[-101.4601,20.3235],[-101.4649,20.329],[-101.4792,20.3306],[-101.4932,20.314],[-101.5002,20.3117],[-101.5045,20.319],[-101.5014,20.3209],[-101.5029,20.3249],[-101.5142,20.3179],[-101.524,20.3211],[-101.5229,20.3323],[-101.5294,20.3326],[-101.5378,20.3244],[-101.542,20.3295],[-101.5533,20.3325],[-101.564,20.3201],[-101.5624,20.3255],[-101.5668,20.3291],[-101.5699,20.3634],[-101.5749,20.3633],[-101.5768,20.368],[-101.5775,20.3826],[-101.5742,20.3927],[-101.5597,20.3941],[-101.5561,20.4017],[-101.5266,20.3962],[-101.5239,20.4023],[-101.5128,20.3978],[-101.5133,20.4015],[-101.5085,20.4065],[-101.4915,20.4052],[-101.4863,20.4149],[-101.4824,20.4104],[-101.4665,20.4111],[-101.4578,20.418],[-101.4408,20.4109],[-101.4422,20.4084],[-101.4121,20.3857]]]}},{"type":"Feature","properties":{"cve_ent":"11","cve_mun":"017","cvegeo":"11017","nombre":"Irapuato"},"geometry":{"type":"Polygon","coordinates":[[[-101.1417,20.8478],[-101.1469,20.8347],[-101.1463,20.8278],[-101.1545,20.8186],[-101.171,20.7834],[-101.1863,20.7761],[-101.1868,20.7539],[-101.1976,20.7538],[-101.2025,20.7559],[-101.1988,20.7586],[-101.2021,20.7586],[-101.2109,20.7572],[-101.2171,20.7495],[-101.223,20.7518],[-101.2222,20.7413],[-101.2335,20.7256],[-101.2397,20.722],[-101.2497,20.723],[-101.2523,20.7186],[-101.2514,20.708],[-101.2552,20.7099],[-101.2582,20.6992],[-101.26,20.7024],[-101.2669,20.6979],[-101.2659,20.6855],[-101.2745,20.6799],[-101.2775,20.669],[-101.2752,20.6642],[-101.2626,20.6612],[-101.2674,20.6385],[-101.2588,20.6362],[-101.2625,20.6252],[-101.2655,20.6268],[-101.268,20.6242],[-101.2688,20.6166],[-101.2689,20.6021],[-101.2634,20.5982],[-101.264,20.5955],[-101.2763,20.5977],[-101.2763,20.5894],[-101.3,20.5919],[-101.3053,20.5854],[-101.3111,20.5858],[-101.312,20.58],[-101.3228,20.5804],[-101.3429,20.5726],[-101.3454,20.5807],[-101.3489,20.5817],[-101.3464,20.5926],[-101.3554,20.5944],[-101.3596,20.5823],[-101.3734,20.5822],[-101.3763,20.5699],[-101.3838,20.5712],[-101.4001,20.5615],[-101.4066,20.5608],[-101.4187,20.5493],[-101.4173,20.5453],[-101.4016,20.5438],[-101.4005,20.5158],[-101.4444,20.5011],[-101.4473,20.5071],[-101.472,20.5025],[-101.4936,20.5088],[-101.501,20.5197],[-101.5044,20.5319],[-101.5076,20.5616],[-101.4978,20.5614],[-101.4936,20.5659],[-101.4845,20.5649],[-101.4723,20.5727],[-101.4734,20.5935],[-101.478,20.5905],[-101.4974,20.5961],[-101.4957,20.6399],[-101.4872,20.6444],[-101.4841,20.6398],[-101.48,20.6396],[-101.4751,20.6515],[-101.49,20.6488],[-101.5003,20.6598],[-101.4989,20.6662],[-101.503,20.6801],[-101.5111,20.6798],[-101.5269,20.7058],[-101.5401,20.7028],[-101.5382,20.7093],[-101.5283,20.7178],[-101.5415,20.7316],[-101.532,20.7474],[-101.5082,20.7597],[-101.5055,20.7705],[-101.4955,20.7795],[-101.4526,20.7945],[-101.4555,20.8],[-101.4233,20.8026],[-101.4106,20.8007],[-101.4086,20.8438],[-101.3711,20.8409],[-101.3707,20.8465],[-101.3664,20.8462],[-101.3629,20.8403],[-101.3176,20.8349],[-101.3181,20.831],[-101.3025,20.8282],[-101.3,20.8283],[-101.2997,20.8369],[-101.2958,20.8372],[-101.2764,20.8365],[-101.253,20.8284],[-101.2515,20.841],[-101.2396,20.8278],[-101.2187,20.8245],[-101.2079,20.8305],[-101.2093,20.8331],[-101.1417,20.8478]]]}},{"type":"Feature","properties":{"cve_ent":"11","cve_mun":"018","cvegeo":"11018","nombre":"Jaral del Progreso"},"geometry":{"type":"Polygon","coordinates":[[[-101.044,20.4516],[-101.043,20.4413],[-101.0335,20.4349],[-101.0283,20.4081],[-101.0199,20.3997],[-101.019,20.4074],[-101.0112,20.4069],[-101.0121,20.3871],[-101.0212,20.3691],[-101.0166,20.3697],[-101.0106,20.3582],[-101.0048,20.3644],[-100.9988,20.3657],[-100.9872,20.3525],[-100.987,20.3484],[-100.9799,20.3488],[-100.9774,20.3353],[-100.9875,20.3316],[-100.9788,20.3177],[-100.9816,20.3134],[-100.9876,20.314],[-100.9894,20.308],[-100.9996,20.3068],[-101.0056,20.2855],[-101.0214,20.2875],[-101.0214,20.2836],[-101.0272,20.2843],[-101.0418,20.2775],[-101.0444,20.2791],[-101.049,20.275],[-101.0547,20.2771],[-101.0557,20.2809],[-101.0701,20.2855],[-101.0794,20.3069],[-101.0967,20.3091],[-101.0985,20.3168],[-101.1095,20.3172],[-101.1061,20.3461],[-101.1135,20.3955],[-101.1117,20.4012],[-101.0863,20.4091],[-101.0873,20.4153],[-101.1003,20.4169],[-101.094,20.425],[-101.1014,20.4353],[-101.0931,20.4355],[-101.094,20.4407],[-101.0912,20.439],[-101.0846,20.4449],[-101.079,20.4369],[-101.074,20.4369],[-101.0703,20.4542],[-101.0543,20.4486],[-101.0515,20.4519],[-101.044,20.4516]]]}},{"type":"Feature","properties":{"cve_ent":"11","cve_mun":"019","cvegeo":"11019","nombre":"Jerécuaro"},"geometry":{"type":"Polygon","coordinates":[[[-100.4033,20.3608],[-100.394,20.3502],[-100.3908,20.3364],[-100.392,20.3143],[-100.3864,20.3068],[-100.3909,20.3014],[-100.3794,20.2949],[-100.3736,20.296],[-100.3617,20.2858],[-100.3746,20.2819],[-100.3799,20.2879],[-100.3955,20.2864],[-100.4082,20.2774],[-100.404,20.273],[-100.4093,20.2716],[-100.4092,20.2562],[-100.4152,20.2373],[-100.4193,20.2296],[-100.4305,20.2224],[-100.43,20.218],[-100.4348,20.2175],[-100.4327,20.2049],[-100.429,20.2062],[-100.4312,20.2035],[-100.4295,20.19],[-100.4462,20.1876],[-100.4458,20.1786],[-100.4494,20.1755],[-100.4197,20.173],[-100.418,20.1755],[-100.4135,20.1712],[-100.4033,20.1806],[-100.3966,20.1749],[-100.395,20.1613],[-100.4016,20.161],[-100.4037,20.1503],[-100.4234,20.1501],[-100.4218,20.1407],[-100.4012,20.1265],[-100.3936,20.1328],[-100.3921,20.1414],[-100.3812,20.1422],[-100.3831,20.1294],[-100.3809,20.1301],[-100.3915,20.121],[-100.3853,20.1045],[-100.3973,20.097],[-100.3898,20.0808],[-100.3583,20.0649],[-100.362,20.0534],[-100.3544,20.0278],[-100.355,20.0101],[-100.3593,20.0097],[-100.3605,20.024],[-100.3647,20.0197],[-100.3704,20.0213],[-100.3629,19.9899],[-100.3868,19.9889],[-100.405,19.9838],[-100.4098,19.9875],[-100.4485,19.9828],[-100.4479,19.9864],[-100.4543,19.9912],[-100.4573,20.0],[-100.4534,20.0031],[-100.4562,20.0076],[-100.465,20.0098],[-100.4676,20.0066],[-100.4716,20.012],[-100.4776,20.0076],[-100.4942,20.0204],[-100.4923,20.0266],[-100.5008,20.0283],[-100.4977,20.0346],[-100.5031,20.0478],[-100.5006,20.0503],[-100.4969,20.0487],[-100.4972,20.0561],[-100.4925,20.0512],[-100.4891,20.0549],[-100.4818,20.0521],[-100.4904,20.0586],[-100.493,20.0657],[-100.5054,20.0661],[-100.5014,20.0697],[-100.4954,20.0697],[-100.4962,20.073],[-100.492,20.0757],[-100.5005,20.0769],[-100.5018,20.0827],[-100.5031,20.0773],[-100.5096,20.0796],[-100.5082,20.076],[-100.5124,20.0708],[-100.5228,20.0754],[-100.5212,20.084],[-100.516,20.0854],[-100.5159,20.0874],[-100.5195,20.0862],[-100.5231,20.0892],[-100.5279,20.084],[-100.5294,20.0885],[-100.5341,20.0863],[-100.5336,20.0894],[-100.5373,20.0907],[-100.5321,20.1015],[-100.5381,20.1029],[-100.5431,20.0986],[-100.5425,20.0949],[-100.546,20.0941],[-100.543,20.0914],[-100.5471,20.0887],[-100.5432,20.0813],[-100.5506,20.0797],[-100.5544,20.0823],[-100.5545,20.0781],[-100.562,20.0811],[-100.5655,20.0787],[-100.5684,20.0875],[-100.5718,20.0846],[-100.5701,20.0726],[-100.5763,20.0691],[-100.5747,20.0815],[-100.577,20.0803],[-100.585,20.0605],[-100.5931,20.06],[-100.5969,20.0651],[-100.5961,20.0784],[-100.5916,20.0769],[-100.5876,20.0812],[-100.5837,20.0799],[-100.5795,20.0902],[-100.5868,20.0917],[-100.5997,20.1232],[-100.6011,20.1435],[-100.6055,20.1478],[-100.6026,20.1525],[-100.6065,20.1547],[-100.6148,20.1473],[-100.6208,20.1517],[-100.6205,20.149],[-100.6238,20.1487],[-100.6283,20.1526],[-100.6513,20.1544],[-100.6535,20.1794],[-100.6405,20.1846],[-100.6346,20.1973],[-100.6296,20.1986],[-100.6415,20.2141],[-100.678,20.2299],[-100.6779,20.2574],[-100.6698,20.2778],[-100.6832,20.2837],[-100.6757,20.294],[-100.6813,20.2944],[-100.6814,20.3016],[-100.6776,20.307],[-100.687,20.3214],[-100.6663,20.338],[-100.6706,20.3428],[-100.6635,20.3475],[-100.661,20.3423],[-100.6536,20.3481],[-100.6431,20.3481],[-100.5931,20.3257],[-100.586,20.3105],[-100.5486,20.3281],[-100.5418,20.3346],[-100.5086,20.3324],[-100.4807,20.3548],[-100.4785,20.3725],[-100.4688,20.384],[-100.4695,20.3869],[-100.4435,20.387],[-100.4136,20.3776],[-100.4097,20.3757],[-100.4033,20.3608]]]}},{"type":"Feature","properties":{"cve_ent":"11","cve_mun":"020","cvegeo":"11020","nombre":"León"},"geometry":{"type":"Polygon","coordinates":[[[-101.3876,21.1474],[-101.3888,21.1324],[-101.3931,21.1325],[-101.3948,21.1289],[-101.3979,21.1319],[-101.4006,21.1286],[-101.4116,21.1362],[-101.4214,21.1301],[-101.4275,21.1379],[-101.4324,21.1395],[-101.4348,21.1373],[-101.44,21.1407],[-101.4425,21.1388],[-101.4444,21.1468],[-101.4516,21.1486],[-101.4525,21.1514],[-101.4725,21.1522],[-101.4832,21.1076],[-101.4885,21.0444],[-101.4839,21.0441],[-101.4858,21.0264],[-101.4973,21.0273],[-101.4994,21.0105],[-101.5361,21.0188],[-101.5352,21.0164],[-101.5455,21.014],[-101.5466,21.0242],[-101.5741,21.0279],[-101.5762,21.0216],[-101.5697,21.0196],[-101.5779,21.0118],[-101.5678,21.0105],[-101.5681,21.0056],[-101.5705,21.0011],[-101.5777,21.002],[-101.5818,20.9769],[-101.5621,20.979],[-101.5634,20.9636],[-101.5686,20.9617],[-101.5639,20.9579],[-101.5641,20.9504],[-101.5606,20.95],[-101.5597,20.9574],[-101.5517,20.958],[-101.5528,20.9517],[-101.5488,20.9488],[-101.5492,20.9451],[-101.5406,20.9442],[-101.5613,20.9443],[-101.5675,20.9052],[-101.5862,20.9083],[-101.5803,20.9219],[-101.5895,20.9242],[-101.5887,20.9385],[-101.5937,20.9377],[-101.5951,20.9254],[-101.6414,20.9291],[-101.6466,20.8915],[-101.6641,20.8984],[-101.6701,20.8908],[-101.6652,20.8821],[-101.6694,20.8825],[-101.6691,20.8862],[-101.6758,20.8847],[-101.6894,20.8646],[-101.696,20.875],[-101.6885,20.893],[-101.697,20.894],[-101.7002,20.9052],[-101.7161,20.9101],[-101.7177,20.9071],[-101.7224,20.909],[-101.7177,20.9156],[-101.7128,20.9545],[-101.6714,20.951],[-101.6684,20.9942],[-101.7018,20.9977],[-101.6999,20.9922],[-101.7099,20.9918],[-101.7108,20.983],[-101.7384,20.9818],[-101.7304,21.0053],[-101.7838,21.0163],[-101.7796,21.0266],[-101.7826,21.0324],[-101.7799,21.0425],[-101.7901,21.053],[-101.8003,21.0504],[-101.8013,21.0556],[-101.8032,21.052],[-101.8089,21.052],[-101.8077,21.0682],[-101.8005,21.0809],[-101.8084,21.0859],[-101.8118,21.0959],[-101.8092,21.1099],[-101.8177,21.107],[-101.8203,21.1187],[-101.8268,21.1221],[-101.8308,21.1194],[-101.8334,21.1373],[-101.8224,21.1359],[-101.8118,21.1412],[-101.8101,21.1485],[-101.8157,21.1495],[-101.8048,21.1585],[-101.804,21.1663],[-101.7873,21.1564],[-101.7811,21.1605],[-101.7837,21.1712],[-101.7807,21.1914],[-101.7744,21.1966],[-101.7712,21.2347],[-101.7659,21.2422],[-101.7546,21.2439],[-101.7682,21.2577],[-101.7594,21.2606],[-101.7597,21.2676],[-101.7496,21.272],[-101.7385,21.2692],[-101.7358,21.2773],[-101.7094,21.2807],[-101.7072,21.2765],[-101.702,21.2755],[-101.6977,21.2838],[-101.6867,21.2941],[-101.6718,21.2871],[-101.6609,21.2872],[-101.6558,21.2948],[-101.6425,21.3009],[-101.6409,21.3147],[-101.6462,21.3263],[-101.644,21.3302],[-101.6368,21.3258],[-101.6162,21.3244],[-101.6155,21.3183],[-101.611,21.3142],[-101.5869,21.3105],[-101.586,21.2972],[-101.5768,21.2877],[-101.5626,21.283],[-101.5577,21.2759],[-101.5478,21.2716],[-101.5373,21.2725],[-101.5374,21.2571],[-101.5282,21.2554],[-101.5277,21.2454],[-101.5233,21.2455],[-101.5221,21.2318],[-101.5183,21.2291],[-101.5113,21.2267],[-101.5016,21.2331],[-101.503,21.24],[-101.5001,21.2437],[-101.5056,21.2446],[-101.498,21.2552],[-101.4882,21.251],[-101.4682,21.259],[-101.4548,21.2517],[-101.4434,21.2542],[-101.4404,21.2521],[-101.4332,21.2439],[-101.427,21.2278],[-101.4125,21.2271],[-101.4097,21.2168],[-101.3912,21.2129],[-101.3835,21.1909],[-101.386,21.1888],[-101.3726,21.1797],[-101.3883,21.1537],[-101.384,21.1503],[-101.3876,21.1474]]]}},{"type":"Feature","properties":{"cve_ent":"11","cve_mun":"021","cvegeo":"11021","nombre":"Moroleón"},"geometry":{"type":"Polygon","coordinates":[[[-101.2025,20.1502],[-101.1915,20.1385],[-101.1847,20.1393],[-101.178,20.1216],[-101.1816,20.1236],[-101.1853,20.1058],[-101.1897,20.1028],[-101.2007,20.1059],[-101.1997,20.0914],[-101.1954,20.0914],[-101.1925,20.0791],[-101.1962,20.0723],[-101.205,20.0706],[-101.2032,20.0462],[-101.2102,20.0474],[-101.2118,20.0377],[-101.1932,20.0345],[-101.1921,20.0477],[-101.1982,20.0574],[-101.1814,20.0534],[-101.1666,20.0425],[-101.1671,20.0454],[-101.1639,20.0459],[-101.1604,20.0402],[-101.1823,20.0269],[-101.2015,20.0257],[-101.2031,20.0072],[-101.2207,20.0114],[-101.2304,20.0273],[-101.2383,20.0321],[-101.2508,20.0233],[-101.253,20.0355],[-101.281,20.0275],[-101.2917,20.0361],[-101.2912,20.0474],[-101.3039,20.0423],[-101.3051,20.0518],[-101.3197,20.0496],[-101.3251,20.0707],[-101.3219,20.0784],[-101.3243,20.0841],[-101.3117,20.0871],[-101.3106,20.0929],[-101.3143,20.0926],[-101.3156,20.0975],[-101.3109,20.1001],[-101.3065,20.0983],[-101.3018,20.1031],[-101.3023,20.1076],[-101.2881,20.114],[-101.2905,20.12],[-101.2886,20.1242],[-101.2821,20.1222],[-101.2716,20.1269],[-101.2671,20.1389],[-101.2684,20.1462],[-101.2624,20.146],[-101.2664,20.1501],[-101.2658,20.1553],[-101.2589,20.1559],[-101.2522,20.1619],[-101.2434,20.1586],[-101.2418,20.1511],[-101.2375,20.1542],[-101.2399,20.1596],[-101.2372,20.1601],[-101.2264,20.1482],[-101.2083,20.1431],[-101.2025,20.1502]]]}},{"type":"Feature","properties":{"cve_ent":"11","cve_mun":"022","cvegeo":"11022","nombre":"Ocampo"},"geometry":{"type":"Polygon","coordinates":[[[-101.4538,21.827],[-101.4227,21.825],[-101.4244,21.7732],[-101.4291,21.7734],[-101.4294,21.7672],[-101.4225,21.7688],[-101.4227,21.7646],[-101.4261,21.7648],[-101.4265,21.7549],[-101.4168,21.7535],[-101.417,21.7478],[-101.4202,21.7443],[-101.4321,21.7443],[-101.4323,21.7358],[-101.4434,21.7359],[-101.44,21.6669],[-101.3382,21.6778],[-101.3576,21.5962],[-101.3634,21.5963],[-101.3694,21.5719],[-101.3621,21.5707],[-101.3635,21.5614],[-101.3579,21.5603],[-101.3538,21.5656],[-101.3485,21.5596],[-101.3202,21.5552],[-101.3227,21.5518],[-101.3119,21.549],[-101.3067,21.5436],[-101.3076,21.5376],[-101.2997,21.5363],[-101.2951,21.541],[-101.2853,21.5237],[-101.3166,21.5072],[-101.3202,21.4813],[-101.325,21.488],[-101.3391,21.4637],[-101.3331,21.4478],[-101.3287,21.4097],[-101.3711,21.3975],[-101.3801,21.4067],[-101.3904,21.4054],[-101.4042,21.4208],[-101.4073,21.4097],[-101.4337,21.4184],[-101.4445,21.4103],[-101.4541,21.3966],[-101.4628,21.3966],[-101.4686,21.3899],[-101.4694,21.3923],[-101.4788,21.3882],[-101.4774,21.385],[-101.4804,21.3839],[-101.4822,21.3867],[-101.5014,21.3782],[-101.5096,21.382],[-101.5146,21.3915],[-101.5084,21.3947],[-101.5182,21.398],[-101.5309,21.3939],[-101.5297,21.4081],[-101.5226,21.4199],[-101.5266,21.4319],[-101.5516,21.4262],[-101.5539,21.423],[-101.5621,21.4256],[-101.569,21.4188],[-101.5733,21.4197],[-101.5822,21.4333],[-101.5819,21.4478],[-101.5879,21.4424],[-101.59,21.4456],[-101.5901,21.4502],[-101.5867,21.4526],[-101.59,21.4568],[-101.589,21.4649],[-101.6324,21.5191],[-101.6403,21.5136],[-101.6413,21.5266],[-101.62,21.5411],[-101.6236,21.5454],[-101.6191,21.5461],[-101.6217,21.5519],[-101.6065,21.5639],[-101.6066,21.5749],[-101.6122,21.5753],[-101.6123,21.5829],[-101.6079,21.584],[-101.5958,21.6003],[-101.5953,21.61],[-101.586,21.6078],[-101.584,21.6212],[-101.5802,21.6255],[-101.5844,21.6311],[-101.5957,21.6331],[-101.5961,21.6371],[-101.589,21.652],[-101.5833,21.6567],[-101.5845,21.6622],[-101.5814,21.667],[-101.5848,21.6702],[-101.5691,21.6923],[-101.584,21.7096],[-101.5781,21.7119],[-101.5709,21.7043],[-101.5577,21.7351],[-101.5663,21.7334],[-101.5797,21.7364],[-101.5823,21.7727],[-101.5848,21.7716],[-101.5857,21.7788],[-101.5388,21.7773],[-101.4739,21.8274],[-101.466,21.8271],[-101.4641,21.8202],[-101.4551,21.83],[-101.4538,21.827]]]}},{"type":"Feature","properties":{"cve_ent":"11","cve_mun":"023","cvegeo":"11023","nombre":"Pénjamo"},"geometry":{"type":"Polygon","coordinates":[[[-101.6049,20.527],[-101.6087,20.5164],[-101.6077,20.5075],[-101.6008,20.5023],[-101.6046,20.4828],[-101.6028,20.4754],[-101.6038,20.4715],[-101.6117,20.4721],[-101.6147,20.4689],[-101.6103,20.4674],[-101.6109,20.4549],[-101.6069,20.4511],[-101.6104,20.4495],[-101.6098,20.4463],[-101.6047,20.4374],[-101.6015,20.4379],[-101.5997,20.4329],[-101.595,20.4317],[-101.5954,20.4249],[-101.6027,20.4215],[-101.5977,20.4174],[-101.6038,20.4137],[-101.6001,20.4032],[-101.6108,20.3952],[-101.6229,20.3732],[-101.6285,20.3733],[-101.6334,20.3694],[-101.638,20.3728],[-101.6382,20.3683],[-101.6424,20.3684],[-101.6414,20.3601],[-101.6447,20.3558],[-101.6418,20.3536],[-101.6461,20.3507],[-101.6402,20.3496],[-101.6412,20.3468],[-101.6363,20.3425],[-101.6357,20.3396],[-101.6392,20.3379],[-101.6362,20.3341],[-101.6286,20.3338],[-101.6275,20.3395],[-101.6201,20.3383],[-101.6275,20.333],[-101.6213,20.326],[-101.6292,20.3222],[-101.6271,20.3166],[-101.6317,20.3157],[-101.6336,20.3092],[-101.6279,20.3079],[-101.6284,20.2959],[-101.6349,20.289],[-101.624,20.2761],[-101.6255,20.267],[-101.632,20.2648],[-101.6344,20.2712],[-101.6388,20.2658],[-101.6425,20.2676],[-101.6436,20.2619],[-101.6509,20.2535],[-101.644,20.2472],[-101.6463,20.2387],[-101.6524,20.2396],[-101.6546,20.2435],[-101.6633,20.2376],[-101.6693,20.2194],[-101.6656,20.2159],[-101.6685,20.2131],[-101.6731,20.2126],[-101.6781,20.2189],[-101.6869,20.2172],[-101.6927,20.2073],[-101.6904,20.1968],[-101.6979,20.1897],[-101.7039,20.1904],[-101.706,20.2006],[-101.7106,20.2053],[-101.7259,20.2056],[-101.7312,20.2148],[-101.7322,20.2111],[-101.7428,20.2068],[-101.7435,20.2039],[-101.7572,20.2047],[-101.7594,20.2017],[-101.7768,20.2115],[-101.7823,20.2108],[-101.7866,20.2193],[-101.7993,20.2109],[-101.8038,20.2143],[-101.8091,20.2044],[-101.8249,20.2018],[-101.8196,20.2087],[-101.8284,20.2149],[-101.8289,20.2216],[-101.8339,20.2248],[-101.8561,20.2119],[-101.8716,20.211],[-101.872,20.2044],[-101.8814,20.2],[-101.8783,20.1914],[-101.8809,20.1881],[-101.8889,20.1889],[-101.8858,20.194],[-101.8872,20.1984],[-101.8942,20.204],[-101.9047,20.203],[-101.91,20.1938],[-101.9179,20.1951],[-101.9181,20.203],[-101.9157,20.2067],[-101.9093,20.2034],[-101.9073,20.2141],[-101.9178,20.2193],[-101.9313,20.2085],[-101.9284,20.2177],[-101.9325,20.2263],[-101.9399,20.2271],[-101.9362,20.2373],[-101.9384,20.2407],[-101.9325,20.2448],[-101.9344,20.2493],[-101.9463,20.2573],[-101.9439,20.2683],[-101.9511,20.2709],[-101.9369,20.2815],[-101.9377,20.2851],[-101.9453,20.284],[-101.9471,20.2864],[-101.9345,20.2977],[-101.9436,20.3008],[-101.9495,20.2984],[-101.9599,20.3051],[-101.9557,20.3088],[-101.9563,20.3129],[-101.95,20.3115],[-101.949,20.3151],[-101.9595,20.3198],[-101.9635,20.3186],[-101.9473,20.331],[-101.9447,20.3421],[-101.9623,20.3447],[-101.969,20.3603],[-101.9762,20.358],[-101.9964,20.3596],[-102.0,20.3581],[-101.9994,20.3547],[-102.0137,20.3506],[-102.0049,20.3331],[-102.0073,20.3267],[-102.0138,20.3279],[-102.0173,20.3418],[-102.0233,20.3439],[-102.0252,20.348],[-102.0218,20.363],[-102.0101,20.3819],[-102.0136,20.3939],[-102.0182,20.3935],[-102.0227,20.3809],[-102.065,20.3749],[-102.0868,20.3848],[-102.0964,20.3843],[-102.0969,20.3892],[-102.0909,20.389],[-102.0873,20.394],[-102.0845,20.405],[-102.0805,20.404],[-102.0774,20.4093],[-102.0709,20.409],[-102.0713,20.4145],[-102.0761,20.4153],[-102.0757,20.4192],[-102.0793,20.4209],[-102.074,20.4251],[-102.0766,20.4282],[-102.0618,20.4448],[-102.0576,20.4454],[-102.0563,20.452],[-102.044,20.4566],[-102.0453,20.4641],[-102.0427,20.4683],[-102.0451,20.4718],[-102.0421,20.4745],[-102.046,20.4826],[-102.038,20.4921],[-102.0282,20.4965],[-102.0286,20.5014],[-102.0207,20.5082],[-102.0188,20.5178],[-102.0101,20.5261],[-102.0087,20.5332],[-102.0135,20.5401],[-102.0126,20.5445],[-102.0031,20.5472],[-101.9956,20.5405],[-101.994,20.5443],[-101.9918,20.542],[-101.9879,20.5453],[-101.9884,20.5396],[-101.984,20.535],[-101.9789,20.5428],[-101.9739,20.5418],[-101.975,20.5498],[-101.969,20.5624],[-101.9289,20.5677],[-101.9308,20.5456],[-101.895,20.5631],[-101.8901,20.547],[-101.8819,20.545],[-101.8731,20.5479],[-101.8671,20.5461],[-101.8682,20.542],[-101.858,20.54],[-101.8514,20.5561],[-101.8493,20.5742],[-101.8485,20.5717],[-101.8444,20.5736],[-101.8345,20.5705],[-101.8246,20.5745],[-101.8255,20.5772],[-101.8123,20.5787],[-101.8129,20.5837],[-101.8074,20.5846],[-101.8085,20.5953],[-101.8034,20.5954],[-101.8072,20.6072],[-101.7906,20.6186],[-101.7762,20.6227],[-101.7707,20.6173],[-101.7664,20.6192],[-101.7562,20.6054],[-101.7417,20.6053],[-101.7414,20.6018],[-101.7326,20.602],[-101.718,20.6082],[-101.7125,20.5891],[-101.7078,20.5844],[-101.7094,20.5771],[-101.7169,20.572],[-101.7114,20.5684],[-101.7112,20.5643],[-101.7439,20.5638],[-101.7422,20.5555],[-101.7239,20.5539],[-101.7223,20.5382],[-101.6696,20.5366],[-101.6637,20.5477],[-101.6522,20.5529],[-101.6342,20.5477],[-101.6352,20.5284],[-101.6049,20.527]]]}},{"type":"Feature","properties":{"cve_ent":"11","cve_mun":"024","cvegeo":"11024","nombre":"Pueblo Nuevo"},"geometry":{"type":"Polygon","coordinates":[[[-101.3228,20.5804],[-101.3029,20.58],[-101.3001,20.5612],[-101.3051,20.5614],[-101.3062,20.5512],[-101.3131,20.5486],[-101.3137,20.5365],[-101.3215,20.5351],[-101.3235,20.5387],[-101.3404,20.5471],[-101.3409,20.5362],[-101.3514,20.5367],[-101.3679,20.5252],[-101.3701,20.5115],[-101.367,20.5042],[-101.3979,20.5034],[-101.4029,20.5327],[-101.4016,20.5438],[-101.4173,20.5453],[-101.4163,20.5526],[-101.3945,20.5667],[-101.3838,20.5712],[-101.3763,20.5699],[-101.3734,20.5822],[-101.3596,20.5823],[-101.3554,20.5944],[-101.3464,20.5926],[-101.3489,20.5817],[-101.3454,20.5807],[-101.3429,20.5726],[-101.3228,20.5804]]]}},{"type":"Feature","properties":{"cve_ent":"11","cve_mun":"025","cvegeo":"11025","nombre":"Purísima del Rincón"},"geometry":{"type":"Polygon","coordinates":[[[-101.7854,21.0489],[-101.821,21.0359],[-101.8189,21.0451],[-101.829,21.0461],[-101.8292,21.0528],[-101.8357,21.0556],[-101.8359,21.0478],[-101.8391,21.0445],[-101.8425,21.0455],[-101.8441,21.0399],[-101.8553,21.038],[-101.8649,21.0405],[-101.8695,21.0382],[-101.8695,21.02],[-101.8735,21.0205],[-101.8745,21.0098],[-101.8721,21.0031],[-101.8565,20.997],[-101.8593,20.985],[-101.863,20.9819],[-101.8604,20.9707],[-101.8641,20.9676],[-101.8867,20.904],[-101.8854,20.8733],[-101.903,20.8262],[-101.9349,20.8101],[-101.9412,20.8206],[-101.9384,20.829],[-101.996,20.8352],[-101.999,20.8331],[-101.9972,20.8242],[-102.0169,20.8242],[-102.0326,20.8198],[-102.0338,20.8229],[-102.0379,20.8229],[-102.0478,20.8195],[-102.0453,20.8183],[-102.0495,20.8147],[-102.0535,20.8155],[-102.0619,20.788],[-102.0697,20.7879],[-102.0674,20.7716],[-102.0736,20.7768],[-102.0761,20.7722],[-102.0789,20.7741],[-102.0811,20.7715],[-102.0825,20.7772],[-102.0959,20.7801],[-102.0871,20.8015],[-102.0799,20.8018],[-102.0813,20.8057],[-102.0762,20.8182],[-102.08,20.8287],[-102.0737,20.8379],[-102.0644,20.8382],[-102.0529,20.8476],[-102.0386,20.8474],[-102.0218,20.8622],[-102.015,20.8695],[-102.0126,20.8783],[-102.0161,20.8783],[-102.018,20.8833],[-102.0084,20.8854],[-102.0033,20.8977],[-101.994,20.9077],[-101.9811,20.9148],[-101.9799,20.925],[-101.9631,20.9225],[-101.9579,20.9352],[-101.9439,20.9321],[-101.9421,20.9281],[-101.9389,20.9306],[-101.9371,20.9558],[-101.9332,20.9575],[-101.9348,20.9605],[-101.9311,20.9632],[-101.9314,20.9671],[-101.9222,20.9719],[-101.9257,20.978],[-101.9247,20.9832],[-101.9208,20.984],[-101.9087,20.9986],[-101.9101,21.005],[-101.9054,21.0118],[-101.9066,21.0288],[-101.9023,21.0321],[-101.8966,21.0478],[-101.9013,21.053],[-101.8945,21.0512],[-101.8929,21.0558],[-101.8749,21.0701],[-101.8778,21.0854],[-101.8742,21.0936],[-101.8375,21.0968],[-101.8367,21.0998],[-101.828,21.1001],[-101.8271,21.103],[-101.8092,21.1099],[-101.8118,21.0959],[-101.8084,21.0859],[-101.8001,21.0784],[-101.8052,21.076],[-101.8089,21.052],[-101.8032,21.052],[-101.8013,21.0556],[-101.8008,21.0506],[-101.7901,21.053],[-101.7854,21.0489]]]}},{"type":"Feature","properties":{"cve_ent":"11","cve_mun":"026","cvegeo":"11026","nombre":"Romita"},"geometry":{"type":"Polygon","coordinates":[[[-101.5613,20.9443],[-101.5192,20.9392],[-101.5196,20.9178],[-101.4988,20.916],[-101.5,20.913],[-101.5077,20.9135],[-101.5002,20.9093],[-101.4977,20.891],[-101.4979,20.8669],[-101.5085,20.867],[-101.5077,20.8619],[-101.5016,20.8599],[-101.5044,20.8514],[-101.4599,20.8475],[-101.464,20.8218],[-101.4601,20.8059],[-101.4526,20.7945],[-101.4955,20.7795],[-101.5055,20.7705],[-101.5082,20.7597],[-101.5267,20.7489],[-101.5575,20.7599],[-101.5573,20.7428],[-101.567,20.7408],[-101.5705,20.7538],[-101.5893,20.7547],[-101.593,20.7618],[-101.587,20.7637],[-101.5945,20.7745],[-101.6022,20.7765],[-101.6338,20.762],[-101.6448,20.7476],[-101.6376,20.7226],[-101.6236,20.7212],[-101.626,20.7094],[-101.6356,20.7101],[-101.6372,20.6946],[-101.6465,20.6874],[-101.6557,20.6915],[-101.6672,20.6903],[-101.6895,20.6938],[-101.6907,20.7099],[-101.6951,20.7151],[-101.6933,20.7175],[-101.6993,20.7214],[-101.7015,20.7277],[-101.6938,20.7386],[-101.6966,20.743],[-101.6944,20.749],[-101.6888,20.7524],[-101.6885,20.7687],[-101.6781,20.7709],[-101.6826,20.7893],[-101.6878,20.7892],[-101.6941,20.784],[-101.7187,20.7884],[-101.7238,20.7846],[-101.7288,20.7861],[-101.7326,20.779],[-101.7425,20.7794],[-101.748,20.7842],[-101.7406,20.7931],[-101.7232,20.7956],[-101.7172,20.8028],[-101.7047,20.8042],[-101.7033,20.81],[-101.7087,20.8106],[-101.697,20.894],[-101.6885,20.893],[-101.696,20.875],[-101.6894,20.8646],[-101.6758,20.8847],[-101.6691,20.8862],[-101.6694,20.8825],[-101.6652,20.8821],[-101.6701,20.8908],[-101.6641,20.8984],[-101.6466,20.8915],[-101.6414,20.9291],[-101.5951,20.9254],[-101.5937,20.9377],[-101.5887,20.9385],[-101.5895,20.9242],[-101.5803,20.9219],[-101.5862,20.9083],[-101.5675,20.9052],[-101.5613,20.9443]]]}},{"type":"Feature","properties":{"cve_ent":"11","cve_mun":"027","cvegeo":"11027","nombre":"Salamanca"},"geometry":{"type":"Polygon","coordinates":[[[-101.1038,20.8669],[-101.0855,20.8649],[-101.0867,20.86],[-101.0807,20.8581],[-101.0721,20.8431],[-101.0727,20.8223],[-101.0672,20.8153],[-101.0679,20.805],[-101.0726,20.801],[-101.0806,20.8016],[-101.0808,20.7964],[-101.0852,20.7971],[-101.092,20.7896],[-101.0938,20.7864],[-101.0866,20.7876],[-101.098,20.7715],[-101.0969,20.7617],[-101.1087,20.7628],[-101.1097,20.755],[-101.1205,20.7576],[-101.1182,20.7483],[-101.1113,20.7422],[-101.1027,20.7426],[-101.1003,20.7348],[-101.1056,20.7318],[-101.0999,20.7298],[-101.1006,20.7221],[-101.1127,20.7117],[-101.1029,20.7077],[-101.0901,20.709],[-101.0925,20.7032],[-101.0902,20.6996],[-101.0741,20.7014],[-101.0645,20.6889],[-101.0643,20.6761],[-101.0381,20.6749],[-101.0331,20.6679],[-101.0793,20.6715],[-101.0751,20.6614],[-101.0539,20.6635],[-101.0524,20.6598],[-101.07,20.6545],[-101.0647,20.6404],[-101.0808,20.6392],[-101.0802,20.6341],[-101.0859,20.6328],[-101.0833,20.621],[-101.0705,20.6196],[-101.0664,20.5994],[-101.0711,20.5983],[-101.0676,20.5916],[-101.0703,20.5887],[-101.0679,20.5886],[-101.0628,20.5632],[-101.0916,20.5657],[-101.104,20.5772],[-101.109,20.5765],[-101.1119,20.5625],[-101.0836,20.5612],[-101.0776,20.5513],[-101.0783,20.5414],[-101.0838,20.542],[-101.0857,20.5222],[-101.0728,20.5236],[-101.071,20.5144],[-101.0588,20.5073],[-101.0389,20.5098],[-101.0441,20.4649],[-101.0474,20.4627],[-101.0442,20.4625],[-101.0462,20.4596],[-101.044,20.4516],[-101.0515,20.4519],[-101.0543,20.4486],[-101.0703,20.4542],[-101.074,20.4369],[-101.079,20.4369],[-101.0846,20.4449],[-101.0912,20.439],[-101.1017,20.4481],[-101.1013,20.4618],[-101.1143,20.4681],[-101.1134,20.4732],[-101.1187,20.4754],[-101.1281,20.4899],[-101.1389,20.4836],[-101.1392,20.4742],[-101.1469,20.4798],[-101.1533,20.4779],[-101.1566,20.4849],[-101.1669,20.4842],[-101.182,20.478],[-101.1826,20.468],[-101.2016,20.4711],[-101.211,20.4695],[-101.213,20.4643],[-101.2256,20.4554],[-101.2317,20.4606],[-101.2343,20.4507],[-101.2397,20.4519],[-101.236,20.4615],[-101.2452,20.461],[-101.2463,20.4788],[-101.2522,20.4804],[-101.2522,20.4756],[-101.2558,20.4767],[-101.2597,20.4949],[-101.2731,20.4968],[-101.2783,20.5024],[-101.2952,20.4965],[-101.2938,20.5084],[-101.2899,20.5086],[-101.292,20.5152],[-101.2856,20.5193],[-101.2815,20.5313],[-101.2986,20.5346],[-101.3105,20.5266],[-101.3086,20.5383],[-101.3134,20.5394],[-101.3131,20.5486],[-101.3062,20.5512],[-101.3051,20.5614],[-101.3001,20.5612],[-101.3029,20.58],[-101.312,20.58],[-101.3111,20.5858],[-101.3053,20.5854],[-101.3,20.5919],[-101.2763,20.5894],[-101.2763,20.5977],[-101.264,20.5955],[-101.2634,20.5982],[-101.2689,20.6021],[-101.2688,20.6166],[-101.268,20.6242],[-101.2655,20.6268],[-101.2625,20.6252],[-101.2588,20.6362],[-101.2674,20.6385],[-101.2626,20.6612],[-101.2752,20.6642],[-101.2775,20.669],[-101.2745,20.6799],[-101.2659,20.6855],[-101.268,20.6894],[-101.2651,20.6926],[-101.2652,20.7012],[-101.26,20.7024],[-101.2587,20.699],[-101.2552,20.7099],[-101.2514,20.708],[-101.2507,20.7219],[-101.2397,20.722],[-101.2335,20.7256],[-101.2222,20.7413],[-101.223,20.7518],[-101.2171,20.7495],[-101.2109,20.7572],[-101.2021,20.7586],[-101.1988,20.7586],[-101.2025,20.7559],[-101.1976,20.7538],[-101.1868,20.7539],[-101.1863,20.7761],[-101.171,20.7834],[-101.1545,20.8186],[-101.1463,20.8278],[-101.1469,20.8347],[-101.1417,20.8478],[-101.1207,20.8645],[-101.1038,20.8669]]]}},{"type":"Feature","properties":{"cve_ent":"11","cve_mun":"028","cvegeo":"11028","nombre":"Salvatierra"},"geometry":{"type":"Polygon","coordinates":[[[-100.8276,20.3528],[-100.8282,20.3462],[-100.8191,20.3453],[-100.8296,20.3305],[-100.8186,20.3297],[-100.8182,20.3247],[-100.802,20.3237],[-100.8076,20.3175],[-100.8079,20.3197],[-100.8221,20.3211],[-100.8264,20.3125],[-100.8246,20.2986],[-100.8322,20.2955],[-100.8307,20.29],[-100.8431,20.2794],[-100.8378,20.2788],[-100.8365,20.2592],[-100.8213,20.2601],[-100.8211,20.2517],[-100.8131,20.2521],[-100.8126,20.2465],[-100.8098,20.2464],[-100.8291,20.2414],[-100.8152,20.2397],[-100.816,20.2358],[-100.8064,20.2289],[-100.8059,20.2331],[-100.7971,20.2362],[-100.7947,20.2314],[-100.7896,20.2321],[-100.788,20.2087],[-100.7736,20.2088],[-100.774,20.1944],[-100.7822,20.1953],[-100.7817,20.1731],[-100.8221,20.1561],[-100.8265,20.1494],[-100.8205,20.1476],[-100.8203,20.1412],[-100.8277,20.14],[-100.8289,20.1466],[-100.8371,20.1413],[-100.8345,20.134],[-100.8436,20.1289],[-100.8604,20.1274],[-100.8674,20.1038],[-100.8775,20.1162],[-100.8739,20.1229],[-100.8659,20.1244],[-100.8676,20.1282],[-100.8816,20.1285],[-100.8883,20.1231],[-100.8967,20.1094],[-100.8914,20.1008],[-100.8956,20.0904],[-100.8872,20.0843],[-100.8745,20.0851],[-100.8768,20.0815],[-100.8917,20.0758],[-100.894,20.0647],[-100.8898,20.0583],[-100.9034,20.0673],[-100.9057,20.0631],[-100.9004,20.0575],[-100.9071,20.0574],[-100.9047,20.0536],[-100.9082,20.0512],[-100.9185,20.0555],[-100.9201,20.0528],[-100.9222,20.039],[-100.9278,20.0371],[-100.9244,20.0285],[-100.9414,20.0286],[-100.942,20.0241],[-100.9459,20.024],[-100.9444,20.0181],[-100.9501,20.0175],[-100.9507,20.0065],[-100.9703,20.0052],[-100.9676,20.0113],[-100.9782,20.0167],[-100.9808,20.0234],[-100.9885,20.0272],[-101.0081,20.0281],[-101.0044,20.0303],[-101.0036,20.038],[-101.0127,20.0378],[-101.0142,20.0403],[-101.014,20.0457],[-100.9927,20.0645],[-101.0118,20.0815],[-101.0065,20.0854],[-101.0073,20.0998],[-100.9984,20.1039],[-101.0005,20.1096],[-100.9939,20.1205],[-100.9788,20.1182],[-100.9788,20.1318],[-100.9619,20.1291],[-100.9586,20.1338],[-100.9505,20.134],[-100.9475,20.1335],[-100.9472,20.1258],[-100.9434,20.1262],[-100.9454,20.1534],[-100.9287,20.1506],[-100.9293,20.1575],[-100.9387,20.1628],[-100.9416,20.1871],[-100.9567,20.1972],[-100.9934,20.2054],[-100.9928,20.208],[-101.0213,20.2105],[-101.0201,20.2001],[-101.0518,20.2163],[-101.0405,20.2413],[-101.0364,20.2417],[-101.0346,20.2506],[-101.0498,20.2528],[-101.043,20.2761],[-101.0394,20.2801],[-101.0214,20.2836],[-101.0214,20.2875],[-101.0056,20.2855],[-100.9996,20.3068],[-100.9894,20.308],[-100.9876,20.314],[-100.9816,20.3134],[-100.9788,20.3177],[-100.9842,20.3284],[-100.9697,20.3385],[-100.9104,20.3413],[-100.8988,20.3786],[-100.8822,20.3812],[-100.8802,20.355],[-100.8276,20.3528]]]}},{"type":"Feature","properties":{"cve_ent":"11","cve_mun":"029","cvegeo":"11029","nombre":"San Diego de la Unión"},"geometry":{"type":"Polygon","coordinates":[[[-100.7513,21.5806],[-100.7301,21.5355],[-100.7028,21.5461],[-100.6943,21.5348],[-100.7426,21.517],[-100.7417,21.5111],[-100.7009,21.5168],[-100.7039,21.4826],[-100.6995,21.4768],[-100.7049,21.4574],[-100.6898,21.4279],[-100.6959,21.4238],[-100.6832,21.407],[-100.678,21.3935],[-100.6412,21.4016],[-100.6266,21.393],[-100.6228,21.3951],[-100.623,21.3995],[-100.6125,21.3983],[-100.606,21.4022],[-100.6054,21.3965],[-100.5984,21.3914],[-100.6044,21.3719],[-100.5994,21.371],[-100.604,21.359],[-100.6104,21.3538],[-100.6023,21.3497],[-100.6079,21.3343],[-100.6325,21.3504],[-100.6342,21.3447],[-100.6432,21.3362],[-100.6864,21.3709],[-100.6939,21.3698],[-100.6975,21.3648],[-100.6947,21.3528],[-100.6833,21.3529],[-100.6956,21.351],[-100.6956,21.3421],[-100.6848,21.3399],[-100.6855,21.3374],[-100.6919,21.3385],[-100.6931,21.3356],[-100.6812,21.3308],[-100.6778,21.3237],[-100.6711,21.3225],[-100.6769,21.3217],[-100.6721,21.3119],[-100.7017,21.3091],[-100.7006,21.3063],[-100.7295,21.2943],[-100.7386,21.301],[-100.7396,21.3118],[-100.743,21.3157],[-100.7486,21.319],[-100.7583,21.3185],[-100.7612,21.3215],[-100.7664,21.32],[-100.768,21.3261],[-100.7593,21.332],[-100.7691,21.336],[-100.7983,21.3165],[-100.7968,21.322],[-100.8004,21.3251],[-100.8038,21.3259],[-100.8066,21.3194],[-100.813,21.3198],[-100.8181,21.3258],[-100.8227,21.3214],[-100.8185,21.3174],[-100.8244,21.315],[-100.8301,21.3179],[-100.8296,21.3239],[-100.8386,21.3279],[-100.8516,21.3209],[-100.8571,21.3271],[-100.8587,21.3344],[-100.873,21.3314],[-100.8725,21.3244],[-100.8998,21.3241],[-100.9034,21.3418],[-100.9234,21.3412],[-100.9253,21.3308],[-100.9167,21.3173],[-100.9463,21.3053],[-100.9598,21.306],[-100.9763,21.3148],[-100.9749,21.3184],[-100.9981,21.3501],[-101.0093,21.3431],[-101.0036,21.3331],[-101.0189,21.3285],[-101.0175,21.3209],[-101.0405,21.326],[-101.0406,21.3478],[-101.0378,21.355],[-101.0414,21.3656],[-101.0259,21.4022],[-101.0237,21.4215],[-101.0304,21.4417],[-101.0396,21.4455],[-101.0304,21.4748],[-101.0189,21.4807],[-101.0261,21.4888],[-101.0092,21.4937],[-101.0043,21.5396],[-100.9834,21.5374],[-100.9339,21.5619],[-100.9301,21.5987],[-100.8726,21.5943],[-100.8576,21.619],[-100.8166,21.6027],[-100.8095,21.592],[-100.7923,21.5948],[-100.7733,21.5881],[-100.7725,21.5955],[-100.7661,21.5921],[-100.762,21.5851],[-100.7513,21.5806]]]}},{"type":"Feature","properties":{"cve_ent":"11","cve_mun":"030","cvegeo":"11030","nombre":"San Felipe"},"geometry":{"type":"Polygon","coordinates":[[[-101.3653,21.8394],[-101.3195,21.8353],[-101.2897,21.8121],[-101.2815,21.8215],[-101.2623,21.8234],[-101.2172,21.8161],[-101.2198,21.8022],[-101.1613,21.7575],[-101.1361,21.7532],[-101.0592,21.7655],[-101.0052,21.7572],[-101.0061,21.7519],[-101.0023,21.7508],[-101.0,21.7564],[-100.982,21.7535],[-100.9711,21.7449],[-100.9656,21.7349],[-100.9435,21.7326],[-100.9381,21.7205],[-100.9126,21.7136],[-100.9213,21.7003],[-100.9084,21.6917],[-100.9072,21.6816],[-100.8701,21.6725],[-100.8651,21.6871],[-100.8522,21.6734],[-100.8343,21.6646],[-100.8726,21.5943],[-100.9301,21.5987],[-100.9339,21.5619],[-100.9834,21.5374],[-101.0043,21.5396],[-101.0092,21.4937],[-101.0261,21.4888],[-101.0189,21.4807],[-101.0304,21.4748],[-101.0396,21.4455],[-101.0304,21.4417],[-101.0237,21.4215],[-101.0259,21.4022],[-101.0414,21.3656],[-101.0378,21.355],[-101.0406,21.3478],[-101.0391,21.3308],[-101.0405,21.326],[-101.0478,21.3248],[-101.0512,21.2886],[-101.0719,21.2779],[-101.087,21.2805],[-101.0819,21.3127],[-101.098,21.3184],[-101.1115,21.2981],[-101.1093,21.2936],[-101.1029,21.2937],[-101.1002,21.2866],[-101.1054,21.274],[-101.1057,21.2579],[-101.152,21.2387],[-101.1912,21.2307],[-101.2039,21.2076],[-101.2144,21.228],[-101.2229,21.2086],[-101.2957,21.2028],[-101.2986,21.1988],[-101.2974,21.1905],[-101.3034,21.1882],[-101.3139,21.1906],[-101.3035,21.1813],[-101.3191,21.1812],[-101.3191,21.1591],[-101.3296,21.1581],[-101.3229,21.1573],[-101.3322,21.1503],[-101.3331,21.1458],[-101.3468,21.1494],[-101.3589,21.1459],[-101.3629,21.1403],[-101.3724,21.1438],[-101.3734,21.1404],[-101.377,21.1425],[-101.3783,21.1382],[-101.3857,21.1363],[-101.3876,21.1474],[-101.384,21.1503],[-101.3883,21.1537],[-101.3722,21.177],[-101.386,21.1888],[-101.3835,21.1909],[-101.3912,21.2129],[-101.4097,21.2168],[-101.4125,21.2271],[-101.427,21.2278],[-101.4332,21.2439],[-101.4431,21.254],[-101.4548,21.2517],[-101.468,21.259],[-101.4882,21.251],[-101.4984,21.2551],[-101.5056,21.2446],[-101.5001,21.2437],[-101.503,21.24],[-101.5016,21.2331],[-101.5113,21.2267],[-101.5203,21.2302],[-101.5233,21.2455],[-101.5277,21.2454],[-101.5282,21.2554],[-101.5374,21.2571],[-101.5373,21.2725],[-101.5478,21.2716],[-101.5577,21.2759],[-101.5626,21.283],[-101.5768,21.2877],[-101.586,21.2972],[-101.5869,21.3105],[-101.6126,21.3149],[-101.6162,21.3244],[-101.6368,21.3258],[-101.644,21.3302],[-101.6459,21.3283],[-101.6428,21.3551],[-101.6516,21.3653],[-101.6516,21.3696],[-101.6798,21.3903],[-101.6704,21.4023],[-101.6585,21.4068],[-101.6384,21.41],[-101.6309,21.4073],[-101.6188,21.4154],[-101.6066,21.415],[-101.5976,21.421],[-101.5855,21.4154],[-101.569,21.4188],[-101.5621,21.4256],[-101.5539,21.423],[-101.5516,21.4262],[-101.5266,21.4319],[-101.5226,21.4199],[-101.5297,21.4081],[-101.5309,21.3939],[-101.5182,21.398],[-101.5084,21.3947],[-101.5146,21.3915],[-101.5096,21.382],[-101.5014,21.3782],[-101.4822,21.3867],[-101.4804,21.3839],[-101.4774,21.385],[-101.4788,21.3882],[-101.4694,21.3923],[-101.4686,21.3899],[-101.4628,21.3966],[-101.4541,21.3966],[-101.4445,21.4103],[-101.4337,21.4184],[-101.4073,21.4097],[-101.4042,21.4208],[-101.3904,21.4054],[-101.3801,21.4067],[-101.3711,21.3975],[-101.3287,21.4097],[-101.3331,21.4478],[-101.3391,21.4637],[-101.325,21.488],[-101.3202,21.4813],[-101.3166,21.5072],[-101.2853,21.5243],[-101.2926,21.5328],[-101.2907,21.5372],[-101.2951,21.541],[-101.2997,21.5363],[-101.3076,21.5376],[-101.3067,21.5436],[-101.3119,21.549],[-101.3227,21.5518],[-101.3202,21.5552],[-101.3485,21.5596],[-101.3538,21.5656],[-101.3579,21.5603],[-101.3635,21.5614],[-101.3621,21.5707],[-101.3694,21.5719],[-101.3634,21.5963],[-101.3576,21.5962],[-101.3382,21.6778],[-101.4384,21.6666],[-101.4427,21.6905],[-101.4434,21.7359],[-101.4323,21.7358],[-101.4321,21.7443],[-101.4202,21.7443],[-101.417,21.7478],[-101.4168,21.7535],[-101.4265,21.7549],[-101.4261,21.7648],[-101.4227,21.7646],[-101.4225,21.7688],[-101.4294,21.7672],[-101.4291,21.7734],[-101.4244,21.7732],[-101.4228,21.8249],[-101.3855,21.836],[-101.3653,21.8394]]]}},{"type":"Feature","properties":{"cve_ent":"11","cve_mun":"031","cvegeo":"11031","nombre":"San Francisco del Rincón"},"geometry":{"type":"Polygon","coordinates":[[[-101.7854,21.0489],[-101.7799,21.0425],[-101.7826,21.0324],[-101.7796,21.0266],[-101.7838,21.0163],[-101.7303,21.0052],[-101.7384,20.9818],[-101.7108,20.983],[-101.7099,20.9918],[-101.6999,20.9922],[-101.7018,20.9977],[-101.6684,20.9942],[-101.6714,20.951],[-101.7129,20.954],[-101.7177,20.9156],[-101.7224,20.909],[-101.7177,20.9071],[-101.7161,20.9101],[-101.7002,20.9052],[-101.697,20.894],[-101.7087,20.8106],[-101.7033,20.81],[-101.7047,20.8042],[-101.7172,20.8028],[-101.7232,20.7956],[-101.7453,20.7939],[-101.7708,20.7996],[-101.8098,20.8242],[-101.8045,20.8341],[-101.808,20.8363],[-101.8457,20.8361],[-101.8468,20.8397],[-101.8481,20.8376],[-101.8527,20.8405],[-101.8551,20.8362],[-101.8525,20.8319],[-101.8564,20.8269],[-101.8619,20.8362],[-101.8611,20.8463],[-101.903,20.8262],[-101.8854,20.8733],[-101.8867,20.904],[-101.8641,20.9676],[-101.8604,20.9707],[-101.863,20.9819],[-101.8593,20.985],[-101.8565,20.997],[-101.8721,21.0031],[-101.8745,21.0098],[-101.8735,21.0205],[-101.8695,21.02],[-101.8695,21.0382],[-101.8649,21.0405],[-101.8553,21.038],[-101.8441,21.0399],[-101.8425,21.0455],[-101.8391,21.0445],[-101.8359,21.0478],[-101.8357,21.0556],[-101.8292,21.0528],[-101.829,21.0461],[-101.8189,21.0451],[-101.821,21.0359],[-101.7854,21.0489]]]}},{"type":"Feature","properties":{"cve_ent":"11","cve_mun":"032","cvegeo":"11032","nombre":"San José Iturbide"},"geometry":{"type":"Polygon","coordinates":[[[-100.2933,21.0923],[-100.2801,21.0887],[-100.281,21.0721],[-100.2671,21.0687],[-100.2646,21.0642],[-100.2662,21.0612],[-100.2694,21.0621],[-100.2673,21.0569],[-100.2617,21.0559],[-100.2549,21.0463],[-100.2595,21.038],[-100.2543,21.0336],[-100.2569,21.0249],[-100.2609,21.0234],[-100.2581,21.0221],[-100.2573,21.0109],[-100.2494,21.0118],[-100.2469,21.0088],[-100.2531,21.0045],[-100.2472,20.9972],[-100.2493,20.9832],[-100.2385,20.9788],[-100.2291,20.9797],[-100.2455,20.9633],[-100.2636,20.971],[-100.2678,20.9686],[-100.2721,20.963],[-100.2618,20.9534],[-100.2627,20.9335],[-100.2655,20.9292],[-100.2992,20.9313],[-100.3054,20.9238],[-100.2984,20.9153],[-100.3336,20.8907],[-100.3944,20.8922],[-100.4134,20.8874],[-100.454,20.9002],[-100.4532,20.9232],[-100.48,20.9302],[-100.4807,20.9373],[-100.4844,20.941],[-100.482,20.9443],[-100.4845,20.9541],[-100.4956,20.9568],[-100.4955,20.9641],[-100.5021,20.9768],[-100.5105,20.9701],[-100.529,20.9923],[-100.5296,20.9992],[-100.5222,21.0015],[-100.5188,20.9993],[-100.5135,21.0032],[-100.5235,21.0175],[-100.5291,21.043],[-100.5324,21.0429],[-100.5345,21.0485],[-100.5277,21.053],[-100.5287,21.0711],[-100.5081,21.0824],[-100.511,21.0857],[-100.5036,21.0949],[-100.475,21.1047],[-100.4697,21.1117],[-100.459,21.115],[-100.4559,21.1055],[-100.3592,21.0944],[-100.3599,21.0897],[-100.3504,21.0853],[-100.3457,21.0929],[-100.3255,21.0925],[-100.3279,21.0813],[-100.303,21.0752],[-100.2933,21.0923]]]}},{"type":"Feature","properties":{"cve_ent":"11","cve_mun":"033","cvegeo":"11033","nombre":"San Luis de la Paz"},"geometry":{"type":"Polygon","coordinates":[[[-100.3221,21.6821],[-100.2721,21.6873],[-100.2463,21.6649],[-100.2232,21.6656],[-100.2246,21.6544],[-100.2163,21.6325],[-100.2282,21.6315],[-100.206,21.613],[-100.1959,21.6183],[-100.203,21.6104],[-100.208,21.6101],[-100.214,21.5983],[-100.2037,21.5901],[-100.2065,21.5862],[-100.2122,21.5863],[-100.2176,21.5778],[-100.2148,21.5762],[-100.2213,21.5725],[-100.2135,21.5664],[-100.2161,21.5583],[-100.2298,21.5603],[-100.2285,21.5556],[-100.2333,21.5527],[-100.2342,21.5483],[-100.2393,21.5489],[-100.2308,21.5366],[-100.2385,21.5218],[-100.2258,21.5164],[-100.2358,21.5118],[-100.2477,21.511],[-100.2416,21.499],[-100.2436,21.493],[-100.2375,21.487],[-100.2333,21.4865],[-100.2187,21.4989],[-100.2264,21.4687],[-100.2355,21.4706],[-100.2654,21.4592],[-100.262,21.4533],[-100.2696,21.4443],[-100.2755,21.4472],[-100.2896,21.4427],[-100.2983,21.4446],[-100.2995,21.4382],[-100.2905,21.4307],[-100.2996,21.4188],[-100.3127,21.4227],[-100.3186,21.4169],[-100.3181,21.4225],[-100.3253,21.4285],[-100.3441,21.4232],[-100.3393,21.4062],[-100.3455,21.3957],[-100.3411,21.3949],[-100.3488,21.3883],[-100.355,21.3913],[-100.366,21.3727],[-100.3543,21.3687],[-100.3679,21.3496],[-100.364,21.3426],[-100.3675,21.3413],[-100.3686,21.3334],[-100.3523,21.3323],[-100.3426,21.3216],[-100.3524,21.3158],[-100.355,21.3173],[-100.3521,21.3127],[-100.3724,21.3006],[-100.3712,21.278],[-100.3822,21.2645],[-100.3779,21.2581],[-100.3651,21.2541],[-100.3649,21.2451],[-100.3601,21.2453],[-100.3586,21.2237],[-100.361,21.221],[-100.3563,21.2216],[-100.3567,21.2164],[-100.3537,21.2168],[-100.3519,21.2108],[-100.3572,21.204],[-100.3566,21.1949],[-100.3603,21.1911],[-100.3916,21.1913],[-100.4053,21.1696],[-100.4081,21.1773],[-100.4198,21.185],[-100.4292,21.1853],[-100.4227,21.1788],[-100.4325,21.1754],[-100.4445,21.1832],[-100.4435,21.1921],[-100.4857,21.1788],[-100.459,21.115],[-100.4697,21.1117],[-100.475,21.1047],[-100.5036,21.0949],[-100.511,21.0857],[-100.5081,21.0824],[-100.5287,21.0711],[-100.5288,21.0744],[-100.5396,21.0791],[-100.5579,21.0992],[-100.5925,21.1009],[-100.6268,21.1089],[-100.6366,21.1086],[-100.6361,21.117],[-100.6438,21.1204],[-100.6423,21.1267],[-100.6475,21.128],[-100.6486,21.1255],[-100.6617,21.1381],[-100.6729,21.1305],[-100.674,21.1481],[-100.668,21.1502],[-100.6704,21.1605],[-100.6822,21.1627],[-100.6879,21.1856],[-100.6947,21.1926],[-100.6931,21.196],[-100.6716,21.1993],[-100.6729,21.2046],[-100.6632,21.2059],[-100.6659,21.2204],[-100.6625,21.2196],[-100.6558,21.2335],[-100.7166,21.2789],[-100.7139,21.2819],[-100.7189,21.2896],[-100.7165,21.2924],[-100.7214,21.2979],[-100.7006,21.3063],[-100.7017,21.3091],[-100.6721,21.3119],[-100.6769,21.3217],[-100.6711,21.3225],[-100.6778,21.3237],[-100.6812,21.3308],[-100.6931,21.3356],[-100.6919,21.3385],[-100.6855,21.3374],[-100.6848,21.3399],[-100.6956,21.3421],[-100.6956,21.351],[-100.6833,21.3529],[-100.6947,21.3528],[-100.6975,21.3648],[-100.6939,21.3698],[-100.6838,21.3707],[-100.6795,21.3632],[-100.6432,21.3362],[-100.6342,21.3447],[-100.6325,21.3504],[-100.6079,21.3343],[-100.6023,21.3497],[-100.6104,21.3538],[-100.604,21.359],[-100.5994,21.371],[-100.6044,21.3719],[-100.5984,21.3914],[-100.6054,21.3965],[-100.606,21.4022],[-100.6125,21.3983],[-100.623,21.3995],[-100.6228,21.3951],[-100.6266,21.393],[-100.6412,21.4016],[-100.678,21.3935],[-100.6832,21.407],[-100.6959,21.4238],[-100.6898,21.4279],[-100.7049,21.4574],[-100.6995,21.4768],[-100.7039,21.4826],[-100.7009,21.5168],[-100.7417,21.5111],[-100.7426,21.517],[-100.6943,21.5348],[-100.7028,21.5461],[-100.7301,21.5355],[-100.7513,21.5806],[-100.735,21.579],[-100.7295,21.575],[-100.7176,21.5502],[-100.7052,21.5482],[-100.7007,21.5525],[-100.6921,21.5464],[-100.6812,21.5475],[-100.6772,21.5414],[-100.6656,21.5352],[-100.6656,21.5278],[-100.6575,21.5247],[-100.6385,21.5283],[-100.6345,21.5377],[-100.6354,21.5432],[-100.6143,21.5331],[-100.6219,21.519],[-100.6204,21.5102],[-100.615,21.5058],[-100.612,21.5094],[-100.6042,21.5088],[-100.5914,21.5156],[-100.582,21.5261],[-100.5773,21.5255],[-100.571,21.5301],[-100.5594,21.5285],[-100.5469,21.5322],[-100.534,21.5423],[-100.466,21.5429],[-100.4611,21.5453],[-100.4599,21.5498],[-100.4648,21.5536],[-100.4554,21.5563],[-100.4607,21.5712],[-100.4715,21.5876],[-100.4857,21.5953],[-100.4705,21.6065],[-100.4604,21.624],[-100.4616,21.6376],[-100.4564,21.6423],[-100.4571,21.6501],[-100.4523,21.6612],[-100.4488,21.6624],[-100.4513,21.6666],[-100.443,21.6785],[-100.4393,21.6766],[-100.4346,21.6828],[-100.4333,21.6784],[-100.4231,21.6751],[-100.409,21.6773],[-100.3986,21.6747],[-100.3897,21.6813],[-100.3755,21.6798],[-100.3514,21.6917],[-100.3221,21.6821]]]}},{"type":"Feature","properties":{"cve_ent":"11","cve_mun":"034","cvegeo":"11034","nombre":"Santa Catarina"},"geometry":{"type":"Polygon","coordinates":[[[-100.0259,21.1952],[-100.0012,21.1885],[-99.9964,21.1826],[-100.0041,21.1737],[-100.0024,21.1687],[-100.0059,21.1611],[-100.003,21.1574],[-100.0071,21.1567],[-100.0168,21.123],[-100.0275,21.1003],[-100.0219,21.1001],[-100.0215,21.0967],[-100.0263,21.0728],[-100.0203,21.064],[-100.0198,21.0551],[-100.0147,21.051],[-100.0214,21.047],[-100.0346,21.0521],[-100.0434,21.0467],[-100.0518,21.0537],[-100.0546,21.0502],[-100.0632,21.0548],[-100.0645,21.0606],[-100.0747,21.0589],[-100.0802,21.0705],[-100.0767,21.0726],[-100.0766,21.0773],[-100.07,21.0766],[-100.0679,21.0802],[-100.0711,21.091],[-100.1102,21.107],[-100.1118,21.1093],[-100.1043,21.1135],[-100.1081,21.1126],[-100.1078,21.1266],[-100.1273,21.131],[-100.1307,21.1441],[-100.1412,21.1409],[-100.1475,21.1442],[-100.1479,21.1525],[-100.1521,21.1551],[-100.1538,21.162],[-100.1468,21.1641],[-100.1517,21.1834],[-100.1506,21.186],[-100.1407,21.1843],[-100.142,21.1873],[-100.1378,21.1896],[-100.1406,21.1955],[-100.1377,21.1966],[-100.1408,21.1998],[-100.1375,21.2003],[-100.1377,21.2065],[-100.1303,21.208],[-100.1303,21.2155],[-100.1218,21.219],[-100.1251,21.224],[-100.1188,21.229],[-100.1123,21.2275],[-100.0982,21.2361],[-100.0961,21.2298],[-100.0877,21.2321],[-100.0831,21.2288],[-100.0723,21.2294],[-100.0696,21.2186],[-100.0635,21.211],[-100.0533,21.2097],[-100.049,21.2143],[-100.0411,21.2128],[-100.0403,21.2158],[-100.0294,21.207],[-100.0259,21.1952]]]}},{"type":"Feature","properties":{"cve_ent":"11","cve_mun":"035","cvegeo":"11035","nombre":"Santa Cruz de Juventino Rosas"},"geometry":{"type":"Polygon","coordinates":[[[-101.0023,20.7823],[-100.9738,20.7939],[-100.9671,20.78],[-100.9716,20.7772],[-100.9696,20.7678],[-100.9734,20.7582],[-100.9719,20.7479],[-100.975,20.7472],[-100.9768,20.7508],[-100.982,20.7487],[-100.98,20.7307],[-100.9744,20.7399],[-100.9735,20.7326],[-100.9668,20.7321],[-100.9651,20.7347],[-100.9568,20.6976],[-100.9462,20.7008],[-100.9443,20.6966],[-100.9412,20.697],[-100.9409,20.7005],[-100.9329,20.702],[-100.9337,20.7001],[-100.934,20.698],[-100.9319,20.6983],[-100.9331,20.7009],[-100.9289,20.7028],[-100.9263,20.701],[-100.9275,20.6955],[-100.9185,20.6968],[-100.9121,20.6907],[-100.8844,20.6982],[-100.8518,20.6816],[-100.8606,20.6612],[-100.8654,20.6596],[-100.8622,20.656],[-100.8687,20.6499],[-100.8668,20.6368],[-100.8697,20.6361],[-100.8705,20.6286],[-100.885,20.6288],[-100.8739,20.5854],[-100.888,20.5866],[-100.8892,20.5753],[-100.9027,20.5764],[-100.9034,20.57],[-100.9109,20.5696],[-100.9271,20.5724],[-100.927,20.5782],[-100.9482,20.5784],[-100.951,20.5823],[-100.9655,20.579],[-100.9672,20.575],[-100.9701,20.5777],[-100.975,20.5766],[-100.9796,20.5917],[-100.9909,20.587],[-100.9901,20.5784],[-101.0017,20.5813],[-101.0028,20.5744],[-100.9967,20.5738],[-100.9967,20.5699],[-101.0229,20.561],[-101.0294,20.566],[-101.0364,20.5635],[-101.0574,20.579],[-101.0512,20.5531],[-101.055,20.5526],[-101.0562,20.5573],[-101.0617,20.5586],[-101.0679,20.5886],[-101.0703,20.5887],[-101.0676,20.5916],[-101.0711,20.5983],[-101.0664,20.5994],[-101.0705,20.6196],[-101.0833,20.621],[-101.0859,20.6328],[-101.0802,20.6341],[-101.0808,20.6392],[-101.0647,20.6404],[-101.07,20.6545],[-101.0524,20.6598],[-101.0539,20.6635],[-101.0751,20.6614],[-101.0793,20.6715],[-101.0331,20.6679],[-101.0381,20.6749],[-101.0643,20.6761],[-101.0645,20.6889],[-101.0741,20.7014],[-101.0902,20.6996],[-101.0925,20.7032],[-101.0901,20.709],[-101.1122,20.7102],[-101.1104,20.7152],[-101.1006,20.7221],[-101.0999,20.7298],[-101.1056,20.7318],[-101.1003,20.7348],[-101.1027,20.7426],[-101.1113,20.7422],[-101.1182,20.7483],[-101.1205,20.7576],[-101.1097,20.755],[-101.1087,20.7628],[-101.0969,20.7617],[-101.098,20.7715],[-101.0866,20.7876],[-101.0932,20.7876],[-101.0852,20.7971],[-101.0808,20.7964],[-101.0806,20.8016],[-101.0726,20.801],[-101.0684,20.8042],[-101.0671,20.8139],[-101.0341,20.8002],[-101.0331,20.7848],[-101.0023,20.7823]]]}},{"type":"Feature","properties":{"cve_ent":"11","cve_mun":"036","cvegeo":"11036","nombre":"Santiago Maravatío"},"geometry":{"type":"Polygon","coordinates":[[[-100.9939,20.1205],[-101.0058,20.1044],[-101.0193,20.106],[-101.0199,20.1148],[-101.015,20.1159],[-101.0121,20.1238],[-101.0175,20.1242],[-101.0194,20.1214],[-101.0241,20.1244],[-101.0273,20.1187],[-101.0321,20.1202],[-101.0345,20.1175],[-101.047,20.1238],[-101.0476,20.1306],[-101.053,20.13],[-101.0543,20.1419],[-101.0373,20.1468],[-101.0349,20.1565],[-101.0237,20.156],[-101.0237,20.1671],[-101.0101,20.185],[-101.0201,20.2001],[-101.0213,20.2105],[-100.9928,20.208],[-100.9934,20.2054],[-100.9567,20.1972],[-100.9416,20.1871],[-100.9387,20.1628],[-100.9293,20.1575],[-100.9287,20.1506],[-100.9454,20.1534],[-100.9434,20.1262],[-100.9472,20.1258],[-100.9475,20.1335],[-100.9505,20.134],[-100.9586,20.1338],[-100.9619,20.1291],[-100.9788,20.1318],[-100.9788,20.1182],[-100.9939,20.1205]]]}},{"type":"Feature","properties":{"cve_ent":"11","cve_mun":"037","cvegeo":"11037","nombre":"Silao de la Victoria"},"geometry":{"type":"Polygon","coordinates":[[[-101.4348,21.1373],[-101.4362,21.1319],[-101.4294,21.1245],[-101.4363,21.099],[-101.4245,21.0944],[-101.4227,21.0981],[-101.4157,21.0966],[-101.407,21.1038],[-101.4036,21.102],[-101.4056,21.1007],[-101.4014,21.0987],[-101.4048,21.0953],[-101.3999,21.0875],[-101.4048,21.0861],[-101.402,21.0716],[-101.374,21.0541],[-101.3679,21.0454],[-101.3484,21.0326],[-101.3547,21.0194],[-101.3612,21.0152],[-101.3471,21.0068],[-101.3483,21.0015],[-101.3326,20.993],[-101.3354,20.9908],[-101.3396,20.9525],[-101.3584,20.9543],[-101.3617,20.9494],[-101.3507,20.945],[-101.3513,20.9431],[-101.3402,20.9449],[-101.3427,20.9277],[-101.3509,20.9274],[-101.3467,20.9177],[-101.3434,20.9174],[-101.3432,20.9231],[-101.3256,20.9222],[-101.328,20.9169],[-101.3227,20.9164],[-101.3219,20.9107],[-101.3268,20.9107],[-101.3311,20.9045],[-101.3241,20.9025],[-101.3257,20.8961],[-101.3178,20.895],[-101.3182,20.8864],[-101.3308,20.8714],[-101.3394,20.8701],[-101.3498,20.8612],[-101.353,20.8447],[-101.3588,20.84],[-101.3629,20.8403],[-101.3664,20.8462],[-101.3707,20.8465],[-101.3711,20.8409],[-101.4086,20.8438],[-101.4106,20.8007],[-101.4233,20.8026],[-101.4555,20.8],[-101.4601,20.8059],[-101.4644,20.8246],[-101.4599,20.8475],[-101.5044,20.8514],[-101.5016,20.8599],[-101.5077,20.8619],[-101.5085,20.867],[-101.4979,20.8669],[-101.4977,20.891],[-101.5002,20.9093],[-101.5077,20.9135],[-101.5,20.913],[-101.4988,20.916],[-101.5196,20.9178],[-101.5192,20.9392],[-101.5492,20.9451],[-101.5488,20.9488],[-101.5528,20.9517],[-101.5517,20.958],[-101.5597,20.9574],[-101.5606,20.95],[-101.5641,20.9504],[-101.5639,20.9579],[-101.5686,20.9617],[-101.5634,20.9636],[-101.5621,20.979],[-101.5818,20.9769],[-101.5777,21.002],[-101.5705,21.0011],[-101.5681,21.0056],[-101.5678,21.0105],[-101.5779,21.0118],[-101.5697,21.0196],[-101.5762,21.0216],[-101.5731,21.0295],[-101.5466,21.0242],[-101.5455,21.014],[-101.5352,21.0164],[-101.5361,21.0188],[-101.4994,21.0105],[-101.4973,21.0273],[-101.4858,21.0264],[-101.4839,21.0441],[-101.4885,21.0444],[-101.4832,21.1076],[-101.4725,21.1522],[-101.4525,21.1514],[-101.4516,21.1486],[-101.4444,21.1468],[-101.4425,21.1388],[-101.4398,21.1406],[-101.4348,21.1373]]]}},{"type":"Feature","properties":{"cve_ent":"11","cve_mun":"038","cvegeo":"11038","nombre":"Tarandacuao"},"geometry":{"type":"Polygon","coordinates":[[[-100.494,20.0235],[-100.4899,20.0149],[-100.4776,20.0076],[-100.4716,20.012],[-100.4676,20.0066],[-100.465,20.0098],[-100.4562,20.0076],[-100.4534,20.0033],[-100.4574,20.0003],[-100.454,19.9966],[-100.4548,19.9921],[-100.4479,19.984],[-100.4658,19.9874],[-100.462,19.9835],[-100.4625,19.9793],[-100.4702,19.98],[-100.4736,19.9723],[-100.489,19.9662],[-100.4982,19.958],[-100.5108,19.959],[-100.5118,19.9422],[-100.5157,19.9405],[-100.5217,19.9277],[-100.5199,19.9188],[-100.536,19.923],[-100.5347,19.9363],[-100.5293,19.941],[-100.5268,19.9658],[-100.5282,19.9743],[-100.5318,19.9764],[-100.5406,19.9749],[-100.5424,19.9728],[-100.535,19.972],[-100.5339,19.9692],[-100.5507,19.958],[-100.5601,19.9591],[-100.5655,19.9661],[-100.58,19.9575],[-100.5931,19.9583],[-100.5939,19.9639],[-100.5876,19.9714],[-100.5806,19.975],[-100.5657,19.9745],[-100.5568,19.9853],[-100.5579,19.9917],[-100.5767,19.9931],[-100.5956,19.9917],[-100.5943,19.9898],[-100.6019,19.9859],[-100.5959,19.9984],[-100.5882,20.0044],[-100.5825,20.0208],[-100.5759,20.0197],[-100.5748,20.0482],[-100.5704,20.0456],[-100.568,20.0326],[-100.565,20.0491],[-100.5564,20.0455],[-100.557,20.0358],[-100.5527,20.0443],[-100.5473,20.0455],[-100.5509,20.0507],[-100.5763,20.056],[-100.5614,20.0627],[-100.5507,20.0582],[-100.545,20.0623],[-100.5516,20.062],[-100.5494,20.0657],[-100.5575,20.0667],[-100.5639,20.0731],[-100.5327,20.0785],[-100.529,20.0766],[-100.532,20.0722],[-100.5284,20.0738],[-100.5094,20.0633],[-100.5196,20.0614],[-100.5194,20.059],[-100.5024,20.062],[-100.5084,20.0583],[-100.508,20.0545],[-100.5046,20.0534],[-100.5087,20.053],[-100.5071,20.0419],[-100.4998,20.0327],[-100.5033,20.027],[-100.494,20.0235]]]}},{"type":"Feature","properties":{"cve_ent":"11","cve_mun":"039","cvegeo":"11039","nombre":"Tarimoro"},"geometry":{"type":"Polygon","coordinates":[[[-100.6536,20.3481],[-100.661,20.3423],[-100.6635,20.3475],[-100.6706,20.3428],[-100.6663,20.338],[-100.687,20.3214],[-100.6776,20.307],[-100.6814,20.3016],[-100.6813,20.2944],[-100.6757,20.294],[-100.6832,20.2837],[-100.6698,20.2778],[-100.6779,20.2574],[-100.6767,20.2289],[-100.6881,20.2116],[-100.7069,20.1947],[-100.7138,20.1958],[-100.7209,20.1855],[-100.7266,20.1833],[-100.7248,20.1683],[-100.7215,20.1663],[-100.728,20.1621],[-100.7335,20.1615],[-100.7346,20.1672],[-100.7294,20.1705],[-100.7339,20.1812],[-100.7461,20.1763],[-100.7817,20.1731],[-100.7822,20.1953],[-100.774,20.1944],[-100.7736,20.2088],[-100.788,20.2087],[-100.7896,20.2321],[-100.7947,20.2314],[-100.7971,20.2362],[-100.8059,20.2331],[-100.8064,20.2289],[-100.816,20.2358],[-100.8152,20.2397],[-100.8291,20.2414],[-100.8098,20.2464],[-100.8126,20.2465],[-100.8131,20.2521],[-100.8211,20.2517],[-100.8213,20.2601],[-100.8365,20.2592],[-100.8378,20.2788],[-100.8431,20.2794],[-100.8307,20.29],[-100.8322,20.2955],[-100.8246,20.2986],[-100.8264,20.3125],[-100.8221,20.3211],[-100.8079,20.3197],[-100.8076,20.3175],[-100.802,20.3237],[-100.8182,20.3247],[-100.8186,20.3297],[-100.8296,20.3305],[-100.8191,20.3453],[-100.8282,20.3462],[-100.8236,20.3752],[-100.7964,20.3588],[-100.7949,20.3618],[-100.7848,20.3561],[-100.7818,20.375],[-100.7374,20.3739],[-100.7399,20.3795],[-100.725,20.3916],[-100.7259,20.3968],[-100.7303,20.3994],[-100.7267,20.4014],[-100.7278,20.4052],[-100.7199,20.4057],[-100.7148,20.4117],[-100.7103,20.4092],[-100.7089,20.4026],[-100.7,20.4013],[-100.7011,20.4065],[-100.697,20.4078],[-100.6987,20.416],[-100.6907,20.424],[-100.6884,20.417],[-100.6703,20.4232],[-100.6632,20.4103],[-100.6604,20.4126],[-100.656,20.4068],[-100.6544,20.3844],[-100.6607,20.3853],[-100.6567,20.3522],[-100.6536,20.3481]]]}},{"type":"Feature","properties":{"cve_ent":"11","cve_mun":"040","cvegeo":"11040","nombre":"Tierra Blanca"},"geometry":{"type":"Polygon","coordinates":[[[-100.0147,21.051],[-100.0067,21.0464],[-100.0109,21.0431],[-100.0111,21.0285],[-100.0226,21.0146],[-100.0291,21.0151],[-100.0545,21.0278],[-100.0612,21.0285],[-100.0689,21.0228],[-100.0607,21.0058],[-100.0738,20.9918],[-100.0699,20.9835],[-100.078,20.9727],[-100.0698,20.9648],[-100.0688,20.9579],[-100.0807,20.9499],[-100.0669,20.9422],[-100.0642,20.9363],[-100.0927,20.9317],[-100.1178,20.9222],[-100.127,20.9281],[-100.1288,20.9344],[-100.1353,20.9373],[-100.1784,20.9387],[-100.1815,20.9304],[-100.2009,20.937],[-100.2455,20.9633],[-100.2292,20.9798],[-100.2385,20.9788],[-100.2493,20.9832],[-100.2472,20.9972],[-100.2531,21.0045],[-100.2469,21.0088],[-100.2494,21.0118],[-100.2573,21.0109],[-100.2581,21.0221],[-100.2609,21.0234],[-100.2569,21.0249],[-100.2543,21.0336],[-100.2595,21.038],[-100.2549,21.0463],[-100.2617,21.0559],[-100.2673,21.0569],[-100.2694,21.0621],[-100.2662,21.0612],[-100.2646,21.0642],[-100.2671,21.0687],[-100.281,21.0721],[-100.2801,21.0887],[-100.2935,21.0934],[-100.2922,21.0979],[-100.2537,21.0873],[-100.2409,21.1121],[-100.2437,21.1138],[-100.2401,21.1205],[-100.2069,21.1074],[-100.2048,21.1221],[-100.1883,21.1312],[-100.1741,21.1317],[-100.1635,21.1365],[-100.1619,21.1453],[-100.1554,21.1496],[-100.1525,21.1561],[-100.1479,21.1525],[-100.1475,21.1442],[-100.1412,21.1409],[-100.1307,21.1441],[-100.1273,21.131],[-100.1078,21.1266],[-100.1081,21.1126],[-100.1043,21.1135],[-100.1118,21.1093],[-100.1102,21.107],[-100.0711,21.091],[-100.0679,21.0802],[-100.07,21.0766],[-100.0766,21.0773],[-100.0767,21.0726],[-100.0802,21.0705],[-100.0745,21.0587],[-100.0645,21.0606],[-100.0632,21.0548],[-100.0546,21.0502],[-100.0518,21.0537],[-100.0434,21.0467],[-100.0346,21.0521],[-100.0214,21.047],[-100.0147,21.051]]]}},{"type":"Feature","properties":{"cve_ent":"11","cve_mun":"041","cvegeo":"11041","nombre":"Uriangato"},"geometry":{"type":"Polygon","coordinates":[[[-101.0802,20.0828],[-101.1139,20.0772],[-101.1331,20.06],[-101.1544,20.085],[-101.1652,20.0872],[-101.1736,20.0978],[-101.1756,20.0959],[-101.1697,20.0823],[-101.1767,20.0645],[-101.1982,20.0574],[-101.1921,20.0477],[-101.1932,20.0345],[-101.2118,20.0377],[-101.2102,20.0474],[-101.2032,20.0462],[-101.205,20.0706],[-101.1962,20.0723],[-101.1925,20.0791],[-101.1954,20.0914],[-101.1997,20.0914],[-101.2007,20.1059],[-101.1897,20.1028],[-101.1853,20.1058],[-101.1816,20.1236],[-101.178,20.1216],[-101.1847,20.1393],[-101.1915,20.1385],[-101.2019,20.1484],[-101.2032,20.152],[-101.1993,20.1534],[-101.1991,20.1597],[-101.1943,20.1603],[-101.2094,20.1615],[-101.2113,20.1663],[-101.2124,20.1741],[-101.2059,20.1849],[-101.2075,20.1931],[-101.2047,20.2001],[-101.198,20.1974],[-101.197,20.1823],[-101.1784,20.1814],[-101.1761,20.1887],[-101.18,20.1921],[-101.1742,20.1918],[-101.1703,20.1793],[-101.165,20.1801],[-101.165,20.1855],[-101.1609,20.1821],[-101.1554,20.1875],[-101.1452,20.1898],[-101.1555,20.1774],[-101.1593,20.1603],[-101.1373,20.1664],[-101.1258,20.1646],[-101.1242,20.1559],[-101.1193,20.1552],[-101.1148,20.1464],[-101.1158,20.141],[-101.1096,20.1433],[-101.107,20.1361],[-101.1034,20.1365],[-101.1021,20.129],[-101.0958,20.1315],[-101.096,20.1265],[-101.0902,20.1246],[-101.0934,20.1142],[-101.0995,20.1138],[-101.0932,20.1043],[-101.0905,20.1062],[-101.0861,20.0957],[-101.0819,20.0972],[-101.0802,20.0828]]]}},{"type":"Feature","properties":{"cve_ent":"11","cve_mun":"042","cvegeo":"11042","nombre":"Valle de Santiago"},"geometry":{"type":"Polygon","coordinates":[[[-101.3132,20.5394],[-101.3086,20.5383],[-101.3098,20.526],[-101.2986,20.5346],[-101.2819,20.5327],[-101.2856,20.5193],[-101.292,20.5152],[-101.2899,20.5086],[-101.2938,20.5084],[-101.2952,20.4965],[-101.2783,20.5024],[-101.2731,20.4968],[-101.2597,20.4949],[-101.2558,20.4767],[-101.2522,20.4756],[-101.2522,20.4804],[-101.2463,20.4788],[-101.2452,20.461],[-101.236,20.4615],[-101.2397,20.4519],[-101.2343,20.4507],[-101.2317,20.4606],[-101.2256,20.4554],[-101.213,20.4643],[-101.211,20.4695],[-101.2016,20.4711],[-101.1826,20.468],[-101.182,20.478],[-101.1669,20.4842],[-101.1566,20.4849],[-101.1533,20.4779],[-101.1469,20.4798],[-101.1392,20.4742],[-101.1389,20.4836],[-101.1281,20.4899],[-101.1187,20.4754],[-101.1134,20.4732],[-101.1143,20.4681],[-101.1011,20.4616],[-101.1017,20.4481],[-101.094,20.4407],[-101.0931,20.4355],[-101.1015,20.4352],[-101.094,20.425],[-101.1003,20.4169],[-101.0873,20.4153],[-101.0861,20.4095],[-101.0981,20.4042],[-101.102,20.4055],[-101.1131,20.3981],[-101.1061,20.3461],[-101.1095,20.3172],[-101.0985,20.3168],[-101.0967,20.3091],[-101.0794,20.3069],[-101.0785,20.3007],[-101.0845,20.3012],[-101.0942,20.2909],[-101.1167,20.3024],[-101.1118,20.2769],[-101.1283,20.2768],[-101.1405,20.2705],[-101.1381,20.2658],[-101.1442,20.2624],[-101.1564,20.274],[-101.1691,20.272],[-101.1784,20.2599],[-101.1889,20.2578],[-101.1967,20.2488],[-101.2052,20.2464],[-101.208,20.2648],[-101.2125,20.2648],[-101.2129,20.2692],[-101.2229,20.2811],[-101.2263,20.2801],[-101.2258,20.2732],[-101.2329,20.2822],[-101.2446,20.2838],[-101.2464,20.2935],[-101.2904,20.285],[-101.3053,20.287],[-101.3005,20.2782],[-101.3019,20.2745],[-101.314,20.2746],[-101.3143,20.2774],[-101.3205,20.2756],[-101.3242,20.2628],[-101.3285,20.266],[-101.3253,20.2674],[-101.3243,20.2738],[-101.3317,20.271],[-101.3316,20.2683],[-101.3436,20.2716],[-101.3567,20.254],[-101.3635,20.2531],[-101.3614,20.249],[-101.3953,20.2485],[-101.4065,20.2636],[-101.4156,20.2648],[-101.4206,20.2752],[-101.4355,20.2774],[-101.4369,20.2638],[-101.4467,20.264],[-101.459,20.2702],[-101.4538,20.274],[-101.4584,20.276],[-101.4572,20.2851],[-101.445,20.2897],[-101.4446,20.2951],[-101.4497,20.2982],[-101.4404,20.3035],[-101.4567,20.3044],[-101.4549,20.3179],[-101.4515,20.3178],[-101.4509,20.3195],[-101.4568,20.3193],[-101.4601,20.3235],[-101.4549,20.3327],[-101.4465,20.3317],[-101.4412,20.34],[-101.4428,20.3564],[-101.4372,20.3551],[-101.4341,20.3591],[-101.4285,20.3796],[-101.4189,20.3758],[-101.4109,20.3871],[-101.4126,20.3928],[-101.4048,20.3944],[-101.4069,20.4073],[-101.4013,20.4069],[-101.3926,20.4155],[-101.3843,20.4128],[-101.38,20.4157],[-101.3807,20.4266],[-101.3886,20.4422],[-101.3897,20.4579],[-101.4027,20.4766],[-101.4026,20.4814],[-101.3987,20.4829],[-101.395,20.4754],[-101.3903,20.4806],[-101.3908,20.4857],[-101.386,20.4822],[-101.3722,20.4875],[-101.367,20.5045],[-101.3701,20.5115],[-101.3679,20.5252],[-101.3514,20.5367],[-101.3409,20.5362],[-101.3407,20.547],[-101.3235,20.5387],[-101.3215,20.5351],[-101.3138,20.5365],[-101.3132,20.5394]]]}},{"type":"Feature","properties":{"cve_ent":"11","cve_mun":"043","cvegeo":"11043","nombre":"Victoria"},"geometry":{"type":"Polygon","coordinates":[[[-100.1806,21.6502],[-100.1671,21.6341],[-100.1725,21.6293],[-100.1746,21.6105],[-100.1714,21.6013],[-100.1613,21.605],[-100.1544,21.6174],[-100.1472,21.6181],[-100.125,21.5935],[-100.1125,21.5873],[-100.0758,21.5579],[-100.0622,21.5231],[-100.0641,21.5133],[-100.058,21.4957],[-100.0611,21.4914],[-100.0672,21.4907],[-100.0668,21.4836],[-100.0742,21.4751],[-100.0814,21.478],[-100.0921,21.4636],[-100.0964,21.462],[-100.106,21.4657],[-100.086,21.4534],[-100.0903,21.4447],[-100.0888,21.4222],[-100.0833,21.4029],[-100.1053,21.4093],[-100.132,21.4072],[-100.1336,21.4048],[-100.1332,21.4002],[-100.1186,21.3917],[-100.1225,21.3888],[-100.12,21.3885],[-100.1165,21.3783],[-100.1052,21.3714],[-100.1176,21.3645],[-100.1174,21.3541],[-100.124,21.3544],[-100.129,21.335],[-100.1502,21.3221],[-100.1448,21.3177],[-100.1492,21.3147],[-100.1477,21.3112],[-100.1503,21.311],[-100.1525,21.3037],[-100.1461,21.2929],[-100.1352,21.2877],[-100.1331,21.2836],[-100.1372,21.2805],[-100.1345,21.2692],[-100.1297,21.2696],[-100.1257,21.2584],[-100.1384,21.2481],[-100.1494,21.2447],[-100.1469,21.2431],[-100.1508,21.2365],[-100.1459,21.2296],[-100.1488,21.2268],[-100.1474,21.2167],[-100.1341,21.2188],[-100.1303,21.2155],[-100.1303,21.208],[-100.1377,21.2065],[-100.1375,21.2003],[-100.1408,21.1998],[-100.1377,21.1966],[-100.1406,21.1955],[-100.1378,21.1896],[-100.142,21.1873],[-100.1407,21.1843],[-100.151,21.1854],[-100.1468,21.1641],[-100.1538,21.162],[-100.1525,21.1561],[-100.1554,21.1496],[-100.1619,21.1453],[-100.1635,21.1365],[-100.1741,21.1317],[-100.1883,21.1312],[-100.2048,21.1221],[-100.2069,21.1074],[-100.2401,21.1205],[-100.2435,21.1268],[-100.2566,21.136],[-100.2557,21.1418],[-100.2699,21.152],[-100.2772,21.1636],[-100.2911,21.1683],[-100.3035,21.1842],[-100.2971,21.1902],[-100.3077,21.19],[-100.308,21.1983],[-100.314,21.2007],[-100.3147,21.2053],[-100.3328,21.2102],[-100.337,21.2195],[-100.3397,21.2184],[-100.3386,21.2095],[-100.3434,21.2119],[-100.3435,21.2166],[-100.3519,21.2108],[-100.3537,21.2168],[-100.3567,21.2164],[-100.3563,21.2216],[-100.361,21.221],[-100.3586,21.2237],[-100.3601,21.2453],[-100.3649,21.2451],[-100.3631,21.2519],[-100.3779,21.2581],[-100.3822,21.2645],[-100.3712,21.278],[-100.3724,21.3006],[-100.3521,21.3127],[-100.355,21.3173],[-100.3524,21.3158],[-100.3426,21.3216],[-100.3523,21.3323],[-100.3688,21.3337],[-100.3675,21.3413],[-100.364,21.3426],[-100.3679,21.3496],[-100.3543,21.3687],[-100.3607,21.3695],[-100.3652,21.3746],[-100.355,21.3913],[-100.3488,21.3883],[-100.3411,21.3949],[-100.3455,21.3957],[-100.3393,21.4062],[-100.3441,21.4232],[-100.3253,21.4285],[-100.3181,21.4225],[-100.3186,21.4169],[-100.3127,21.4227],[-100.2996,21.4188],[-100.2905,21.4307],[-100.2995,21.4382],[-100.2983,21.4446],[-100.2896,21.4427],[-100.2755,21.4472],[-100.2696,21.4443],[-100.262,21.4533],[-100.2654,21.4592],[-100.2355,21.4706],[-100.2264,21.4687],[-100.2187,21.4989],[-100.2333,21.4865],[-100.2375,21.487],[-100.2436,21.493],[-100.2416,21.499],[-100.2477,21.511],[-100.2358,21.5118],[-100.2258,21.5164],[-100.2385,21.5218],[-100.2308,21.5366],[-100.2393,21.5489],[-100.2342,21.5483],[-100.2333,21.5527],[-100.2285,21.5556],[-100.2298,21.5603],[-100.2161,21.5583],[-100.2135,21.5664],[-100.2213,21.5725],[-100.2148,21.5762],[-100.2176,21.5778],[-100.2122,21.5863],[-100.2065,21.5862],[-100.2037,21.5901],[-100.214,21.5983],[-100.208,21.6101],[-100.203,21.6104],[-100.1959,21.6183],[-100.206,21.613],[-100.2282,21.6315],[-100.2163,21.6325],[-100.2246,21.6544],[-100.2232,21.6656],[-100.2061,21.6575],[-100.1944,21.6474],[-100.1806,21.6502]]]}},{"type":"Feature","properties":{"cve_ent":"11","cve_mun":"044","cvegeo":"11044","nombre":"Villagrán"},"geometry":{"type":"Polygon","coordinates":[[[-100.9108,20.5696],[-100.9087,20.53],[-100.8865,20.5375],[-100.887,20.5265],[-100.8985,20.5268],[-100.8987,20.5198],[-100.9094,20.5205],[-100.909,20.5156],[-100.9682,20.5102],[-100.9692,20.5028],[-100.9746,20.5053],[-100.9751,20.5006],[-100.9799,20.5041],[-100.9931,20.5046],[-100.9961,20.5079],[-101.0137,20.5063],[-101.0177,20.5096],[-101.0332,20.5077],[-101.0419,20.5107],[-101.0491,20.5072],[-101.0642,20.5089],[-101.0713,20.5149],[-101.0728,20.5236],[-101.0857,20.5222],[-101.0838,20.542],[-101.0783,20.5414],[-101.0776,20.5513],[-101.0836,20.5612],[-101.1119,20.5625],[-101.109,20.5765],[-101.104,20.5772],[-101.0924,20.566],[-101.0838,20.5654],[-101.0836,20.5631],[-101.0628,20.5632],[-101.055,20.5526],[-101.0512,20.5531],[-101.0574,20.579],[-101.0364,20.5635],[-101.0294,20.566],[-101.0229,20.561],[-100.9967,20.5699],[-100.9967,20.5738],[-101.0028,20.5744],[-101.0017,20.5813],[-100.9901,20.5784],[-100.9909,20.587],[-100.9796,20.5917],[-100.975,20.5766],[-100.9701,20.5777],[-100.9672,20.575],[-100.9655,20.579],[-100.951,20.5823],[-100.9482,20.5784],[-100.927,20.5782],[-100.9271,20.5724],[-100.9108,20.5696]]]}},{"type":"Feature","properties":{"cve_ent":"11","cve_mun":"045","cvegeo":"11045","nombre":"Xichú"},"geometry":{"type":"Polygon","coordinates":[[[-99.7773,21.495],[-99.7729,21.4859],[-99.7731,21.4763],[-99.7773,21.4702],[-99.7718,21.4663],[-99.7771,21.4596],[-99.7743,21.4563],[-99.7782,21.4465],[-99.7762,21.4425],[-99.7806,21.4344],[-99.7759,21.427],[-99.7804,21.4148],[-99.7763,21.4076],[-99.7722,21.4067],[-99.773,21.4013],[-99.7791,21.3949],[-99.7969,21.3948],[-99.8128,21.3832],[-99.8308,21.3837],[-99.8297,21.3774],[-99.8593,21.3403],[-99.8695,21.3065],[-99.8747,21.2696],[-99.8847,21.2484],[-99.8952,21.2044],[-99.9037,21.1855],[-99.9426,21.1944],[-99.9454,21.2099],[-99.9547,21.2057],[-99.9479,21.2124],[-99.9864,21.2183],[-100.0111,21.1895],[-100.0212,21.1914],[-100.0259,21.1952],[-100.03,21.2077],[-100.0403,21.2158],[-100.0411,21.2128],[-100.049,21.2143],[-100.0533,21.2097],[-100.0635,21.211],[-100.0696,21.2186],[-100.0723,21.2294],[-100.0831,21.2288],[-100.0877,21.2321],[-100.0961,21.2298],[-100.0982,21.2361],[-100.1123,21.2275],[-100.1188,21.229],[-100.1251,21.224],[-100.1218,21.219],[-100.1275,21.2155],[-100.1341,21.2188],[-100.1474,21.2167],[-100.1488,21.2268],[-100.1459,21.2296],[-100.1508,21.2365],[-100.1469,21.2431],[-100.1494,21.2447],[-100.1384,21.2481],[-100.1257,21.2584],[-100.1297,21.2696],[-100.1345,21.2692],[-100.1372,21.2805],[-100.1331,21.2836],[-100.1352,21.2877],[-100.1461,21.2929],[-100.1525,21.3037],[-100.1503,21.311],[-100.1477,21.3112],[-100.1492,21.3147],[-100.1448,21.3177],[-100.1501,21.3227],[-100.129,21.335],[-100.124,21.3544],[-100.1174,21.3541],[-100.1176,21.3645],[-100.1052,21.3714],[-100.1165,21.3783],[-100.12,21.3885],[-100.1225,21.3888],[-100.1186,21.3917],[-100.1332,21.4002],[-100.1336,21.4048],[-100.132,21.4072],[-100.1053,21.4093],[-100.0833,21.4029],[-100.0888,21.4222],[-100.0903,21.4447],[-100.086,21.4534],[-100.106,21.4657],[-100.0926,21.4633],[-100.0814,21.478],[-100.0742,21.4751],[-100.0668,21.4836],[-100.0672,21.4907],[-100.0611,21.4914],[-100.058,21.4957],[-100.0641,21.5133],[-100.0623,21.5233],[-99.9568,21.5262],[-99.9563,21.5182],[-99.9651,21.5051],[-99.9507,21.4947],[-99.9457,21.4974],[-99.9479,21.4907],[-99.9593,21.4835],[-99.9515,21.4723],[-99.9532,21.4698],[-99.9475,21.4577],[-99.9493,21.456],[-99.9423,21.4496],[-99.939,21.4498],[-99.9432,21.4618],[-99.9052,21.4482],[-99.867,21.4735],[-99.8349,21.4781],[-99.8392,21.4624],[-99.8253,21.4665],[-99.8171,21.4617],[-99.8057,21.4718],[-99.7884,21.4771],[-99.7916,21.4901],[-99.7773,21.495]]]}},{"type":"Feature","properties":{"cve_ent":"11","cve_mun":"046","cvegeo":"11046","nombre":"Yuriria"},"geometry":{"type":"Polygon","coordinates":[[[-101.0845,20.3012],[-101.0759,20.3005],[-101.0755,20.2942],[-101.0693,20.285],[-101.0557,20.2809],[-101.0547,20.2771],[-101.049,20.275],[-101.0444,20.2791],[-101.0418,20.2775],[-101.0498,20.2528],[-101.0346,20.2506],[-101.0364,20.2417],[-101.0405,20.2413],[-101.0518,20.2163],[-101.0213,20.2012],[-101.0101,20.185],[-101.0237,20.1671],[-101.0237,20.156],[-101.0349,20.1565],[-101.0373,20.1468],[-101.0543,20.1419],[-101.053,20.13],[-101.0476,20.1306],[-101.047,20.1238],[-101.0428,20.124],[-101.0403,20.119],[-101.0273,20.1187],[-101.0241,20.1244],[-101.0194,20.1214],[-101.0175,20.1242],[-101.0119,20.1237],[-101.015,20.1159],[-101.0199,20.1148],[-101.0193,20.106],[-101.0076,20.1042],[-101.0015,20.1092],[-100.9986,20.1079],[-100.9984,20.1039],[-101.0073,20.0998],[-101.0065,20.0854],[-101.0094,20.0822],[-101.0214,20.0869],[-101.0353,20.0873],[-101.0429,20.092],[-101.0749,20.0884],[-101.0802,20.0828],[-101.0819,20.0972],[-101.0861,20.0957],[-101.0905,20.1062],[-101.0932,20.1043],[-101.0995,20.1138],[-101.0934,20.1142],[-101.0902,20.1246],[-101.096,20.1265],[-101.0958,20.1315],[-101.1021,20.129],[-101.1034,20.1365],[-101.107,20.1361],[-101.1096,20.1433],[-101.1158,20.141],[-101.1148,20.1464],[-101.1193,20.1552],[-101.1242,20.1559],[-101.1258,20.1646],[-101.1373,20.1664],[-101.1593,20.1603],[-101.1555,20.1774],[-101.1452,20.1898],[-101.1554,20.1875],[-101.1609,20.1821],[-101.165,20.1855],[-101.165,20.1801],[-101.1703,20.1793],[-101.1742,20.1918],[-101.18,20.1921],[-101.1761,20.1887],[-101.1784,20.1814],[-101.197,20.1823],[-101.198,20.1974],[-101.2036,20.2003],[-101.2075,20.1931],[-101.2068,20.1819],[-101.2124,20.1741],[-101.2113,20.1663],[-101.2094,20.1615],[-101.1943,20.1603],[-101.1991,20.1597],[-101.1993,20.1534],[-101.2028,20.1529],[-101.2083,20.1431],[-101.2264,20.1482],[-101.2372,20.1601],[-101.2399,20.1596],[-101.2375,20.1542],[-101.2418,20.1511],[-101.2434,20.1586],[-101.2505,20.1616],[-101.2589,20.1559],[-101.2658,20.1553],[-101.2664,20.1501],[-101.2624,20.146],[-101.2684,20.1462],[-101.2671,20.1389],[-101.2716,20.1269],[-101.2821,20.1222],[-101.2886,20.1242],[-101.2905,20.12],[-101.2881,20.114],[-101.3023,20.1076],[-101.3018,20.1031],[-101.3065,20.0983],[-101.3109,20.1001],[-101.3156,20.0975],[-101.3143,20.0926],[-101.3106,20.0929],[-101.3117,20.0871],[-101.3243,20.0841],[-101.3219,20.0784],[-101.3251,20.0707],[-101.3197,20.0496],[-101.3051,20.0518],[-101.3039,20.0423],[-101.2912,20.0474],[-101.2917,20.0361],[-101.2965,20.0386],[-101.3165,20.0374],[-101.3267,20.0321],[-101.3482,20.0321],[-101.3541,20.0384],[-101.3675,20.0361],[-101.3749,20.0404],[-101.3881,20.0304],[-101.392,20.0338],[-101.4017,20.035],[-101.4026,20.047],[-101.3943,20.0529],[-101.3954,20.07],[-101.3875,20.083],[-101.4047,20.0802],[-101.4055,20.0976],[-101.4032,20.1002],[-101.4083,20.1026],[-101.4043,20.1068],[-101.4087,20.1231],[-101.4028,20.1273],[-101.391,20.1271],[-101.3894,20.1349],[-101.3924,20.144],[-101.4036,20.1421],[-101.4165,20.1617],[-101.4225,20.1632],[-101.4199,20.2016],[-101.4056,20.2033],[-101.3632,20.1958],[-101.3526,20.2349],[-101.3635,20.2531],[-101.3567,20.254],[-101.3436,20.2716],[-101.3316,20.2683],[-101.3317,20.271],[-101.3243,20.2738],[-101.3253,20.2674],[-101.3285,20.266],[-101.3242,20.2628],[-101.3205,20.2756],[-101.3143,20.2774],[-101.314,20.2746],[-101.3019,20.2745],[-101.3005,20.2782],[-101.3053,20.287],[-101.2904,20.285],[-101.2464,20.2935],[-101.2446,20.2838],[-101.2329,20.2822],[-101.2258,20.2732],[-101.2263,20.2801],[-101.2229,20.2811],[-101.2129,20.2692],[-101.2125,20.2648],[-101.208,20.2648],[-101.2052,20.2464],[-101.1967,20.2488],[-101.1889,20.2578],[-101.1784,20.2599],[-101.1691,20.272],[-101.1564,20.274],[-101.1442,20.2624],[-101.1381,20.2658],[-101.1405,20.2705],[-101.1283,20.2768],[-101.1118,20.2769],[-101.1167,20.3024],[-101.0942,20.2909],[-101.0845,20.3012]]]}}]}