{"type":"FeatureCollection","features":[{"type":"Feature","properties":{"cve_ent":"01","nombre":"Aguascalientes"},"geometry":{"type":"Polygon","coordinates":[[[-102.0551,21.8164],[-102.072,21.7827],[-102.0831,21.7871],[-102.0946,21.7777],[-102.0862,21.7673],[-102.1021,21.761],[-102.1421,21.7054],[-102.1549,21.7],[-102.1714,21.707],[-102.1779,21.6882],[-102.2143,21.6948],[-102.2264,21.6578],[-102.2376,21.652],[-102.2752,21.654],[-102.2794,21.6644],[-102.304,21.6667],[-102.2954,21.6531],[-102.3102,21.6266],[-102.3211,21.6301],[-102.3257,21.6223],[-102.3695,21.6506],[-102.4075,21.6595],[-102.4046,21.6656],[-102.4611,21.6793],[-102.4521,21.6869],[-102.4569,21.6981],[-102.4758,21.6949],[-102.5525,21.7427],[-102.5963,21.744],[-102.5968,21.755],[-102.6063,21.7511],[-102.6335,21.7673],[-102.6689,21.7641],[-102.6907,21.7524],[-102.6963,21.7288],[-102.7156,21.7341],[-102.7221,21.7196],[-102.7373,21.7156],[-102.8169,21.7665],[-102.8313,21.7972],[-102.8423,21.8048],[-102.8533,21.7991],[-102.8473,21.8334],[-102.8581,21.8332],[-102.8742,21.8528],[-102.8383,21.9393],[-102.801,22.0039],[-102.761,22.0463],[-102.7558,22.0737],[-102.6909,22.1066],[-102.6861,22.1379],[-102.6694,22.1596],[-102.6759,22.1756],[-102.6667,22.1809],[-102.6693,22.194],[-102.6516,22.1931],[-102.6393,22.226],[-102.67,22.2457],[-102.6687,22.2919],[-102.527,22.2909],[-102.4702,22.3092],[-102.4607,22.3237],[-102.4712,22.3363],[-102.4686,22.3519],[-102.3784,22.3609],[-102.3629,22.3887],[-102.3214,22.3885],[-102.3118,22.4569],[-102.2983,22.4596],[-102.2901,22.4199],[-102.2503,22.3872],[-102.2532,22.3745],[-102.212,22.3727],[-102.212,22.3625],[-102.1774,22.3624],[-102.1807,22.3504],[-102.1498,22.3472],[-102.1532,22.2904],[-102.1052,22.2808],[-102.0756,22.3061],[-102.0512,22.2912],[-102.0373,22.299],[-102.0225,22.2416],[-102.0025,22.2414],[-101.9997,22.2337],[-102.001,22.1681],[-102.0295,22.1687],[-102.0452,22.1537],[-102.0171,22.154],[-102.0259,22.1298],[-101.986,22.1208],[-101.8643,22.0415],[-101.8542,22.0443],[-101.8638,21.99],[-101.8913,21.9766],[-101.8947,21.9897],[-101.9126,21.9975],[-101.8982,21.9833],[-101.8858,21.9326],[-101.8727,21.9465],[-101.8353,21.9418],[-101.838,21.9073],[-101.8802,21.9101],[-102.02,21.8625],[-102.0208,21.8512],[-102.0384,21.8532],[-102.0417,21.8231],[-102.0551,21.8164]]]}},{"type":"Feature","properties":{"cve_ent":"02","nombre":"Baja California"},"geometry":{"type":"MultiPolygon","coordinates":[[[[-115.2149,28.3765],[-115.1942,28.3617],[-115.1953,28.3323],[-115.1741,28.3062],[-115.1638,28.2604],[-115.1736,28.2151],[-115.1564,28.1793],[-115.1576,28.1426],[-115.1861,28.1058],[-115.1853,28.0314],[-115.21,28.0395],[-115.2298,28.0295],[-115.2554,28.0375],[-115.2655,28.0729],[-115.2895,28.0928],[-115.3343,28.0862],[-115.3454,28.0743],[-115.3597,28.081],[-115.353,28.1172],[-115.3162,28.1378],[-115.243,28.2209],[-115.238,28.2319],[-115.2579,28.2734],[-115.2538,28.2862],[-115.2644,28.294],[-115.2477,28.3157],[-115.2516,28.3367],[-115.2399,28.3424],[-115.2458,28.3543],[-115.2149,28.3765]]],[[[-115.5426,28.3089],[-115.5368,28.3002],[-115.5437,28.2914],[-115.5499,28.3045],[-115.5426,28.3089]]],[[[-115.6014,28.3159],[-115.5826,28.3057],[-115.5753,28.3109],[-115.5807,28.2957],[-115.6064,28.3002],[-115.6014,28.3159]]],[[[-115.5609,28.3085],[-115.5706,28.3083],[-115.5734,28.3135],[-115.5677,28.3139],[-115.5609,28.3085]]],[[[-114.616,28.9652],[-114.6159,28.9658],[-114.6157,28.9655],[-114.616,28.9652]]],[[[-118.2647,29.1906],[-118.2862,29.1501],[-118.2872,29.1318],[-118.2824,29.1086],[-118.2535,29.0947],[-118.2281,29.062],[-118.2215,29.0108],[-118.229,28.975],[-118.221,28.9626],[-118.2279,28.9218],[-118.2482,28.891],[-118.2957,28.8795],[-118.2825,28.8962],[-118.2984,28.9357],[-118.2909,28.9677],[-118.3136,28.98],[-118.305,29.0045],[-118.3171,29.0378],[-118.3647,29.0775],[-118.3512,29.1146],[-118.3653,29.1464],[-118.3185,29.1751],[-118.2949,29.1715],[-118.2647,29.1906]]],[[[-115.4996,29.6149],[-115.5003,29.6145],[-115.4997,29.615],[-115.4996,29.6149]]],[[[-115.7949,29.7926],[-115.7882,29.7933],[-115.7951,29.7866],[-115.7949,29.7926]]],[[[-114.5539,30.0898],[-114.5401,30.0923],[-114.5352,30.0833],[-114.5539,30.0898]]],[[[-114.6272,30.1291],[-114.6255,30.1312],[-114.626,30.1291],[-114.6272,30.1291]]],[[[-116.1113,30.497],[-116.1001,30.4846],[-116.123,30.4846],[-116.122,30.493],[-116.1113,30.497]]],[[[-114.8738,31.4004],[-114.8528,31.3827],[-114.8791,31.3382],[-114.8855,31.3059],[-114.8795,31.2972],[-114.8901,31.2845],[-114.8846,31.2716],[-114.8947,31.2648],[-114.8814,31.2628],[-114.8907,31.1621],[-114.8856,31.1236],[-114.8559,31.0786],[-114.8142,31.0522],[-114.8117,31.044],[-114.8327,31.0221],[-114.8341,31.0017],[-114.8285,30.9968],[-114.8246,30.9991],[-114.8219,30.9968],[-114.8294,30.9939],[-114.7202,30.937],[-114.7107,30.9092],[-114.6932,30.7446],[-114.7054,30.7123],[-114.6944,30.6774],[-114.6985,30.6321],[-114.6525,30.5572],[-114.6303,30.4894],[-114.6392,30.454],[-114.6305,30.4193],[-114.6436,30.377],[-114.6348,30.3495],[-114.6416,30.3488],[-114.6562,30.2842],[-114.6397,30.2585],[-114.6677,30.1914],[-114.6402,30.1525],[-114.6332,30.1264],[-114.6039,30.108],[-114.5854,30.0768],[-114.565,30.0109],[-114.5341,29.9682],[-114.4853,29.9466],[-114.4709,29.9135],[-114.4365,29.9106],[-114.413,29.8907],[-114.4133,29.8481],[-114.3941,29.828],[-114.4097,29.816],[-114.3991,29.8032],[-114.3974,29.8075],[-114.3929,29.8101],[-114.3957,29.7929],[-114.3864,29.7776],[-114.3535,29.7685],[-114.3424,29.7466],[-114.3299,29.7427],[-114.2953,29.7426],[-114.2814,29.7597],[-114.291,29.7567],[-114.2927,29.7672],[-114.2803,29.7725],[-114.2075,29.7438],[-114.1814,29.7081],[-114.1593,29.6911],[-114.1443,29.6913],[-114.1108,29.653],[-114.064,29.6295],[-114.0466,29.5969],[-113.9803,29.5669],[-113.8969,29.4849],[-113.8363,29.4562],[-113.8256,29.4293],[-113.7722,29.4097],[-113.6949,29.3245],[-113.6376,29.2837],[-113.6253,29.2533],[-113.6563,29.2093],[-113.6392,29.1981],[-113.6353,29.1734],[-113.6272,29.1754],[-113.6209,29.1609],[-113.6091,29.1637],[-113.5933,29.1304],[-113.5714,29.1166],[-113.5629,29.0859],[-113.5387,29.058],[-113.5345,29.0323],[-113.5491,29.04],[-113.5631,29.0073],[-113.5472,28.985],[-113.5418,28.9558],[-113.5454,28.9625],[-113.5574,28.9467],[-113.5261,28.8931],[-113.4796,28.8943],[-113.4715,28.9142],[-113.4874,28.928],[-113.4744,28.9435],[-113.48,28.9478],[-113.4579,28.9439],[-113.4468,28.9512],[-113.4555,28.9442],[-113.4472,28.9397],[-113.4383,28.9598],[-113.4241,28.9491],[-113.4287,28.9351],[-113.4169,28.9244],[-113.3964,28.9381],[-113.3827,28.9359],[-113.3939,28.915],[-113.3678,28.9039],[-113.3806,28.8947],[-113.3572,28.8739],[-113.3703,28.8612],[-113.3707,28.8368],[-113.3514,28.8169],[-113.3501,28.8029],[-113.3115,28.8036],[-113.2598,28.8407],[-113.2207,28.825],[-113.2123,28.8031],[-113.1964,28.7924],[-113.1942,28.7448],[-113.1596,28.6616],[-113.1288,28.6323],[-113.1302,28.598],[-113.1038,28.5054],[-113.0154,28.4575],[-112.971,28.4568],[-112.903,28.4751],[-112.8742,28.4501],[-112.8825,28.4379],[-112.8667,28.4253],[-112.859,28.4402],[-112.8465,28.4408],[-112.8442,28.422],[-112.8598,28.4039],[-112.8493,28.3821],[-112.8529,28.366],[-112.8755,28.3116],[-112.8683,28.2998],[-112.8732,28.2825],[-112.7866,28.1967],[-112.8118,28.1376],[-112.803,28.0845],[-112.7888,28.0678],[-112.8046,28.0276],[-112.7906,28.0066],[-112.7648,28.0],[-114.2054,28.0],[-114.1363,28.0851],[-114.1197,28.0815],[-114.116,28.0717],[-114.1151,28.0483],[-114.1354,28.0295],[-114.1275,28.0128],[-114.1137,28.0259],[-114.1198,28.0365],[-114.1185,28.0373],[-114.115,28.0291],[-114.1127,28.0253],[-114.1117,28.0248],[-114.1116,28.0242],[-114.1107,28.0236],[-114.1077,28.0335],[-114.0934,28.036],[-114.107,28.0226],[-114.1014,28.0175],[-114.1021,28.0242],[-114.0837,28.0264],[-114.0726,28.0465],[-114.0612,28.0462],[-114.0918,28.0649],[-114.0992,28.0591],[-114.1006,28.1081],[-114.1099,28.1194],[-114.0593,28.2087],[-114.061,28.1714],[-114.077,28.1457],[-114.0761,28.115],[-114.0609,28.0822],[-114.0481,28.0799],[-114.0404,28.0907],[-114.054,28.1233],[-114.039,28.1707],[-114.0563,28.1728],[-114.0501,28.1905],[-114.0354,28.1854],[-114.0513,28.201],[-114.0648,28.2604],[-114.0792,28.2711],[-114.0799,28.2569],[-114.0764,28.2509],[-114.0749,28.25],[-114.074,28.2491],[-114.074,28.2484],[-114.0826,28.2571],[-114.0925,28.25],[-114.082,28.2464],[-114.1031,28.2388],[-114.125,28.2568],[-114.0812,28.3443],[-114.0474,28.4426],[-114.0458,28.465],[-114.0692,28.4885],[-114.0694,28.5144],[-114.0866,28.5228],[-114.111,28.5561],[-114.1497,28.5596],[-114.1613,28.5691],[-114.1563,28.6195],[-114.1763,28.6525],[-114.2249,28.6667],[-114.2402,28.6663],[-114.2454,28.6529],[-114.259,28.664],[-114.2692,28.66],[-114.2706,28.6905],[-114.2828,28.7039],[-114.3016,28.7056],[-114.316,28.7269],[-114.3472,28.7309],[-114.3486,28.7723],[-114.3731,28.8114],[-114.3862,28.8066],[-114.3969,28.8162],[-114.4174,28.8795],[-114.4378,28.8758],[-114.4497,28.9065],[-114.4888,28.932],[-114.5259,28.9319],[-114.531,28.9178],[-114.5625,28.9704],[-114.5921,28.9698],[-114.6047,29.0015],[-114.6086,29.0574],[-114.6273,29.0902],[-114.6758,29.1132],[-114.7026,29.1012],[-114.7161,29.1101],[-114.7254,29.1358],[-114.7368,29.1388],[-114.7444,29.1824],[-114.8126,29.2136],[-114.823,29.2357],[-114.8375,29.2369],[-114.8635,29.2757],[-114.9673,29.3751],[-115.012,29.3853],[-115.0732,29.4165],[-115.1895,29.4281],[-115.2113,29.4724],[-115.2533,29.5162],[-115.3412,29.556],[-115.3786,29.5581],[-115.4579,29.6251],[-115.5061,29.6171],[-115.5861,29.693],[-115.6193,29.695],[-115.6993,29.7548],[-115.6848,29.8338],[-115.7019,29.9],[-115.7429,29.9479],[-115.7883,29.9594],[-115.8135,29.9499],[-115.7813,30.0909],[-115.8023,30.134],[-115.7953,30.2387],[-115.8117,30.3004],[-115.8489,30.3565],[-115.9065,30.3959],[-115.9436,30.4037],[-115.9873,30.3882],[-115.9716,30.4106],[-115.9372,30.411],[-115.9452,30.4364],[-115.9337,30.4581],[-115.9507,30.4626],[-115.9682,30.4862],[-115.978,30.4848],[-115.977,30.4987],[-115.9928,30.4989],[-115.9892,30.5114],[-115.9996,30.4975],[-115.963,30.4632],[-115.9573,30.4381],[-115.9782,30.4273],[-115.9953,30.4513],[-116.0149,30.4501],[-116.0215,30.4559],[-116.0273,30.4542],[-115.9947,30.4066],[-115.9962,30.3868],[-115.979,30.3644],[-115.9845,30.3569],[-116.0075,30.3655],[-116.012,30.4169],[-116.0481,30.4704],[-116.0281,30.6654],[-116.0325,30.6974],[-116.0468,30.7189],[-116.0568,30.7935],[-116.0747,30.8168],[-116.1022,30.8213],[-116.1485,30.8591],[-116.1747,30.8618],[-116.2006,30.8824],[-116.2154,30.914],[-116.2455,30.9334],[-116.2696,30.9668],[-116.3213,30.9557],[-116.3367,30.9684],[-116.3095,31.1524],[-116.3399,31.2077],[-116.3525,31.2138],[-116.3635,31.247],[-116.3924,31.2836],[-116.4165,31.2928],[-116.4402,31.325],[-116.4555,31.3287],[-116.4557,31.3467],[-116.4875,31.3693],[-116.5006,31.4108],[-116.5129,31.4146],[-116.5217,31.4345],[-116.571,31.4649],[-116.6025,31.4633],[-116.6087,31.4972],[-116.6342,31.5172],[-116.6485,31.5161],[-116.6692,31.5526],[-116.6911,31.5533],[-116.6921,31.5714],[-116.6516,31.5824],[-116.6676,31.6179],[-116.6499,31.6645],[-116.6965,31.716],[-116.714,31.7139],[-116.7149,31.725],[-116.7243,31.7226],[-116.744,31.7439],[-116.7275,31.7491],[-116.6619,31.7191],[-116.619,31.7755],[-116.6359,31.7332],[-116.6528,31.7203],[-116.6475,31.7093],[-116.6413,31.7094],[-116.6477,31.7162],[-116.6281,31.7326],[-116.61,31.7709],[-116.6198,31.78],[-116.6096,31.8203],[-116.613,31.8414],[-116.6213,31.8412],[-116.6178,31.8529],[-116.6316,31.8592],[-116.6335,31.855],[-116.6288,31.8515],[-116.6253,31.844],[-116.6261,31.8403],[-116.64,31.8602],[-116.6689,31.8614],[-116.6994,31.8948],[-116.7463,31.902],[-116.7689,31.971],[-116.8515,31.9856],[-116.881,32.0187],[-116.8876,32.1292],[-116.9078,32.1651],[-116.9217,32.2248],[-116.9413,32.245],[-117.0241,32.2684],[-117.0384,32.2841],[-117.121,32.469],[-117.1245,32.5343],[-115.8793,32.6361],[-114.7197,32.7187],[-114.7646,32.6432],[-114.7854,32.6224],[-114.8079,32.6204],[-114.8013,32.5884],[-114.8123,32.5622],[-114.7918,32.5578],[-114.8043,32.5443],[-114.8159,32.483],[-114.8491,32.4734],[-114.8839,32.4923],[-114.935,32.4819],[-114.9319,32.4397],[-114.9615,32.4117],[-114.9545,32.3934],[-114.9685,32.3907],[-114.9666,32.3388],[-115.0364,32.2778],[-115.053,32.2452],[-114.9753,32.178],[-114.9897,32.1464],[-114.957,32.0386],[-114.9674,31.9969],[-114.9655,31.9184],[-114.9451,31.9101],[-114.9379,31.8908],[-114.9136,31.8813],[-114.9097,31.8673],[-114.8907,31.8723],[-114.8432,31.8636],[-114.8257,31.8288],[-114.8069,31.8167],[-114.8217,31.7329],[-114.8134,31.7182],[-114.819,31.7131],[-114.7909,31.6764],[-114.7836,31.6312],[-114.7916,31.6146],[-114.8141,31.6065],[-114.8307,31.621],[-114.8404,31.6095],[-114.838,31.5923],[-114.8553,31.5855],[-114.8687,31.528],[-114.853,31.4868],[-114.863,31.4308],[-114.8551,31.4296],[-114.8539,31.4272],[-114.8703,31.422],[-114.8738,31.4004]]],[[[-114.7451,31.5305],[-114.775,31.5388],[-114.7717,31.5587],[-114.7465,31.5401],[-114.7451,31.5305]]],[[[-114.7498,31.8053],[-114.7476,31.8003],[-114.7261,31.7602],[-114.6669,31.7169],[-114.6506,31.6799],[-114.6682,31.6763],[-114.7116,31.7103],[-114.6897,31.6817],[-114.7175,31.6812],[-114.7221,31.6946],[-114.7639,31.7057],[-114.7911,31.73],[-114.7999,31.8126],[-114.766,31.8159],[-114.7498,31.8053]]],[[[-116.7985,31.8068],[-116.7866,31.7994],[-116.7869,31.791],[-116.7985,31.8068]]],[[[-116.8083,31.8128],[-116.8014,31.8059],[-116.8093,31.8099],[-116.8083,31.8128]]],[[[-117.2508,32.4197],[-117.2422,32.4114],[-117.24,32.3911],[-117.2508,32.4197]]],[[[-117.2616,32.4171],[-117.2573,32.4185],[-117.2596,32.4147],[-117.2616,32.4171]]],[[[-117.3,32.4403],[-117.2956,32.4407],[-117.2941,32.4337],[-117.3,32.4403]]],[[[-114.1162,28.0967],[-114.1168,28.0963],[-114.1194,28.0879],[-114.1214,28.0956],[-114.1162,28.0967]]],[[[-114.2786,28.6704],[-114.2777,28.6687],[-114.2794,28.6693],[-114.2786,28.6704]]],[[[-114.2803,28.694],[-114.2797,28.6926],[-114.2809,28.6933],[-114.2803,28.694]]],[[[-114.3523,28.7678],[-114.3511,28.7671],[-114.3524,28.7673],[-114.3523,28.7678]]],[[[-113.5102,29.0013],[-113.502,28.994],[-113.5114,28.9887],[-113.517,28.9938],[-113.5102,29.0013]]],[[[-113.5207,28.997],[-113.5188,28.9965],[-113.5181,28.9951],[-113.5207,28.997]]],[[[-113.5211,28.9994],[-113.52,28.9979],[-113.5212,28.9984],[-113.5211,28.9994]]],[[[-113.5233,29.0068],[-113.5213,29.0048],[-113.5243,29.0016],[-113.5233,29.0068]]],[[[-113.515,29.0117],[-113.5141,29.0097],[-113.5159,29.0099],[-113.515,29.0117]]],[[[-113.525,29.0133],[-113.5242,29.0118],[-113.525,29.0107],[-113.525,29.0133]]],[[[-113.5164,29.0134],[-113.5108,29.0141],[-113.5111,29.0134],[-113.5164,29.0134]]],[[[-113.5128,29.062],[-113.5124,29.0611],[-113.5127,29.0611],[-113.5128,29.062]]],[[[-113.5219,29.0696],[-113.5159,29.0672],[-113.5149,29.0648],[-113.5219,29.0696]]],[[[-113.53,29.0985],[-113.529,29.0964],[-113.5308,29.0962],[-113.53,29.0985]]],[[[-113.6082,29.1681],[-113.6071,29.1665],[-113.6081,29.166],[-113.6082,29.1681]]],[[[-113.5567,29.5524],[-113.5605,29.5498],[-113.5579,29.5545],[-113.5567,29.5524]]],[[[-113.5793,29.561],[-113.5608,29.555],[-113.5763,29.5464],[-113.5793,29.561]]],[[[-113.5398,29.5664],[-113.5345,29.5619],[-113.5453,29.5654],[-113.5398,29.5664]]],[[[-114.3963,29.8192],[-114.3699,29.809],[-114.3696,29.8063],[-114.3902,29.8085],[-114.3963,29.8192]]],[[[-114.4165,29.9874],[-114.402,29.9828],[-114.3917,29.9618],[-114.4153,29.9487],[-114.4124,29.961],[-114.4237,29.967],[-114.4165,29.9874]]],[[[-114.3909,29.9934],[-114.387,29.992],[-114.3896,29.9887],[-114.3909,29.9934]]],[[[-114.48,30.0202],[-114.4733,30.0142],[-114.475,30.013],[-114.48,30.0202]]],[[[-114.4868,30.0505],[-114.4913,30.0533],[-114.4885,30.0545],[-114.4868,30.0505]]],[[[-112.307,28.3909],[-112.3023,28.3718],[-112.3206,28.3822],[-112.307,28.3909]]],[[[-112.8902,28.678],[-112.8387,28.6612],[-112.7526,28.5915],[-112.7722,28.5769],[-112.7826,28.5804],[-112.7989,28.6106],[-112.8438,28.6402],[-112.8678,28.644],[-112.8902,28.678]]],[[[-112.931,28.7095],[-112.9208,28.6997],[-112.8976,28.6972],[-112.8951,28.6799],[-112.9314,28.6964],[-112.931,28.7095]]],[[[-112.9043,28.6993],[-112.904,28.6981],[-112.9047,28.6981],[-112.9043,28.6993]]],[[[-112.9632,28.7249],[-112.9622,28.7233],[-112.9645,28.7238],[-112.9632,28.7249]]],[[[-112.9657,28.7311],[-112.9508,28.7274],[-112.9463,28.7172],[-112.9657,28.7311]]],[[[-112.9667,28.7344],[-112.9661,28.7333],[-112.9671,28.7338],[-112.9667,28.7344]]],[[[-112.9856,28.8265],[-112.9772,28.8208],[-112.9863,28.824],[-112.9856,28.8265]]],[[[-113.3576,28.8264],[-113.3582,28.8275],[-113.3574,28.8279],[-113.3576,28.8264]]],[[[-112.9985,28.8366],[-112.9996,28.8367],[-112.9985,28.837],[-112.9985,28.8366]]],[[[-113.3591,28.8834],[-113.3588,28.8829],[-113.3599,28.8827],[-113.3591,28.8834]]],[[[-113.0287,28.8854],[-113.0298,28.8885],[-113.0267,28.8863],[-113.0287,28.8854]]],[[[-113.0408,28.8908],[-113.0327,28.8957],[-113.0445,28.8837],[-113.048,28.8944],[-113.0408,28.8908]]],[[[-113.0434,28.9122],[-113.0433,28.9107],[-113.0443,28.9112],[-113.0434,28.9122]]],[[[-113.3836,28.9241],[-113.3853,28.9247],[-113.3846,28.9266],[-113.3836,28.9241]]],[[[-113.4811,28.9553],[-113.4824,28.9565],[-113.4806,28.9554],[-113.4811,28.9553]]],[[[-113.474,28.9558],[-113.4774,28.9559],[-113.4735,28.9563],[-113.474,28.9558]]],[[[-113.4763,28.9735],[-113.4814,28.9674],[-113.4851,28.9789],[-113.4763,28.9735]]],[[[-113.5052,29.0141],[-113.5053,29.0149],[-113.505,29.0148],[-113.5052,29.0141]]],[[[-113.4663,29.0139],[-113.4642,29.0216],[-113.4603,29.0132],[-113.4663,29.0139]]],[[[-113.4991,29.0276],[-113.4983,29.0274],[-113.4984,29.0271],[-113.4991,29.0276]]],[[[-113.0894,29.0683],[-113.087,29.0621],[-113.098,29.0632],[-113.0894,29.0683]]],[[[-113.5053,29.0937],[-113.5027,29.0498],[-113.4892,29.0377],[-113.5071,29.0416],[-113.5025,29.0486],[-113.5138,29.0521],[-113.5097,29.062],[-113.5277,29.0938],[-113.5053,29.0937]]],[[[-113.5114,29.5494],[-113.5115,29.5382],[-113.4744,29.5311],[-113.431,29.4921],[-113.4254,29.4739],[-113.3934,29.4592],[-113.352,29.3873],[-113.3761,29.3495],[-113.3668,29.3079],[-113.2944,29.2813],[-113.276,29.2905],[-113.2555,29.2828],[-113.1835,29.2896],[-113.1676,29.2789],[-113.1786,29.2477],[-113.167,29.191],[-113.1746,29.1278],[-113.1539,29.095],[-113.1484,29.0662],[-113.1002,29.0562],[-113.1152,29.0286],[-113.1161,28.987],[-113.1886,29.0284],[-113.2004,29.048],[-113.244,29.0671],[-113.3007,29.1451],[-113.3506,29.1686],[-113.3639,29.1874],[-113.4044,29.2095],[-113.4428,29.2757],[-113.4969,29.2838],[-113.5073,29.3232],[-113.5255,29.3348],[-113.5699,29.4001],[-113.5882,29.4089],[-113.5923,29.451],[-113.5636,29.5052],[-113.5721,29.5384],[-113.5587,29.546],[-113.5604,29.5362],[-113.5455,29.534],[-113.5248,29.5433],[-113.526,29.5508],[-113.5114,29.5494]]]]}},{"type":"Feature","properties":{"cve_ent":"03","nombre":"Baja California Sur"},"geometry":{"type":"MultiPolygon","coordinates":[[[[-112.1201,25.4949],[-112.1196,25.4954],[-112.1197,25.4947],[-112.1201,25.4949]]],[[[-112.1201,25.4957],[-112.1207,25.4962],[-112.1203,25.4964],[-112.1201,25.4957]]],[[[-113.2377,26.733],[-113.229,26.7314],[-113.2155,26.7265],[-113.2121,26.7277],[-113.2032,26.7222],[-113.197,26.7235],[-113.1959,26.7189],[-113.1758,26.7188],[-113.1351,26.6588],[-113.2615,26.7089],[-113.2377,26.733]]],[[[-113.2344,26.7716],[-113.1955,26.7497],[-113.1925,26.7388],[-113.2151,26.7386],[-113.2191,26.7597],[-113.2344,26.7716]]],[[[-111.9139,26.8796],[-111.9139,26.8781],[-111.9154,26.8776],[-111.9139,26.8796]]],[[[-113.1547,26.9153],[-113.1493,26.9045],[-113.1547,26.891],[-113.1519,26.8987],[-113.1625,26.9035],[-113.1547,26.9153]]],[[[-113.1678,26.9279],[-113.1621,26.926],[-113.16,26.9197],[-113.1678,26.9279]]],[[[-111.9099,27.0373],[-111.9162,27.0373],[-111.9088,27.0429],[-111.9099,27.0373]]],[[[-111.9097,27.0581],[-111.9098,27.0597],[-111.9092,27.0599],[-111.9097,27.0581]]],[[[-114.2929,27.1101],[-114.289,27.1013],[-114.291,27.0983],[-114.2953,27.1015],[-114.2929,27.1101]]],[[[-114.2933,27.113],[-114.2936,27.1122],[-114.2942,27.1129],[-114.2933,27.113]]],[[[-114.3756,27.1507],[-114.3725,27.1452],[-114.3848,27.146],[-114.3756,27.1507]]],[[[-112.0691,27.1655],[-112.0678,27.1649],[-112.0677,27.1641],[-112.0691,27.1655]]],[[[-114.2054,28.0],[-112.7648,28.0],[-112.7563,27.9675],[-112.7669,27.9394],[-112.7613,27.8967],[-112.7716,27.8632],[-112.7355,27.8267],[-112.7197,27.8255],[-112.716,27.7859],[-112.7012,27.7514],[-112.6611,27.7094],[-112.6381,27.7061],[-112.6423,27.7028],[-112.6432,27.6953],[-112.6372,27.7048],[-112.6232,27.6782],[-112.5981,27.6647],[-112.5954,27.6505],[-112.4875,27.6211],[-112.4678,27.5992],[-112.4188,27.5905],[-112.3603,27.5526],[-112.3555,27.5345],[-112.3301,27.5176],[-112.3217,27.4433],[-112.3176,27.4377],[-112.315,27.437],[-112.315,27.4358],[-112.3124,27.4339],[-112.3121,27.4329],[-112.318,27.4289],[-112.2979,27.4042],[-112.3022,27.3839],[-112.2702,27.3576],[-112.2623,27.3333],[-112.2435,27.3256],[-112.2439,27.3174],[-112.2413,27.3258],[-112.2127,27.2654],[-112.195,27.25],[-112.1934,27.2443],[-112.1936,27.2344],[-112.1957,27.2282],[-112.1993,27.2245],[-112.2024,27.2114],[-112.2045,27.2071],[-112.1937,27.2436],[-112.1961,27.2506],[-112.2072,27.2493],[-112.1981,27.2415],[-112.2164,27.224],[-112.2129,27.2043],[-112.191,27.1947],[-112.1651,27.1651],[-112.1319,27.1582],[-112.0975,27.1331],[-112.0092,27.1168],[-111.9928,27.0965],[-111.9522,27.0949],[-111.946,27.0699],[-111.9736,27.0681],[-112.0065,27.033],[-112.0149,26.9747],[-112.0076,26.9575],[-111.9559,26.9142],[-111.9525,26.9012],[-111.9737,26.8975],[-111.9825,26.8887],[-111.9535,26.8992],[-111.9158,26.8774],[-111.9119,26.8578],[-111.8725,26.8317],[-111.8617,26.7842],[-111.8746,26.7763],[-111.8765,26.7558],[-111.8913,26.7633],[-111.9091,26.72],[-111.863,26.6933],[-111.8461,26.644],[-111.8064,26.6262],[-111.7826,26.5679],[-111.7376,26.5381],[-111.6963,26.5634],[-111.6771,26.5884],[-111.7156,26.6311],[-111.7593,26.6609],[-111.7655,26.6765],[-111.7945,26.6883],[-111.8144,26.7158],[-111.824,26.8202],[-111.8511,26.8794],[-111.822,26.8963],[-111.8017,26.8892],[-111.7481,26.846],[-111.7216,26.807],[-111.6821,26.7802],[-111.666,26.7813],[-111.647,26.745],[-111.6265,26.7411],[-111.6077,26.7191],[-111.5612,26.697],[-111.5674,26.5627],[-111.503,26.5306],[-111.4604,26.5377],[-111.4621,26.5286],[-111.4421,26.5183],[-111.4527,26.515],[-111.4551,26.488],[-111.472,26.4595],[-111.4689,26.4123],[-111.4248,26.381],[-111.4214,26.3728],[-111.434,26.3625],[-111.3961,26.3409],[-111.3871,26.3235],[-111.383,26.2806],[-111.3949,26.2769],[-111.3979,26.2563],[-111.3775,26.2159],[-111.379,26.1883],[-111.3614,26.1676],[-111.3447,26.1117],[-111.3238,26.1003],[-111.319,26.0692],[-111.3457,26.0279],[-111.3382,25.9881],[-111.3586,25.96],[-111.3552,25.9288],[-111.3368,25.9075],[-111.3421,25.8777],[-111.333,25.8358],[-111.316,25.8371],[-111.3026,25.8249],[-111.2997,25.8178],[-111.292,25.8128],[-111.302,25.808],[-111.3057,25.826],[-111.3173,25.83],[-111.3197,25.8158],[-111.3071,25.8117],[-111.3062,25.7735],[-111.2543,25.7402],[-111.2431,25.7214],[-111.2239,25.7253],[-111.1934,25.6135],[-111.1719,25.595],[-111.1647,25.5733],[-111.1451,25.5656],[-111.1425,25.55],[-111.1219,25.5286],[-111.0696,25.5311],[-111.075,25.5232],[-111.0682,25.514],[-111.0382,25.5215],[-111.0165,25.5146],[-111.0226,25.4971],[-111.0134,25.4772],[-111.0249,25.444],[-111.0037,25.4162],[-110.9797,25.3415],[-110.9555,25.3294],[-110.9474,25.2972],[-110.9331,25.2916],[-110.9462,25.2577],[-110.934,25.2155],[-110.9217,25.2104],[-110.9064,25.183],[-110.9075,25.1459],[-110.8794,25.1263],[-110.863,25.0807],[-110.829,25.0632],[-110.8162,25.0348],[-110.7984,25.0295],[-110.79,25.0359],[-110.7571,25.014],[-110.7497,24.9659],[-110.7203,24.9254],[-110.6992,24.9154],[-110.708,24.9078],[-110.6852,24.8838],[-110.6847,24.8575],[-110.6571,24.8062],[-110.6635,24.7717],[-110.6831,24.7431],[-110.6901,24.7072],[-110.7266,24.6748],[-110.7405,24.6149],[-110.7293,24.515],[-110.6868,24.4619],[-110.6932,24.4061],[-110.6785,24.3966],[-110.681,24.3571],[-110.6402,24.315],[-110.6115,24.2556],[-110.582,24.2403],[-110.557,24.2102],[-110.4224,24.1772],[-110.3244,24.1762],[-110.3408,24.1588],[-110.371,24.149],[-110.4038,24.1707],[-110.4334,24.1716],[-110.4261,24.1634],[-110.4295,24.1421],[-110.4152,24.1285],[-110.4236,24.1182],[-110.4136,24.1079],[-110.3921,24.1039],[-110.3512,24.114],[-110.352,24.1425],[-110.3047,24.1751],[-110.3058,24.2174],[-110.3012,24.2187],[-110.2994,24.2148],[-110.2984,24.2151],[-110.3008,24.219],[-110.3125,24.2202],[-110.3065,24.2332],[-110.3135,24.2504],[-110.3275,24.2443],[-110.3111,24.2613],[-110.3242,24.2579],[-110.323,24.2714],[-110.3318,24.2771],[-110.3365,24.2585],[-110.3371,24.2753],[-110.3275,24.282],[-110.3375,24.2954],[-110.327,24.3012],[-110.3374,24.3028],[-110.3399,24.3159],[-110.3155,24.3129],[-110.3163,24.3221],[-110.3343,24.3286],[-110.2835,24.3534],[-110.2334,24.3439],[-110.2357,24.318],[-110.1933,24.2939],[-110.1743,24.2523],[-110.1514,24.2492],[-110.0177,24.17],[-109.9979,24.1294],[-109.9838,24.0434],[-109.9298,24.029],[-109.8266,24.0608],[-109.8253,24.04],[-109.804,24.0219],[-109.8139,23.9987],[-109.8355,23.9848],[-109.8375,23.9328],[-109.8258,23.912],[-109.7728,23.8751],[-109.6993,23.799],[-109.7132,23.7377],[-109.6957,23.6922],[-109.6974,23.6632],[-109.6371,23.627],[-109.5832,23.6123],[-109.5872,23.6008],[-109.5834,23.5983],[-109.5805,23.6025],[-109.5849,23.6072],[-109.5829,23.6112],[-109.5753,23.6009],[-109.5201,23.5846],[-109.5095,23.5677],[-109.471,23.5578],[-109.4795,23.5197],[-109.4231,23.4454],[-109.4319,23.4138],[-109.4153,23.4036],[-109.4131,23.3872],[-109.4317,23.3768],[-109.4249,23.3061],[-109.439,23.2734],[-109.4379,23.2363],[-109.4585,23.1961],[-109.5362,23.1087],[-109.5764,23.0841],[-109.6088,23.0807],[-109.6704,23.0559],[-109.6727,23.0641],[-109.6771,23.0637],[-109.6715,23.0555],[-109.7143,23.0292],[-109.7129,23.0056],[-109.7948,22.964],[-109.8085,22.9332],[-109.8429,22.9026],[-109.9115,22.8856],[-109.8956,22.8753],[-109.9637,22.8721],[-109.9829,22.8802],[-110.0614,22.9491],[-110.0839,22.988],[-110.1533,23.2295],[-110.1664,23.3128],[-110.2152,23.3939],[-110.2301,23.4034],[-110.2355,23.4291],[-110.2661,23.4794],[-110.3376,23.5668],[-110.3919,23.603],[-110.6001,23.6981],[-110.6833,23.7687],[-110.8234,23.9171],[-110.9545,24.0339],[-111.0081,24.0707],[-111.0223,24.0929],[-111.2458,24.2268],[-111.4028,24.3085],[-111.5693,24.3662],[-111.6948,24.3507],[-111.712,24.3049],[-111.7458,24.3483],[-111.9485,24.4888],[-112.1019,24.5585],[-112.1149,24.5999],[-112.1746,24.6526],[-112.1667,24.6709],[-112.1493,24.6668],[-112.1387,24.681],[-112.147,24.7378],[-112.178,24.7669],[-112.2262,24.7887],[-112.2611,24.7794],[-112.26,24.75],[-112.2749,24.7747],[-112.305,24.794],[-112.2748,24.8402],[-112.2154,24.9883],[-112.1392,25.2548],[-112.129,25.2645],[-112.1248,25.2819],[-112.139,25.3011],[-112.112,25.3894],[-112.107,25.485],[-112.0974,25.4885],[-112.1008,25.7481],[-112.1896,25.9802],[-112.2343,26.0353],[-112.2764,26.0587],[-112.271,26.0708],[-112.2897,26.0552],[-112.3086,26.0717],[-112.328,26.1453],[-112.3749,26.2104],[-112.3662,26.2216],[-112.3773,26.2146],[-112.4104,26.2453],[-112.4548,26.2621],[-112.4737,26.2587],[-112.4782,26.2385],[-112.4978,26.2316],[-112.5791,26.2817],[-112.5709,26.2865],[-112.614,26.3021],[-112.6192,26.309],[-112.6129,26.305],[-112.6109,26.3128],[-112.6155,26.3193],[-112.6202,26.3104],[-112.653,26.3252],[-112.68,26.3147],[-112.711,26.3566],[-112.7617,26.3962],[-112.7919,26.4071],[-112.9629,26.5291],[-112.9251,26.5308],[-112.9026,26.521],[-112.8961,26.504],[-112.8138,26.4576],[-112.8643,26.5034],[-112.9059,26.5296],[-112.9541,26.5429],[-112.9653,26.5349],[-112.9842,26.5422],[-112.9719,26.5337],[-112.9816,26.5305],[-113.0807,26.6158],[-113.1348,26.6361],[-113.112,26.6593],[-113.0864,26.6414],[-113.0821,26.6228],[-113.0814,26.6355],[-113.0763,26.6285],[-113.07,26.6396],[-113.0529,26.6402],[-113.1519,26.7488],[-113.1409,26.7583],[-113.1508,26.7722],[-113.1406,26.7808],[-113.1496,26.793],[-113.129,26.7917],[-113.1255,26.796],[-113.1464,26.8025],[-113.1524,26.7901],[-113.1697,26.7956],[-113.1729,26.766],[-113.1861,26.7645],[-113.1861,26.756],[-113.1864,26.761],[-113.1884,26.7645],[-113.2102,26.7627],[-113.245,26.7879],[-113.2172,26.7974],[-113.2141,26.7894],[-113.1952,26.7926],[-113.2093,26.7963],[-113.1383,26.858],[-113.1316,26.8925],[-113.1386,26.9375],[-113.1656,26.9928],[-113.1759,26.9916],[-113.1693,26.9796],[-113.188,26.9681],[-113.201,26.928],[-113.2038,26.8505],[-113.2312,26.8352],[-113.2529,26.8453],[-113.2718,26.8195],[-113.2667,26.7532],[-113.2852,26.7523],[-113.3687,26.7975],[-113.4578,26.8053],[-113.4552,26.8115],[-113.446,26.8081],[-113.4136,26.807],[-113.4486,26.8103],[-113.4121,26.8135],[-113.4328,26.8164],[-113.421,26.8257],[-113.3911,26.8146],[-113.3962,26.8258],[-113.417,26.8326],[-113.454,26.8314],[-113.4654,26.8296],[-113.4702,26.8156],[-113.4732,26.8253],[-113.4853,26.8193],[-113.4874,26.8135],[-113.4735,26.8118],[-113.4786,26.8102],[-113.4796,26.808],[-113.4638,26.8126],[-113.4665,26.804],[-113.5105,26.7895],[-113.5215,26.753],[-113.549,26.7375],[-113.547,26.7189],[-113.5697,26.7149],[-113.5768,26.7047],[-113.6153,26.7166],[-113.6409,26.7309],[-113.6999,26.7909],[-113.6659,26.7752],[-113.6588,26.7597],[-113.6445,26.7565],[-113.6434,26.7384],[-113.5895,26.7141],[-113.6064,26.7324],[-113.637,26.7397],[-113.6417,26.7585],[-113.6562,26.7618],[-113.6709,26.7856],[-113.734,26.7998],[-113.7872,26.918],[-113.8553,26.9708],[-113.9522,26.999],[-113.9759,26.9932],[-113.983,26.9722],[-114.0031,26.9695],[-114.0528,27.0202],[-114.0603,27.0502],[-114.0906,27.0865],[-114.1575,27.1287],[-114.2606,27.1516],[-114.29,27.1435],[-114.2963,27.1227],[-114.3318,27.156],[-114.3622,27.1629],[-114.3822,27.1795],[-114.3962,27.182],[-114.415,27.1687],[-114.4352,27.1771],[-114.4272,27.1892],[-114.4344,27.2092],[-114.4558,27.2205],[-114.4793,27.2168],[-114.4878,27.2283],[-114.4882,27.3458],[-114.5141,27.4169],[-114.5768,27.4518],[-114.6019,27.4787],[-114.7132,27.5215],[-114.7379,27.5242],[-114.7936,27.615],[-114.8304,27.6311],[-114.8439,27.6276],[-114.847,27.6169],[-114.874,27.6434],[-114.8715,27.6499],[-114.8566,27.6378],[-114.8473,27.6479],[-114.8464,27.6757],[-114.8659,27.6953],[-114.8782,27.6992],[-114.8935,27.69],[-114.9006,27.6635],[-114.9339,27.678],[-114.9367,27.6983],[-114.9539,27.7163],[-114.9902,27.7288],[-115.0068,27.7164],[-115.017,27.7393],[-115.0259,27.7407],[-115.0521,27.82],[-115.0824,27.8479],[-115.0548,27.8618],[-115.0091,27.8288],[-114.866,27.8305],[-114.835,27.8093],[-114.7873,27.8157],[-114.762,27.8058],[-114.7369,27.8085],[-114.7026,27.7882],[-114.67,27.7894],[-114.6387,27.7769],[-114.5331,27.7862],[-114.5009,27.7721],[-114.4004,27.8185],[-114.3947,27.8148],[-114.4065,27.8145],[-114.4015,27.8077],[-114.3864,27.8031],[-114.36,27.8151],[-114.3378,27.8081],[-114.3308,27.789],[-114.3247,27.7877],[-114.3278,27.7986],[-114.343,27.8145],[-114.3295,27.8025],[-114.3357,27.8306],[-114.3248,27.837],[-114.3322,27.8426],[-114.3324,27.8463],[-114.3227,27.8438],[-114.3324,27.8591],[-114.3465,27.8541],[-114.3569,27.8341],[-114.3691,27.8422],[-114.3831,27.8206],[-114.3912,27.8225],[-114.3803,27.8357],[-114.3418,27.8635],[-114.3072,27.8723],[-114.2932,27.8597],[-114.2951,27.8463],[-114.303,27.8567],[-114.296,27.8456],[-114.2956,27.8349],[-114.2965,27.8307],[-114.2987,27.8274],[-114.2963,27.8384],[-114.309,27.8417],[-114.2994,27.8285],[-114.3048,27.8119],[-114.3042,27.8182],[-114.3118,27.8271],[-114.3054,27.8184],[-114.3141,27.8277],[-114.3225,27.8213],[-114.3069,27.8081],[-114.3058,27.8018],[-114.307,27.8066],[-114.3115,27.807],[-114.3073,27.7962],[-114.3211,27.776],[-114.3154,27.772],[-114.3139,27.7769],[-114.3155,27.779],[-114.3154,27.7794],[-114.3148,27.7797],[-114.2987,27.7479],[-114.2402,27.6957],[-114.2001,27.6913],[-114.161,27.6722],[-114.1471,27.6567],[-114.1527,27.6621],[-114.1283,27.5879],[-114.1131,27.5866],[-114.1081,27.6001],[-114.1123,27.5865],[-114.1076,27.6006],[-114.107,27.6009],[-114.1107,27.5899],[-114.1016,27.5859],[-114.0721,27.593],[-114.0901,27.6122],[-114.021,27.6613],[-113.9594,27.6515],[-113.9636,27.6648],[-113.956,27.6558],[-113.9261,27.6784],[-113.9251,27.7009],[-113.9158,27.7095],[-113.9275,27.7273],[-113.9483,27.7333],[-113.9424,27.7416],[-113.9452,27.7449],[-113.9524,27.7377],[-113.9731,27.752],[-113.9766,27.7428],[-113.9774,27.7455],[-113.9731,27.753],[-113.9722,27.7528],[-113.9906,27.7621],[-114.0288,27.7413],[-114.0452,27.7897],[-114.0523,27.7872],[-114.0712,27.8122],[-114.0782,27.8031],[-114.0827,27.8043],[-114.0849,27.8025],[-114.0855,27.8007],[-114.0733,27.8015],[-114.0797,27.7987],[-114.0511,27.7633],[-114.0443,27.7374],[-114.0744,27.7367],[-114.0701,27.731],[-114.0783,27.723],[-114.0822,27.7266],[-114.0748,27.7328],[-114.0769,27.7391],[-114.1053,27.7139],[-114.1002,27.7154],[-114.0979,27.7154],[-114.096,27.7141],[-114.0983,27.7069],[-114.1464,27.7262],[-114.159,27.7762],[-114.1773,27.7995],[-114.1618,27.8294],[-114.1779,27.8196],[-114.1786,27.8229],[-114.1335,27.8824],[-114.1357,27.875],[-114.1343,27.8735],[-114.1304,27.8731],[-114.1273,27.89],[-114.1588,27.9016],[-114.1666,27.9069],[-114.1684,27.912],[-114.2032,27.9159],[-114.1724,27.9223],[-114.1695,27.9126],[-114.1674,27.9122],[-114.1676,27.9106],[-114.164,27.9095],[-114.1521,27.9194],[-114.1456,27.9068],[-114.1516,27.9033],[-114.1443,27.9018],[-114.1423,27.9106],[-114.1443,27.9106],[-114.151,27.9202],[-114.1463,27.9178],[-114.1478,27.9164],[-114.1475,27.9159],[-114.1466,27.9157],[-114.1359,27.9189],[-114.1535,27.9208],[-114.1639,27.9151],[-114.1577,27.9269],[-114.166,27.9284],[-114.1636,27.9376],[-114.1587,27.9345],[-114.1542,27.936],[-114.1539,27.9379],[-114.1566,27.9423],[-114.1442,27.9397],[-114.1551,27.9434],[-114.1574,27.9419],[-114.1549,27.9358],[-114.1638,27.9382],[-114.1683,27.9285],[-114.1658,27.9193],[-114.1726,27.9241],[-114.1714,27.9491],[-114.1591,27.9479],[-114.169,27.9523],[-114.1776,27.9431],[-114.1793,27.9485],[-114.1867,27.9531],[-114.1746,27.9395],[-114.1794,27.9223],[-114.1973,27.9238],[-114.1792,27.9301],[-114.1822,27.9312],[-114.196,27.9283],[-114.2034,27.9203],[-114.2133,27.9325],[-114.2098,27.9229],[-114.2249,27.9298],[-114.2156,27.9197],[-114.2365,27.9205],[-114.2638,27.8875],[-114.2744,27.9021],[-114.2739,27.9297],[-114.2054,28.0]]],[[[-112.0873,27.2587],[-112.0466,27.2246],[-112.0434,27.2084],[-112.0594,27.1797],[-112.0848,27.1857],[-112.0884,27.216],[-112.1084,27.2386],[-112.0873,27.2587]]],[[[-114.7108,27.514],[-114.7107,27.5136],[-114.7111,27.5139],[-114.7108,27.514]]],[[[-114.71,27.5149],[-114.7095,27.5146],[-114.71,27.5146],[-114.71,27.5149]]],[[[-114.7112,27.5159],[-114.7107,27.5154],[-114.7112,27.5155],[-114.7112,27.5159]]],[[[-114.2152,27.7546],[-114.2202,27.7545],[-114.1852,27.7213],[-114.2164,27.7411],[-114.2284,27.7459],[-114.2233,27.7366],[-114.234,27.7385],[-114.2499,27.7483],[-114.2486,27.7555],[-114.2259,27.7512],[-114.2328,27.7591],[-114.2211,27.7601],[-114.2267,27.7679],[-114.2152,27.7546]]],[[[-114.167,27.7642],[-114.1646,27.7422],[-114.146,27.7214],[-114.1834,27.7528],[-114.1845,27.7678],[-114.167,27.7642]]],[[[-112.7402,27.8433],[-112.7368,27.8411],[-112.7414,27.8424],[-112.7402,27.8433]]],[[[-115.2116,27.8957],[-115.1621,27.8704],[-115.1665,27.8526],[-115.1783,27.8497],[-115.189,27.8763],[-115.2188,27.8882],[-115.2116,27.8957]]],[[[-115.2237,27.894],[-115.223,27.8926],[-115.2243,27.8936],[-115.2237,27.894]]],[[[-112.7597,27.9017],[-112.7604,27.9027],[-112.7597,27.9034],[-112.7597,27.9017]]],[[[-110.8612,25.1301],[-110.8614,25.1281],[-110.8619,25.1295],[-110.8612,25.1301]]],[[[-110.9166,25.2092],[-110.9169,25.2101],[-110.9154,25.21],[-110.9166,25.2092]]],[[[-110.9224,25.2476],[-110.9208,25.2466],[-110.9229,25.2468],[-110.9224,25.2476]]],[[[-110.9542,25.3295],[-110.9529,25.3286],[-110.9546,25.3286],[-110.9542,25.3295]]],[[[-111.1527,25.5881],[-111.1443,25.5855],[-111.153,25.5829],[-111.1527,25.5881]]],[[[-111.1324,25.5881],[-111.1293,25.5866],[-111.1301,25.5843],[-111.1324,25.5881]]],[[[-111.0348,25.7141],[-111.0133,25.6788],[-111.0298,25.6498],[-111.0469,25.6644],[-111.0596,25.7073],[-111.0348,25.7141]]],[[[-111.2257,25.7303],[-111.224,25.7315],[-111.2243,25.7293],[-111.2257,25.7303]]],[[[-111.0426,25.74],[-111.0448,25.7421],[-111.0439,25.7432],[-111.0426,25.74]]],[[[-111.0497,25.7415],[-111.0488,25.7427],[-111.0488,25.7406],[-111.0497,25.7415]]],[[[-111.2269,25.745],[-111.2271,25.7432],[-111.2282,25.7444],[-111.2269,25.745]]],[[[-111.2754,25.7579],[-111.274,25.7569],[-111.276,25.7554],[-111.2754,25.7579]]],[[[-111.2812,25.7684],[-111.2814,25.7672],[-111.2817,25.7681],[-111.2812,25.7684]]],[[[-111.2542,25.8108],[-111.2433,25.7891],[-111.2453,25.7647],[-111.2593,25.7831],[-111.2612,25.8096],[-111.2542,25.8108]]],[[[-111.3167,25.8402],[-111.3174,25.8413],[-111.3164,25.8424],[-111.3167,25.8402]]],[[[-111.0596,26.0699],[-111.0842,26.0162],[-111.0801,25.998],[-111.0691,25.9971],[-111.0668,25.9659],[-111.1011,25.9977],[-111.12,25.9939],[-111.1323,25.9614],[-111.1797,25.9052],[-111.1816,25.8665],[-111.2038,25.8479],[-111.2045,25.8062],[-111.2289,25.8225],[-111.2333,25.8481],[-111.2146,25.8698],[-111.2198,25.8843],[-111.1978,25.9558],[-111.1679,25.9893],[-111.1726,26.0042],[-111.1626,26.0193],[-111.1754,26.0417],[-111.135,26.0519],[-111.1285,26.0675],[-111.1038,26.0515],[-111.0596,26.0699]]],[[[-111.1804,26.046],[-111.1779,26.0439],[-111.1809,26.0451],[-111.1804,26.046]]],[[[-111.3047,26.1063],[-111.3063,26.1046],[-111.3063,26.1058],[-111.3047,26.1063]]],[[[-111.265,26.1356],[-111.2633,26.1061],[-111.2971,26.0986],[-111.2797,26.1113],[-111.2884,26.1203],[-111.2791,26.1354],[-111.265,26.1356]]],[[[-111.4345,26.64],[-111.4282,26.6369],[-111.4251,26.6245],[-111.4304,26.6241],[-111.4345,26.64]]],[[[-111.866,27.4513],[-111.8559,27.4407],[-111.8599,27.4306],[-111.8861,27.4277],[-111.9018,27.4381],[-111.8917,27.4547],[-111.866,27.4513]]],[[[-109.8947,22.8748],[-109.8942,22.8755],[-109.8945,22.8748],[-109.8947,22.8748]]],[[[-109.8933,22.8764],[-109.8931,22.8758],[-109.8933,22.8757],[-109.8933,22.8764]]],[[[-110.1491,24.2525],[-110.1486,24.2519],[-110.1496,24.252],[-110.1491,24.2525]]],[[[-109.8019,24.1376],[-109.8637,24.1475],[-109.8932,24.1868],[-109.9225,24.2625],[-109.9184,24.2914],[-109.9395,24.325],[-109.9343,24.3759],[-109.8425,24.2272],[-109.8197,24.2048],[-109.7991,24.1558],[-109.8019,24.1376]]],[[[-110.3396,24.2891],[-110.3387,24.2872],[-110.3415,24.2859],[-110.3396,24.2891]]],[[[-110.3836,24.4569],[-110.3845,24.4573],[-110.3829,24.4576],[-110.3836,24.4569]]],[[[-110.3866,24.4665],[-110.3841,24.4658],[-110.3885,24.4655],[-110.3866,24.4665]]],[[[-110.3521,24.5313],[-110.3214,24.5023],[-110.3055,24.5036],[-110.3065,24.4872],[-110.2891,24.4729],[-110.2938,24.4587],[-110.3096,24.4546],[-110.308,24.4253],[-110.3276,24.4024],[-110.3516,24.4054],[-110.3449,24.4147],[-110.3546,24.415],[-110.3496,24.4334],[-110.3627,24.437],[-110.3705,24.4289],[-110.3665,24.4432],[-110.3762,24.4411],[-110.3786,24.449],[-110.3545,24.4565],[-110.3712,24.4574],[-110.3564,24.469],[-110.3765,24.4675],[-110.3635,24.4815],[-110.3865,24.4747],[-110.3829,24.4887],[-110.3933,24.4973],[-110.3804,24.5071],[-110.3973,24.5098],[-110.3876,24.5161],[-110.3994,24.5185],[-110.3521,24.5313]]],[[[-110.4026,24.4861],[-110.4075,24.4797],[-110.4093,24.4816],[-110.4026,24.4861]]],[[[-110.398,24.5916],[-110.3613,24.554],[-110.3679,24.5307],[-110.378,24.5401],[-110.3845,24.5314],[-110.3991,24.5363],[-110.3749,24.5516],[-110.3831,24.557],[-110.4099,24.5476],[-110.3924,24.5633],[-110.4145,24.5683],[-110.396,24.5808],[-110.398,24.5916]]],[[[-110.3998,24.5989],[-110.4004,24.5985],[-110.4014,24.5989],[-110.4042,24.5978],[-110.4045,24.5981],[-110.4038,24.599],[-110.3998,24.5989]]],[[[-110.5713,24.8433],[-110.5603,24.8225],[-110.5652,24.8142],[-110.5869,24.8282],[-110.5713,24.8433]]],[[[-110.6053,24.8432],[-110.6052,24.8435],[-110.6052,24.8431],[-110.6053,24.8432]]],[[[-110.5812,24.8531],[-110.58,24.853],[-110.5807,24.8522],[-110.5812,24.8531]]],[[[-110.6033,24.8737],[-110.6039,24.8761],[-110.6036,24.8772],[-110.6033,24.8737]]],[[[-110.7049,25.1048],[-110.6691,25.0525],[-110.6032,25.0396],[-110.5752,25.0161],[-110.5661,24.9883],[-110.5703,24.9541],[-110.5256,24.883],[-110.5307,24.8773],[-110.5898,24.865],[-110.5735,24.8786],[-110.5745,24.8883],[-110.6176,24.9152],[-110.6416,24.9143],[-110.6352,24.9288],[-110.6556,24.9483],[-110.6782,25.0171],[-110.7137,25.0316],[-110.7175,25.0544],[-110.7049,25.1048]]],[[[-110.5094,25.1147],[-110.5114,25.1115],[-110.511,25.115],[-110.5094,25.1147]]],[[[-110.6975,25.2056],[-110.6971,25.1979],[-110.7047,25.1941],[-110.6975,25.2056]]],[[[-110.689,25.3114],[-110.7108,25.2674],[-110.7302,25.2618],[-110.7315,25.292],[-110.689,25.3114]]],[[[-110.7806,25.7122],[-110.7631,25.6906],[-110.7695,25.6776],[-110.7587,25.5937],[-110.7863,25.6061],[-110.805,25.6473],[-110.7933,25.6957],[-110.7806,25.7122]]]]}},{"type":"Feature","properties":{"cve_ent":"04","nombre":"Campeche"},"geometry":{"type":"MultiPolygon","coordinates":[[[[-89.1517,17.8156],[-90.9876,17.8155],[-90.9877,17.8754],[-90.9956,17.8755],[-90.988,17.9625],[-91.1202,17.9634],[-91.1136,17.9759],[-91.1307,17.9823],[-91.1332,17.958],[-91.1511,17.9627],[-91.1447,17.9752],[-91.2175,17.975],[-91.327,18.0627],[-91.3594,18.0704],[-91.3844,18.0641],[-91.3986,18.08],[-91.4334,18.0821],[-91.4773,18.1128],[-91.504,18.1165],[-91.5057,18.13],[-91.5165,18.1305],[-91.5152,18.155],[-91.5019,18.1556],[-91.5093,18.1711],[-91.5345,18.1462],[-91.5528,18.1582],[-91.58,18.1582],[-91.5722,18.142],[-91.5953,18.1252],[-91.5898,18.108],[-91.6095,18.0984],[-91.6247,17.9491],[-91.6127,17.9129],[-91.6331,17.905],[-91.6388,17.874],[-91.7251,17.9245],[-91.7605,17.9576],[-91.7623,17.939],[-91.8046,17.9726],[-91.8672,17.9833],[-91.9004,18.0121],[-91.9667,18.016],[-91.9788,18.0428],[-91.9922,18.0393],[-92.0144,18.0526],[-92.0282,18.0772],[-92.0421,18.0783],[-92.0399,18.098],[-92.0768,18.0943],[-92.083,18.0857],[-92.1217,18.1018],[-92.1283,18.1201],[-92.149,18.1367],[-92.1488,18.1493],[-92.1609,18.1554],[-92.1644,18.1979],[-92.1489,18.2104],[-92.1832,18.2741],[-92.173,18.2753],[-92.1744,18.2933],[-92.1804,18.2898],[-92.1714,18.339],[-92.1819,18.3759],[-92.1761,18.4582],[-92.3103,18.4556],[-92.3225,18.4731],[-92.3487,18.4431],[-92.3583,18.4444],[-92.3643,18.4637],[-92.4141,18.4873],[-92.4264,18.515],[-92.4262,18.557],[-92.4657,18.6166],[-92.4688,18.651],[-92.3638,18.6696],[-91.976,18.6994],[-91.9509,18.6929],[-91.9009,18.6302],[-91.8567,18.6126],[-91.8259,18.6302],[-91.854,18.6473],[-91.8413,18.6643],[-91.7436,18.6791],[-91.5344,18.7798],[-91.5224,18.7656],[-91.3965,18.8901],[-91.1205,19.0304],[-91.0805,19.0679],[-90.8992,19.1837],[-90.7634,19.3021],[-90.7227,19.3589],[-90.725,19.4019],[-90.703,19.4866],[-90.7111,19.5275],[-90.7041,19.5536],[-90.7119,19.5623],[-90.6856,19.6254],[-90.7063,19.6544],[-90.7437,19.6551],[-90.7064,19.6547],[-90.7041,19.6667],[-90.7124,19.6717],[-90.671,19.7174],[-90.6613,19.7589],[-90.5932,19.8171],[-90.5221,19.8584],[-90.5291,19.866],[-90.5215,19.8588],[-90.5089,19.8662],[-90.4473,19.9595],[-90.4521,19.9741],[-90.4707,19.9858],[-90.4626,20.014],[-90.4912,20.0613],[-90.4788,20.1132],[-90.4952,20.1601],[-90.4774,20.1852],[-90.4794,20.208],[-90.4856,20.2043],[-90.4868,20.2118],[-90.4805,20.2089],[-90.4891,20.2156],[-90.4888,20.3309],[-90.4967,20.3409],[-90.4829,20.3745],[-90.4965,20.4292],[-90.4927,20.4475],[-90.5026,20.4641],[-90.475,20.4706],[-90.4938,20.4793],[-90.5022,20.4718],[-90.5023,20.4976],[-90.4482,20.6338],[-90.4433,20.7192],[-90.4525,20.6857],[-90.454,20.7033],[-90.4485,20.7163],[-90.4339,20.7282],[-90.4312,20.7466],[-90.4075,20.7683],[-90.4068,20.7764],[-90.4149,20.7759],[-90.4154,20.8169],[-90.4045,20.8468],[-90.3794,20.8483],[-90.3866,20.5556],[-90.3411,20.5537],[-90.3352,20.5763],[-90.3352,20.5413],[-90.2292,20.5436],[-90.2325,20.5199],[-90.2238,20.5192],[-90.2342,20.4705],[-90.1848,20.461],[-90.1863,20.4369],[-90.1316,20.4431],[-90.101,20.4253],[-90.0672,20.4252],[-90.0417,20.4665],[-90.0056,20.4774],[-90.0042,20.487],[-89.838,20.2872],[-89.8724,20.2876],[-89.8757,20.2531],[-89.8407,20.251],[-89.8462,20.2097],[-89.8025,20.2016],[-89.794,20.1362],[-89.7485,20.1793],[-89.5987,19.9982],[-89.6047,19.9383],[-89.5958,19.9374],[-89.5974,19.9211],[-89.5868,19.9205],[-89.5875,19.8744],[-89.5257,19.7756],[-89.4759,19.7712],[-89.4791,19.7406],[-89.4917,19.7422],[-89.4772,19.7111],[-89.4683,19.7002],[-89.4481,19.6984],[-89.4125,19.6494],[-89.1467,19.4239],[-89.147,19.1332],[-89.1358,19.1324],[-89.1471,18.995],[-89.1444,18.7559],[-89.1557,18.7531],[-89.1502,18.4511],[-89.1255,18.4506],[-89.1212,18.3858],[-89.1382,18.3855],[-89.1324,18.2934],[-89.1517,18.2936],[-89.1581,18.2213],[-89.1429,18.2242],[-89.1431,18.1458],[-89.2002,18.1446],[-89.2025,18.0833],[-89.1444,18.0824],[-89.1448,18.0577],[-89.1634,18.0579],[-89.163,18.0185],[-89.2067,18.0211],[-89.2073,18.0074],[-89.2059,17.9541],[-89.1522,17.9536],[-89.1517,17.8156]]],[[[-91.9569,20.1971],[-91.9555,20.1961],[-91.9577,20.1967],[-91.9569,20.1971]]],[[[-91.979,20.204],[-91.9766,20.2032],[-91.9766,20.2028],[-91.979,20.204]]],[[[-91.9611,20.2029],[-91.9627,20.205],[-91.9623,20.2086],[-91.9611,20.2029]]],[[[-90.4972,20.3423],[-90.4987,20.3442],[-90.4963,20.3437],[-90.4972,20.3423]]],[[[-90.4697,20.6531],[-90.4709,20.5984],[-90.4783,20.6183],[-90.4697,20.6531]]],[[[-90.4624,20.6415],[-90.4704,20.6561],[-90.4694,20.6584],[-90.4616,20.6555],[-90.4624,20.6415]]],[[[-90.4586,20.6937],[-90.4541,20.6559],[-90.4668,20.6728],[-90.4586,20.6937]]]]}},{"type":"Feature","properties":{"cve_ent":"05","nombre":"Coahuila"},"geometry":{"type":"Polygon","coordinates":[[[-102.9752,24.7995],[-103.0059,24.7934],[-103.0334,24.8108],[-103.0928,24.8227],[-103.2591,24.9647],[-103.2454,24.9825],[-103.2466,24.996],[-103.2705,25.0157],[-103.2675,25.028],[-103.278,25.0346],[-103.2618,25.0581],[-103.3372,25.0991],[-103.3427,25.1103],[-103.3595,25.11],[-103.4029,25.1823],[-103.4387,25.202],[-103.4502,25.2286],[-103.4732,25.2501],[-103.4967,25.2557],[-103.5109,25.2798],[-103.4793,25.3239],[-103.4865,25.3329],[-103.4662,25.3523],[-103.4621,25.3763],[-103.4067,25.3989],[-103.3655,25.3932],[-103.3512,25.373],[-103.3369,25.3712],[-103.3414,25.4101],[-103.3691,25.4165],[-103.4944,25.5377],[-103.4554,25.5571],[-103.451,25.5789],[-103.4354,25.5828],[-103.4384,25.5966],[-103.416,25.6144],[-103.4248,25.6237],[-103.4033,25.6281],[-103.406,25.645],[-103.3814,25.6403],[-103.383,25.6553],[-103.3492,25.6934],[-103.355,25.6999],[-103.3394,25.7076],[-103.3528,25.7166],[-103.3337,25.7387],[-103.3186,25.8127],[-103.3464,25.8603],[-103.3505,26.1424],[-103.2608,26.2847],[-103.3168,26.3618],[-103.3742,26.6024],[-103.6439,26.6902],[-103.6583,26.7195],[-103.7152,26.7351],[-103.754,26.8296],[-103.7796,26.8361],[-103.8517,26.8961],[-103.8359,26.9358],[-103.8521,26.9346],[-103.7846,26.9807],[-103.7799,27.0089],[-103.7408,27.0225],[-103.7525,27.0779],[-103.7835,27.0912],[-103.7994,27.1247],[-103.7984,27.2135],[-103.8094,27.2492],[-103.8198,27.243],[-103.8321,27.2983],[-103.8769,27.3116],[-103.8585,27.4399],[-103.8546,27.5494],[-103.8688,27.6071],[-103.8836,27.6008],[-103.8973,27.6565],[-103.8832,27.6576],[-103.8955,27.674],[-103.8895,27.7132],[-103.8967,27.7406],[-103.8811,27.7392],[-103.9356,27.7976],[-103.9008,27.8269],[-103.9439,27.8269],[-103.96,27.8353],[-103.9458,27.8564],[-103.9433,27.8888],[-103.955,27.9508],[-103.9356,27.9453],[-103.9419,27.9278],[-103.8929,27.914],[-103.8777,27.9575],[-103.9267,27.9714],[-103.8609,28.109],[-103.8675,28.1121],[-103.643,28.5125],[-103.6479,28.533],[-103.6246,28.5811],[-103.601,28.5749],[-103.5919,28.5908],[-103.616,28.5982],[-103.5964,28.6395],[-103.582,28.6288],[-103.5727,28.6406],[-103.5573,28.6113],[-103.5198,28.6687],[-103.5145,28.665],[-103.4317,28.8132],[-103.41,28.8409],[-103.4046,28.8296],[-103.3963,28.8335],[-103.4037,28.8693],[-103.3577,28.9203],[-103.3076,29.0033],[-103.2879,29.0021],[-103.2817,28.9875],[-103.2884,28.9781],[-103.2799,28.9759],[-103.2673,28.996],[-103.2505,28.9803],[-103.228,28.9917],[-103.1639,28.972],[-103.1161,28.9842],[-103.1175,29.0001],[-103.098,29.0268],[-103.1067,29.0384],[-103.1007,29.0603],[-103.0924,29.0645],[-103.0859,29.0538],[-103.076,29.0914],[-103.0338,29.1012],[-103.0371,29.1138],[-103.0135,29.1251],[-102.9953,29.1796],[-102.9756,29.1863],[-102.9508,29.1735],[-102.9432,29.1916],[-102.9179,29.1908],[-102.9123,29.2194],[-102.8944,29.2086],[-102.8676,29.2234],[-102.8715,29.2416],[-102.9063,29.2593],[-102.9032,29.2791],[-102.8882,29.2927],[-102.8931,29.3079],[-102.884,29.348],[-102.8392,29.3589],[-102.8449,29.3743],[-102.8124,29.4003],[-102.8332,29.4102],[-102.8307,29.4443],[-102.8194,29.4508],[-102.8254,29.4579],[-102.8146,29.4825],[-102.8007,29.4861],[-102.8083,29.5226],[-102.7909,29.5432],[-102.771,29.5484],[-102.7777,29.5607],[-102.7621,29.5795],[-102.7684,29.5949],[-102.7402,29.5979],[-102.741,29.6359],[-102.6933,29.6767],[-102.6986,29.6973],[-102.6747,29.7442],[-102.6303,29.734],[-102.6124,29.7482],[-102.574,29.755],[-102.5696,29.7717],[-102.548,29.7446],[-102.5137,29.7657],[-102.5178,29.7839],[-102.4872,29.7869],[-102.4808,29.7762],[-102.4662,29.7838],[-102.4584,29.775],[-102.4342,29.7771],[-102.3876,29.7615],[-102.3903,29.7824],[-102.3772,29.7901],[-102.3649,29.8455],[-102.3415,29.8694],[-102.3237,29.864],[-102.3163,29.88],[-102.2812,29.8629],[-102.2651,29.8677],[-102.2603,29.8531],[-102.2464,29.8642],[-102.2446,29.8488],[-102.2232,29.8405],[-102.1963,29.8363],[-102.187,29.8488],[-102.1796,29.8261],[-102.167,29.8259],[-102.1436,29.8036],[-102.0722,29.7866],[-102.0491,29.7855],[-102.0355,29.8042],[-102.0146,29.7976],[-101.9972,29.8062],[-101.9879,29.797],[-101.9755,29.8157],[-101.9576,29.7959],[-101.9354,29.7996],[-101.9289,29.7827],[-101.9119,29.798],[-101.8748,29.7941],[-101.8532,29.8078],[-101.8236,29.7873],[-101.8255,29.8075],[-101.8176,29.8117],[-101.8038,29.8038],[-101.814,29.7924],[-101.8044,29.78],[-101.7753,29.7892],[-101.7346,29.7715],[-101.7192,29.7757],[-101.7101,29.7618],[-101.6897,29.7711],[-101.676,29.7606],[-101.6615,29.7713],[-101.6444,29.754],[-101.6272,29.7709],[-101.5749,29.7693],[-101.5698,29.7964],[-101.5456,29.8121],[-101.5353,29.7992],[-101.5358,29.7579],[-101.5022,29.7642],[-101.4595,29.7896],[-101.4477,29.7505],[-101.4089,29.771],[-101.3988,29.7677],[-101.4157,29.7464],[-101.3972,29.7354],[-101.3977,29.7138],[-101.3709,29.6988],[-101.3735,29.6775],[-101.3602,29.6481],[-101.3459,29.6628],[-101.3024,29.6519],[-101.3127,29.6059],[-101.3002,29.5743],[-101.2904,29.5728],[-101.2789,29.5877],[-101.2792,29.6197],[-101.2657,29.6307],[-101.2498,29.6238],[-101.243,29.5662],[-101.2583,29.5428],[-101.2586,29.5224],[-101.1856,29.518],[-101.1476,29.4745],[-101.0618,29.4642],[-101.057,29.4408],[-101.0101,29.3685],[-100.9502,29.3479],[-100.9399,29.3326],[-100.8864,29.3078],[-100.8769,29.2801],[-100.8349,29.2616],[-100.8138,29.2637],[-100.8162,29.2536],[-100.796,29.2452],[-100.7958,29.2288],[-100.7852,29.2279],[-100.767,29.1957],[-100.7728,29.1684],[-100.7393,29.1502],[-100.7245,29.1273],[-100.6761,29.1033],[-100.6457,28.9879],[-100.6515,28.9429],[-100.6297,28.9226],[-100.6409,28.9146],[-100.6326,28.9037],[-100.6225,28.9102],[-100.601,28.9016],[-100.6034,28.8877],[-100.5893,28.8855],[-100.5988,28.8748],[-100.573,28.8488],[-100.5744,28.8286],[-100.5476,28.8262],[-100.5351,28.8047],[-100.5334,28.7588],[-100.5211,28.7576],[-100.5074,28.7404],[-100.512,28.7065],[-100.5002,28.6617],[-100.4615,28.6408],[-100.4462,28.6417],[-100.4472,28.6092],[-100.3987,28.5854],[-100.411,28.5498],[-100.3885,28.5154],[-100.3339,28.4993],[-100.3684,28.4767],[-100.3375,28.443],[-100.3495,28.4034],[-100.3429,28.3872],[-100.2868,28.3132],[-100.2936,28.2788],[-100.2545,28.2379],[-100.2206,28.2328],[-100.2092,28.1912],[-100.0846,28.145],[-100.0565,28.1048],[-100.053,28.0851],[-100.0177,28.0651],[-100.0076,28.0215],[-99.9905,27.9936],[-99.9312,27.9806],[-99.9376,27.9422],[-99.8935,27.8995],[-99.9041,27.8737],[-99.877,27.8415],[-99.8776,27.7997],[-99.8508,27.7939],[-99.8444,27.7784],[-99.8432,27.7699],[-99.9324,27.6747],[-99.9988,27.6153],[-100.1884,27.7991],[-100.3506,27.6846],[-100.4177,27.3936],[-100.678,27.3348],[-100.8341,27.1952],[-100.8306,27.0739],[-100.8096,27.0684],[-100.7994,27.0458],[-100.7659,27.0633],[-100.7485,27.0492],[-100.7477,27.0363],[-100.7358,27.0476],[-100.7486,27.0813],[-100.7197,27.0792],[-100.7081,27.0999],[-100.6827,27.1114],[-100.6742,27.0846],[-100.534,27.0456],[-100.5453,26.9784],[-100.5407,26.881],[-100.5514,26.8587],[-100.5382,26.8086],[-100.5901,26.7595],[-100.6144,26.6856],[-100.6912,26.6138],[-100.753,26.7352],[-101.2068,26.3698],[-101.0976,26.2529],[-101.0686,26.189],[-101.0474,26.1698],[-100.9827,26.1395],[-100.9429,26.0868],[-100.9164,26.0756],[-100.9055,25.9569],[-100.8344,25.945],[-100.8227,25.9169],[-100.8358,25.8666],[-100.8619,25.8185],[-100.8056,25.7243],[-100.7878,25.6836],[-100.7834,25.6397],[-100.7298,25.6339],[-100.7199,25.6031],[-100.6903,25.5671],[-100.6329,25.5713],[-100.612,25.5514],[-100.6147,25.5423],[-100.5384,25.5319],[-100.5297,25.5144],[-100.5998,25.52],[-100.6191,25.5057],[-100.5795,25.4945],[-100.5849,25.4708],[-100.5309,25.4635],[-100.5175,25.449],[-100.5227,25.4343],[-100.4519,25.4108],[-100.4701,25.3378],[-100.4146,25.327],[-100.313,25.3364],[-100.2541,25.3069],[-100.2431,25.2674],[-100.2625,25.254],[-100.2344,25.2355],[-100.2472,25.2302],[-100.2296,25.2179],[-100.2614,25.2071],[-100.3256,25.2223],[-100.332,25.1863],[-100.4725,25.2312],[-100.5957,25.2548],[-100.7089,25.2365],[-100.8031,25.1653],[-100.8215,24.9967],[-100.7275,24.9187],[-100.8261,24.835],[-100.797,24.7508],[-100.8055,24.5963],[-100.7999,24.5562],[-100.8104,24.5516],[-100.8478,24.5556],[-100.9022,24.5839],[-100.9588,24.5427],[-101.0805,24.5912],[-101.1276,24.6234],[-101.2017,24.7655],[-101.3421,24.8134],[-101.4022,24.7882],[-101.4616,24.7368],[-101.6223,24.759],[-101.6408,24.8007],[-101.609,24.7897],[-101.6013,24.8356],[-101.6563,24.8608],[-101.6851,24.84],[-101.7735,24.8755],[-101.8319,24.9722],[-101.8488,25.0176],[-102.0818,25.0707],[-102.2376,25.1185],[-102.2955,25.1252],[-102.4633,25.1159],[-102.4468,24.9995],[-102.6697,25.0666],[-102.8531,24.772],[-102.8564,24.7398],[-102.9231,24.7803],[-102.9456,24.7785],[-102.9752,24.7995]]]}},{"type":"Feature","properties":{"cve_ent":"06","nombre":"Colima"},"geometry":{"type":"MultiPolygon","coordinates":[[[[-114.7564,18.3653],[-114.6896,18.3711],[-114.6805,18.3613],[-114.6984,18.3452],[-114.7288,18.3491],[-114.7521,18.3389],[-114.7594,18.3457],[-114.7564,18.3653]]],[[[-110.9886,18.8665],[-110.9403,18.8343],[-110.9077,18.7789],[-110.919,18.7697],[-110.9201,18.7323],[-110.9515,18.7192],[-110.9708,18.7453],[-111.0002,18.7583],[-111.0155,18.7537],[-111.0359,18.7879],[-111.0491,18.7799],[-111.0556,18.7807],[-111.041,18.7984],[-111.0434,18.8145],[-111.0521,18.8163],[-111.0129,18.8254],[-110.9989,18.8589],[-110.9886,18.8665]]],[[[-112.0643,18.9916],[-112.0661,18.9921],[-112.0662,18.9934],[-112.0643,18.9916]]],[[[-103.9715,18.8641],[-104.1608,18.9627],[-104.2951,19.0125],[-104.3321,19.0176],[-104.3301,19.0512],[-104.3147,19.0612],[-104.3177,19.0547],[-104.3054,19.0573],[-104.304,19.0719],[-104.334,19.1022],[-104.3454,19.1032],[-104.3542,19.091],[-104.357,19.1161],[-104.3949,19.1139],[-104.3954,19.085],[-104.4113,19.1064],[-104.4278,19.0918],[-104.4385,19.0984],[-104.4364,19.086],[-104.4417,19.0833],[-104.4515,19.1085],[-104.4854,19.123],[-104.604,19.1509],[-104.6902,19.1765],[-104.689,19.1841],[-104.68,19.1932],[-104.6293,19.1729],[-104.6188,19.1809],[-104.6128,19.1555],[-104.5898,19.1501],[-104.5858,19.1618],[-104.5961,19.1641],[-104.6003,19.1791],[-104.59,19.1865],[-104.5769,19.1802],[-104.5691,19.2187],[-104.5303,19.2598],[-104.5084,19.2442],[-104.4945,19.2539],[-104.489,19.2299],[-104.4773,19.2387],[-104.4717,19.2288],[-104.463,19.233],[-104.467,19.2451],[-104.4557,19.248],[-104.4575,19.2594],[-104.4384,19.2629],[-104.4393,19.278],[-104.4009,19.2891],[-104.4013,19.2668],[-104.3743,19.2819],[-104.3619,19.2691],[-104.3439,19.2895],[-104.3148,19.2794],[-104.2976,19.3027],[-104.2836,19.297],[-104.2612,19.3118],[-104.2184,19.299],[-104.2043,19.3036],[-104.1917,19.2922],[-104.1798,19.3126],[-104.1616,19.3027],[-104.1529,19.3152],[-104.123,19.319],[-104.1333,19.3537],[-104.0902,19.393],[-104.0709,19.4352],[-104.0799,19.4318],[-104.0866,19.442],[-104.0767,19.4802],[-104.0617,19.4977],[-104.0,19.4688],[-103.974,19.4746],[-103.9648,19.4542],[-103.8995,19.4345],[-103.9088,19.4536],[-103.8893,19.4636],[-103.8794,19.4445],[-103.8638,19.4474],[-103.8565,19.4313],[-103.8241,19.4378],[-103.8193,19.4087],[-103.7927,19.4275],[-103.7183,19.4535],[-103.69,19.4924],[-103.6183,19.5125],[-103.6062,19.5006],[-103.6154,19.475],[-103.5789,19.4355],[-103.5743,19.4116],[-103.5562,19.407],[-103.5222,19.3578],[-103.4864,19.3379],[-103.4957,19.3198],[-103.4899,19.3107],[-103.5092,19.2951],[-103.5057,19.2362],[-103.5152,19.2114],[-103.4976,19.1746],[-103.5236,19.1156],[-103.5174,19.0988],[-103.5265,19.0787],[-103.4885,19.0276],[-103.4988,19.0117],[-103.4905,18.959],[-103.5086,18.9637],[-103.5064,18.9482],[-103.5225,18.9479],[-103.5144,18.9344],[-103.5341,18.9263],[-103.5313,18.9063],[-103.5581,18.9066],[-103.5732,18.8713],[-103.5823,18.8756],[-103.5876,18.8658],[-103.5963,18.8839],[-103.6156,18.8924],[-103.6303,18.8853],[-103.6406,18.8672],[-103.6172,18.8429],[-103.6262,18.831],[-103.62,18.8014],[-103.638,18.7832],[-103.679,18.7732],[-103.6854,18.7573],[-103.7003,18.7544],[-103.7379,18.684],[-103.8034,18.7489],[-103.9715,18.8641]]],[[[-104.4888,19.1036],[-104.4849,19.1028],[-104.4873,19.1012],[-104.4888,19.1036]]],[[[-110.7974,19.3345],[-110.7968,19.3015],[-110.8142,19.2988],[-110.8157,19.3144],[-110.7974,19.3345]]]]}},{"type":"Feature","properties":{"cve_ent":"07","nombre":"Chiapas"},"geometry":{"type":"Polygon","coordinates":[[[-93.124,15.4094],[-93.4374,15.6749],[-93.6977,15.864],[-93.8752,15.9657],[-93.916,15.9827],[-93.9572,15.9846],[-94.036,16.0221],[-94.1028,16.1425],[-94.1096,16.1791],[-94.0485,16.2162],[-94.0352,16.2396],[-94.0435,16.2557],[-94.033,16.2759],[-94.0507,16.3297],[-94.1392,16.4618],[-93.8609,17.1637],[-93.8271,17.1725],[-93.8266,17.1905],[-93.7983,17.2419],[-93.7886,17.2323],[-93.7725,17.2458],[-93.763,17.2393],[-93.6627,17.2563],[-93.6644,17.2862],[-93.6381,17.2909],[-93.6079,17.3149],[-93.5138,17.4428],[-93.506,17.4775],[-93.5149,17.4903],[-93.5025,17.4995],[-93.4841,17.5499],[-93.4517,17.5465],[-93.4459,17.586],[-93.4205,17.59],[-93.4096,17.6193],[-93.385,17.6342],[-93.3848,17.6444],[-93.3563,17.648],[-93.3543,17.7129],[-93.3739,17.733],[-93.3905,17.7734],[-93.3491,17.7671],[-93.3431,17.7875],[-93.3809,17.7832],[-93.3666,17.8029],[-93.3406,17.7981],[-93.3493,17.8154],[-93.3343,17.8517],[-93.3506,17.8761],[-93.336,17.905],[-93.3409,17.9303],[-93.298,17.9386],[-93.2783,17.9853],[-93.2409,17.9501],[-93.2074,17.9606],[-93.192,17.9561],[-93.1831,17.9403],[-93.1451,17.9324],[-93.146,17.9199],[-93.1291,17.9079],[-93.0914,17.8976],[-93.092,17.8866],[-93.1236,17.8745],[-93.1318,17.8523],[-93.1156,17.8222],[-93.1016,17.8458],[-93.0431,17.8426],[-93.0254,17.8254],[-93.012,17.7937],[-93.0278,17.7716],[-93.0426,17.7684],[-93.0577,17.7205],[-93.0371,17.7034],[-93.0455,17.6591],[-93.0405,17.6098],[-93.0045,17.5796],[-93.0056,17.5552],[-92.9805,17.5376],[-92.9926,17.53],[-92.9849,17.5113],[-92.968,17.518],[-92.9481,17.4827],[-92.9392,17.5024],[-92.9129,17.4982],[-92.8874,17.5105],[-92.8598,17.5003],[-92.8499,17.469],[-92.8316,17.4809],[-92.8196,17.4327],[-92.8258,17.4238],[-92.8562,17.4189],[-92.8543,17.4112],[-92.8292,17.3963],[-92.8294,17.4086],[-92.7858,17.4175],[-92.7908,17.405],[-92.7683,17.3855],[-92.7707,17.3604],[-92.7587,17.3582],[-92.7542,17.3433],[-92.7295,17.3481],[-92.6788,17.3785],[-92.6682,17.4567],[-92.6594,17.4443],[-92.6489,17.4607],[-92.6058,17.4774],[-92.5941,17.493],[-92.597,17.5204],[-92.5714,17.5496],[-92.558,17.5402],[-92.5301,17.55],[-92.52,17.573],[-92.4368,17.5701],[-92.4021,17.578],[-92.3507,17.6179],[-92.3581,17.642],[-92.3492,17.6547],[-92.3499,17.7028],[-92.3373,17.7121],[-92.2746,17.6923],[-92.1945,17.7766],[-92.1885,17.7681],[-92.172,17.7866],[-92.1525,17.7791],[-92.1517,17.7646],[-92.1308,17.7661],[-92.136,17.779],[-92.1271,17.7859],[-92.1466,17.8147],[-92.1205,17.796],[-92.1055,17.8129],[-92.102,17.8509],[-92.0905,17.8566],[-92.0563,17.8468],[-92.0494,17.8548],[-92.0525,17.8672],[-92.0718,17.8777],[-92.0197,17.8878],[-92.0155,17.8975],[-92.0034,17.8905],[-91.9913,17.9196],[-91.9999,17.9433],[-91.9785,17.9137],[-91.9403,17.9074],[-91.9568,17.8799],[-91.9484,17.8633],[-91.9281,17.8708],[-91.9181,17.8995],[-91.8942,17.8875],[-91.8497,17.8829],[-91.8125,17.9004],[-91.8044,17.8689],[-91.7797,17.8513],[-91.7924,17.8245],[-91.7823,17.7825],[-91.7902,17.746],[-91.8103,17.7513],[-91.8307,17.7377],[-91.7865,17.719],[-91.7805,17.7078],[-91.7766,17.7154],[-91.7679,17.7031],[-91.7482,17.7002],[-91.7388,17.7108],[-91.7333,17.6966],[-91.7175,17.6984],[-91.7171,17.6877],[-91.704,17.6922],[-91.701,17.6789],[-91.6937,17.685],[-91.6814,17.6701],[-91.673,17.6835],[-91.6547,17.6762],[-91.6643,17.6667],[-91.6528,17.6386],[-91.6599,17.6304],[-91.6446,17.6219],[-91.6636,17.6122],[-91.6388,17.5815],[-91.6343,17.5346],[-91.6628,17.4798],[-91.7,17.4673],[-91.6652,17.4617],[-91.672,17.4441],[-91.6433,17.431],[-91.6202,17.4317],[-91.5797,17.4073],[-91.5588,17.4005],[-91.5579,17.4222],[-91.5372,17.4197],[-91.5368,17.4074],[-91.5099,17.3922],[-91.505,17.3995],[-91.4565,17.3757],[-91.4393,17.3843],[-91.4198,17.3741],[-91.4168,17.3456],[-91.397,17.3379],[-91.3835,17.3128],[-91.3895,17.2995],[-91.4126,17.3075],[-91.4255,17.3018],[-91.4398,17.25],[-91.4274,17.2166],[-91.4112,17.2062],[-91.3755,17.2046],[-91.3547,17.1908],[-91.3465,17.159],[-91.3356,17.1612],[-91.3245,17.1827],[-91.2791,17.1796],[-91.2664,17.1701],[-91.2731,17.1377],[-91.2669,17.1079],[-91.227,17.0951],[-91.2103,17.0531],[-91.1753,17.0157],[-91.1228,17.0034],[-91.12,16.9775],[-91.0645,16.9251],[-91.074,16.9136],[-91.0656,16.9029],[-91.0071,16.8862],[-90.9878,16.8631],[-90.9805,16.8727],[-90.9851,16.898],[-90.965,16.9015],[-90.9545,16.8845],[-90.9741,16.8636],[-90.9336,16.8593],[-90.9218,16.8219],[-90.8777,16.8238],[-90.8488,16.7965],[-90.8041,16.7987],[-90.8028,16.7762],[-90.7624,16.7628],[-90.7568,16.7511],[-90.7153,16.7279],[-90.7095,16.7048],[-90.6817,16.6886],[-90.6759,16.6606],[-90.6576,16.6395],[-90.6534,16.5945],[-90.6668,16.5818],[-90.6446,16.5791],[-90.6405,16.5958],[-90.6256,16.5777],[-90.6471,16.5605],[-90.6454,16.5186],[-90.6356,16.5135],[-90.6166,16.5218],[-90.6056,16.5036],[-90.6186,16.4886],[-90.6334,16.4891],[-90.6325,16.4801],[-90.6204,16.4772],[-90.6134,16.4884],[-90.5952,16.4908],[-90.5884,16.4697],[-90.547,16.4824],[-90.5469,16.4681],[-90.5278,16.4577],[-90.5142,16.4699],[-90.5006,16.4669],[-90.4958,16.4535],[-90.4804,16.4613],[-90.4861,16.4239],[-90.4207,16.4249],[-90.4077,16.404],[-90.3943,16.4159],[-90.3878,16.4061],[-90.4011,16.3914],[-90.3708,16.3711],[-90.3746,16.3596],[-90.3946,16.3745],[-90.4098,16.363],[-90.4093,16.3459],[-90.403,16.3611],[-90.3816,16.3384],[-90.3975,16.3396],[-90.41,16.3292],[-90.4116,16.3072],[-90.4386,16.3021],[-90.4318,16.2922],[-90.4405,16.2798],[-90.4224,16.2592],[-90.4455,16.2615],[-90.4547,16.2486],[-90.4506,16.2405],[-90.44,16.2476],[-90.4278,16.2332],[-90.4512,16.2249],[-90.4567,16.2095],[-90.452,16.185],[-90.4315,16.1776],[-90.4245,16.1632],[-90.4503,16.15],[-90.4279,16.1371],[-90.4298,16.1178],[-90.4514,16.1245],[-90.4566,16.1121],[-90.4537,16.0923],[-90.425,16.1037],[-90.4452,16.083],[-90.4408,16.0742],[-91.7314,16.074],[-92.2101,15.2612],[-92.0592,15.0703],[-92.0732,15.0615],[-92.0702,15.0468],[-92.0779,15.0459],[-92.0857,15.0207],[-92.0988,15.0096],[-92.127,15.0152],[-92.1508,14.9869],[-92.1362,14.8916],[-92.1466,14.8702],[-92.1717,14.8602],[-92.1848,14.8283],[-92.1607,14.7735],[-92.1699,14.7437],[-92.1475,14.719],[-92.1457,14.6634],[-92.1771,14.6262],[-92.1825,14.5783],[-92.2153,14.5569],[-92.2268,14.5321],[-92.3737,14.6666],[-92.4155,14.6928],[-92.4087,14.7025],[-92.4326,14.7284],[-92.854,15.1588],[-93.124,15.4094]]]}},{"type":"Feature","properties":{"cve_ent":"08","nombre":"Chihuahua"},"geometry":{"type":"Polygon","coordinates":[[[-107.8563,26.226],[-108.0128,26.439],[-107.9696,26.4702],[-107.9856,26.4721],[-107.9573,26.4937],[-107.961,26.527],[-107.9897,26.548],[-108.0122,26.5914],[-108.0325,26.6032],[-108.0318,26.6159],[-108.0516,26.6298],[-108.0746,26.628],[-108.0816,26.642],[-108.0317,26.668],[-108.0117,26.6895],[-108.0068,26.7155],[-108.0192,26.7307],[-108.0057,26.761],[-108.0143,26.7732],[-108.0376,26.7698],[-108.0268,26.7985],[-108.0941,26.8705],[-108.1442,26.8676],[-108.1431,26.9079],[-108.1686,26.8951],[-108.1745,26.8815],[-108.1839,26.8997],[-108.2074,26.906],[-108.2028,26.8906],[-108.2097,26.8854],[-108.2302,26.9057],[-108.225,26.9229],[-108.235,26.9586],[-108.1815,26.9941],[-108.1943,27.032],[-108.2259,27.0272],[-108.2504,27.041],[-108.286,27.0125],[-108.2889,27.0266],[-108.3166,27.0345],[-108.326,27.0205],[-108.322,27.0089],[-108.3333,27.0046],[-108.3501,27.0226],[-108.4096,27.0134],[-108.48,27.0396],[-108.4917,27.0314],[-108.4842,27.0174],[-108.5063,27.0031],[-108.5025,26.9874],[-108.5518,26.9971],[-108.5722,27.0127],[-108.5625,27.046],[-108.6023,27.0369],[-108.6062,27.0636],[-108.597,27.0769],[-108.6114,27.1541],[-108.6443,27.1788],[-108.6532,27.1761],[-108.6475,27.1867],[-108.6626,27.2195],[-108.6644,27.2394],[-108.591,27.3181],[-108.6291,27.3829],[-108.6334,27.4281],[-108.6616,27.4647],[-108.653,27.469],[-108.6524,27.537],[-108.7128,27.5662],[-108.7399,27.6],[-108.7542,27.6367],[-108.7493,27.6647],[-108.7728,27.6965],[-108.766,27.7058],[-108.7844,27.7149],[-108.7845,27.7305],[-108.7993,27.723],[-108.8074,27.738],[-108.817,27.7322],[-108.833,27.7443],[-108.8955,27.7448],[-108.9203,27.784],[-108.9105,27.8091],[-108.8861,27.8137],[-108.8691,27.8393],[-108.9149,27.854],[-108.9265,27.9406],[-108.9637,27.9725],[-108.9917,27.98],[-109.0319,28.0183],[-109.0489,28.0927],[-109.0729,28.1486],[-109.062,28.1992],[-109.0749,28.2726],[-109.0584,28.2673],[-109.0687,28.2861],[-109.0458,28.2812],[-109.0407,28.267],[-109.0228,28.2775],[-108.9974,28.2551],[-108.9871,28.2778],[-108.994,28.298],[-108.9673,28.265],[-108.922,28.2515],[-108.8807,28.2647],[-108.8561,28.2515],[-108.8304,28.265],[-108.7917,28.2536],[-108.7967,28.2672],[-108.751,28.2716],[-108.6872,28.3035],[-108.6619,28.2955],[-108.6558,28.3018],[-108.6413,28.2916],[-108.6362,28.3352],[-108.6112,28.3353],[-108.6035,28.3476],[-108.5509,28.3181],[-108.5196,28.3348],[-108.5217,28.3651],[-108.5014,28.3557],[-108.4797,28.3696],[-108.5155,28.4263],[-108.5041,28.4544],[-108.5204,28.4598],[-108.5048,28.4934],[-108.5077,28.5082],[-108.5233,28.5059],[-108.5313,28.5567],[-108.5614,28.5912],[-108.5644,28.6127],[-108.5802,28.6324],[-108.5838,28.7401],[-108.6433,28.7651],[-108.6456,28.7947],[-108.6363,28.7919],[-108.6238,28.8061],[-108.6578,28.8092],[-108.6782,28.8633],[-108.7098,28.8895],[-108.6981,28.9363],[-108.7244,29.0699],[-108.7131,29.0704],[-108.7094,29.083],[-108.7275,29.0858],[-108.7296,29.0965],[-108.6985,29.1277],[-108.7289,29.1718],[-108.7453,29.1623],[-108.7539,29.2001],[-108.7398,29.2008],[-108.7354,29.2177],[-108.7412,29.2404],[-108.7619,29.2539],[-108.7303,29.2691],[-108.6822,29.2674],[-108.6697,29.3074],[-108.7178,29.466],[-108.6943,29.4671],[-108.6896,29.484],[-108.644,29.4888],[-108.6252,29.501],[-108.6487,29.5091],[-108.6623,29.5445],[-108.6383,29.5583],[-108.6595,29.584],[-108.6411,29.5889],[-108.655,29.6494],[-108.6183,29.6605],[-108.6591,29.7161],[-108.5925,29.7176],[-108.5928,29.7284],[-108.5408,29.7362],[-108.535,29.7514],[-108.5413,29.7961],[-108.6186,29.8005],[-108.6294,29.8063],[-108.6357,29.8297],[-108.6072,29.8471],[-108.6217,29.8782],[-108.6149,29.8951],[-108.6287,29.953],[-108.6155,29.9659],[-108.6069,30.0286],[-108.6182,30.0895],[-108.6117,30.1023],[-108.6202,30.2982],[-108.5505,30.2666],[-108.5422,30.2835],[-108.58,30.3375],[-108.6221,30.3403],[-108.6198,30.3748],[-108.6487,30.4169],[-108.6136,30.4357],[-108.6038,30.4651],[-108.6648,30.4682],[-108.6571,30.4703],[-108.662,30.5219],[-108.6741,30.5323],[-108.6778,30.5571],[-108.6874,30.5548],[-108.7274,30.5805],[-108.7267,30.5945],[-108.7565,30.5961],[-108.762,30.5873],[-108.8306,30.6017],[-108.8765,30.6246],[-108.8669,30.6894],[-108.8869,30.7193],[-108.919,30.7394],[-108.9483,30.7369],[-108.9355,30.7736],[-108.9298,30.861],[-108.9392,30.9076],[-108.8024,30.9041],[-108.8033,31.0048],[-108.6838,31.006],[-108.6844,31.0337],[-108.7525,31.0338],[-108.7299,31.0522],[-108.7662,31.0736],[-108.77,31.1025],[-108.8456,31.1356],[-108.835,31.1693],[-108.805,31.193],[-108.8483,31.1951],[-108.8607,31.2189],[-108.9003,31.2025],[-108.9063,31.2133],[-108.8798,31.2388],[-108.8172,31.239],[-108.7559,31.3324],[-108.2085,31.3334],[-108.2084,31.7838],[-106.5285,31.7838],[-106.4875,31.7477],[-106.4509,31.7644],[-106.3813,31.7323],[-106.3721,31.7126],[-106.3502,31.6975],[-106.3032,31.6223],[-106.2804,31.5623],[-106.2472,31.5428],[-106.2081,31.4676],[-106.1324,31.4252],[-106.1083,31.4226],[-106.0802,31.3986],[-106.0048,31.3927],[-105.9715,31.3666],[-105.9535,31.3641],[-105.9378,31.3182],[-105.9077,31.3124],[-105.8933,31.2904],[-105.8703,31.2897],[-105.7833,31.1982],[-105.7726,31.1662],[-105.7419,31.1647],[-105.7093,31.1363],[-105.6483,31.1154],[-105.6423,31.0985],[-105.6041,31.0833],[-105.5576,30.99],[-105.533,30.9846],[-105.5163,30.9655],[-105.5028,30.968],[-105.4915,30.9423],[-105.4519,30.9244],[-105.4532,30.9162],[-105.4162,30.9003],[-105.4124,30.8889],[-105.4001,30.8894],[-105.4045,30.8802],[-105.3917,30.8742],[-105.4012,30.8532],[-105.3619,30.8506],[-105.3519,30.8356],[-105.3391,30.8403],[-105.3296,30.8255],[-105.3186,30.8283],[-105.3165,30.8109],[-105.3098,30.8169],[-105.3062,30.8098],[-105.2912,30.8258],[-105.2564,30.7944],[-105.2156,30.8059],[-105.2168,30.7835],[-105.1956,30.7923],[-105.1755,30.7676],[-105.1659,30.7795],[-105.1562,30.7694],[-105.1617,30.7524],[-105.1186,30.7496],[-105.0826,30.7014],[-105.0627,30.6982],[-105.0619,30.6858],[-105.0469,30.6799],[-105.0395,30.6885],[-105.0272,30.6789],[-105.0069,30.6858],[-104.9854,30.6618],[-104.9717,30.61],[-104.9305,30.5985],[-104.9224,30.6035],[-104.9198,30.5869],[-104.8992,30.5705],[-104.8803,30.5298],[-104.8857,30.5181],[-104.8733,30.5136],[-104.8739,30.4954],[-104.8665,30.494],[-104.8682,30.442],[-104.8478,30.4207],[-104.8592,30.3904],[-104.8373,30.3739],[-104.8166,30.3751],[-104.8111,30.3617],[-104.8221,30.3499],[-104.8113,30.3327],[-104.7918,30.3258],[-104.779,30.3033],[-104.7653,30.3061],[-104.7632,30.2746],[-104.7481,30.2742],[-104.7502,30.2617],[-104.7333,30.2611],[-104.7062,30.2341],[-104.711,30.2232],[-104.6863,30.1729],[-104.6854,30.1443],[-104.6965,30.1347],[-104.6851,30.0854],[-104.7066,30.0506],[-104.6951,30.0378],[-104.7033,30.0227],[-104.6898,30.015],[-104.6872,29.9961],[-104.6949,29.9926],[-104.6856,29.9903],[-104.6935,29.9758],[-104.681,29.9776],[-104.685,29.9566],[-104.6735,29.956],[-104.6829,29.9292],[-104.6655,29.9016],[-104.6557,29.906],[-104.658,29.8905],[-104.6329,29.87],[-104.6237,29.8424],[-104.6094,29.8394],[-104.6204,29.831],[-104.5912,29.8095],[-104.5898,29.7961],[-104.5653,29.7701],[-104.5697,29.7525],[-104.5497,29.7414],[-104.5604,29.7361],[-104.5495,29.731],[-104.5457,29.6991],[-104.5308,29.6905],[-104.5442,29.6807],[-104.5362,29.6673],[-104.5262,29.668],[-104.5083,29.6327],[-104.4981,29.6396],[-104.4764,29.6283],[-104.4667,29.6097],[-104.399,29.573],[-104.3849,29.543],[-104.3562,29.5412],[-104.3531,29.5287],[-104.3354,29.5198],[-104.3134,29.5318],[-104.3111,29.5236],[-104.2636,29.5142],[-104.2368,29.4971],[-104.2308,29.4791],[-104.2129,29.4851],[-104.2175,29.4561],[-104.1822,29.4272],[-104.1679,29.3955],[-104.143,29.3806],[-104.1242,29.3812],[-104.1195,29.3707],[-104.1078,29.3736],[-104.0831,29.3466],[-104.0379,29.3199],[-103.9762,29.2967],[-103.9257,29.2943],[-103.8895,29.2794],[-103.8444,29.28],[-103.8267,29.2698],[-103.814,29.2745],[-103.8008,29.2593],[-103.7833,29.2655],[-103.7773,29.2219],[-103.7604,29.2335],[-103.7559,29.22],[-103.7426,29.2223],[-103.7398,29.2054],[-103.7183,29.1811],[-103.7037,29.1849],[-103.6592,29.1706],[-103.6501,29.1567],[-103.6122,29.1653],[-103.585,29.1497],[-103.5541,29.1585],[-103.5502,29.1439],[-103.5248,29.1373],[-103.5249,29.1213],[-103.5018,29.1179],[-103.5047,29.1079],[-103.4943,29.1085],[-103.4707,29.0851],[-103.4717,29.0668],[-103.45,29.0727],[-103.4328,29.0436],[-103.3596,29.0188],[-103.3451,29.0468],[-103.3275,29.0399],[-103.3291,29.0308],[-103.3422,29.028],[-103.3365,29.0182],[-103.3069,29.0238],[-103.316,29.0108],[-103.3077,29.0023],[-103.3577,28.9203],[-103.4037,28.8693],[-103.3963,28.8335],[-103.4046,28.8296],[-103.41,28.8409],[-103.4317,28.8132],[-103.5145,28.665],[-103.5198,28.6687],[-103.5573,28.6113],[-103.5727,28.6406],[-103.582,28.6288],[-103.5964,28.6395],[-103.616,28.5982],[-103.5919,28.5908],[-103.601,28.5749],[-103.6246,28.5811],[-103.6479,28.533],[-103.643,28.5125],[-103.8675,28.1121],[-103.8609,28.109],[-103.9267,27.9714],[-103.8777,27.9575],[-103.8929,27.914],[-103.9419,27.9278],[-103.9356,27.9453],[-103.955,27.9508],[-103.9433,27.8888],[-103.9458,27.8564],[-103.96,27.8353],[-103.9439,27.8269],[-103.9008,27.8269],[-103.9356,27.7976],[-103.8811,27.7392],[-103.8967,27.7406],[-103.8895,27.7132],[-103.8955,27.674],[-103.8832,27.6576],[-103.8973,27.6565],[-103.8836,27.6008],[-103.8688,27.6071],[-103.8546,27.5494],[-103.8585,27.4399],[-103.8769,27.3116],[-103.8321,27.2983],[-103.8198,27.243],[-103.8094,27.2492],[-103.7984,27.2135],[-103.7994,27.1247],[-103.7835,27.0912],[-103.7525,27.0779],[-103.7408,27.0225],[-103.7799,27.0089],[-103.7846,26.9807],[-103.8521,26.9346],[-103.8359,26.9358],[-103.8517,26.8961],[-103.7796,26.8361],[-103.754,26.8296],[-103.7152,26.7351],[-103.6991,26.7253],[-103.8613,26.7541],[-103.9938,26.7536],[-103.995,26.7775],[-104.0332,26.7744],[-104.0457,26.743],[-104.2278,26.7772],[-104.273,26.8423],[-104.2949,26.8178],[-104.2862,26.8152],[-104.3153,26.7991],[-104.3053,26.7929],[-104.3018,26.7719],[-104.3173,26.7607],[-104.2998,26.7519],[-104.2865,26.7254],[-104.3068,26.7072],[-104.3304,26.6565],[-104.4348,26.6045],[-104.4686,26.5203],[-104.5028,26.4658],[-104.4954,26.4334],[-104.501,26.4148],[-104.5745,26.3405],[-104.5939,26.3804],[-104.6201,26.3688],[-104.6541,26.3911],[-104.6773,26.4293],[-104.727,26.478],[-104.7478,26.4924],[-104.761,26.4858],[-104.8093,26.5085],[-104.8566,26.5029],[-104.8989,26.51],[-104.9367,26.4837],[-104.9444,26.4683],[-104.9632,26.4734],[-104.9696,26.466],[-104.9562,26.4628],[-104.9631,26.4492],[-105.0004,26.455],[-105.0526,26.4298],[-105.0566,26.4193],[-105.1015,26.5214],[-105.2647,26.4621],[-105.2791,26.4875],[-105.2899,26.4881],[-105.3168,26.4623],[-105.3528,26.4789],[-105.3545,26.4926],[-105.3427,26.5045],[-105.3686,26.5343],[-105.4034,26.5175],[-105.4701,26.5279],[-105.4715,26.5087],[-105.4956,26.5256],[-105.4961,26.5429],[-105.549,26.5466],[-105.6195,26.6835],[-105.601,26.6148],[-105.6409,26.62],[-105.6372,26.6091],[-105.6749,26.6177],[-105.6709,26.6352],[-105.6899,26.6572],[-105.7048,26.6529],[-105.7289,26.6979],[-105.735,26.6848],[-105.7463,26.7139],[-105.7943,26.6988],[-105.7758,26.6609],[-105.8654,26.7474],[-105.8745,26.7386],[-105.8941,26.741],[-105.8983,26.7639],[-105.9086,26.7528],[-105.9281,26.7659],[-105.9392,26.7632],[-106.0473,26.8449],[-106.1006,26.7593],[-106.1253,26.7794],[-106.1776,26.7723],[-106.1704,26.7501],[-106.1787,26.7444],[-106.1766,26.7277],[-106.1414,26.7208],[-106.1307,26.7022],[-106.1727,26.7052],[-106.1897,26.6951],[-106.188,26.6745],[-106.1971,26.6838],[-106.1983,26.676],[-106.2079,26.6781],[-106.2267,26.615],[-106.2365,26.6122],[-106.233,26.5596],[-106.2395,26.5624],[-106.2412,26.545],[-106.2801,26.5321],[-106.2696,26.5272],[-106.2807,26.5118],[-106.2539,26.5074],[-106.242,26.4668],[-106.2652,26.4241],[-106.2644,26.4061],[-106.2976,26.3965],[-106.3022,26.3639],[-106.2755,26.3674],[-106.287,26.3351],[-106.3123,26.3488],[-106.4328,26.204],[-106.4156,26.1394],[-106.4586,26.1122],[-106.4544,26.0953],[-106.4712,26.0605],[-106.4541,26.0464],[-106.4534,26.0278],[-106.4704,26.0054],[-106.4447,26.0051],[-106.4558,25.9726],[-106.4917,25.9681],[-106.5015,25.955],[-106.5337,25.9458],[-106.5473,25.9524],[-106.5601,25.9127],[-106.556,25.6917],[-106.464,25.7417],[-106.4636,25.729],[-106.5088,25.7075],[-106.5364,25.676],[-106.5918,25.6474],[-106.6293,25.6038],[-106.6308,25.5858],[-106.6556,25.5752],[-106.6528,25.5588],[-106.6714,25.5674],[-106.6802,25.5893],[-106.708,25.6025],[-106.682,25.5792],[-106.6988,25.5808],[-106.7058,25.5973],[-106.7025,25.5812],[-106.7448,25.5852],[-106.8738,25.5719],[-106.8938,25.6443],[-106.9943,25.6622],[-106.9669,25.6683],[-106.9653,25.6979],[-106.9903,25.7149],[-107.0107,25.6915],[-107.0461,25.6999],[-107.0481,25.7108],[-107.0642,25.7191],[-107.0579,25.7574],[-107.2089,25.8563],[-107.2069,25.8639],[-107.2465,25.8778],[-107.2425,25.8924],[-107.2961,25.9248],[-107.28,25.9581],[-107.2763,26.002],[-107.3067,26.0488],[-107.3049,26.0764],[-107.3465,26.1095],[-107.431,26.1429],[-107.46,26.1383],[-107.4922,26.1115],[-107.5061,26.1158],[-107.52,26.1042],[-107.5433,26.1463],[-107.582,26.1706],[-107.6357,26.1546],[-107.7111,26.1744],[-107.7174,26.1647],[-107.7387,26.1672],[-107.7552,26.1345],[-107.7807,26.1369],[-107.7889,26.1686],[-107.8228,26.1876],[-107.8399,26.1829],[-107.854,26.1965],[-107.8563,26.226]]]}},{"type":"Feature","properties":{"cve_ent":"09","nombre":"Ciudad de México"},"geometry":{"type":"Polygon","coordinates":[[[-99.1354,19.0893],[-99.2268,19.0961],[-99.2787,19.1317],[-99.3153,19.2292],[-99.3423,19.2411],[-99.3392,19.2677],[-99.3649,19.2778],[-99.35,19.2968],[-99.3566,19.3067],[-99.3176,19.3657],[-99.3035,19.3778],[-99.2939,19.3701],[-99.2223,19.427],[-99.2296,19.4374],[-99.2072,19.4696],[-99.2211,19.4751],[-99.2093,19.5124],[-99.1572,19.5028],[-99.177,19.5293],[-99.1568,19.5281],[-99.1511,19.5448],[-99.1609,19.5493],[-99.1581,19.5574],[-99.1237,19.5928],[-99.1081,19.5649],[-99.1306,19.5361],[-99.128,19.5245],[-99.1144,19.5111],[-99.0639,19.4988],[-99.068,19.4891],[-99.0465,19.4424],[-99.0581,19.4007],[-98.9919,19.3676],[-98.9946,19.3581],[-98.9579,19.3232],[-98.9765,19.2531],[-98.966,19.2499],[-98.9686,19.2322],[-98.9403,19.2232],[-98.9426,19.2156],[-98.9685,19.2106],[-98.9677,19.1897],[-98.9524,19.1686],[-98.9674,19.1644],[-98.9546,19.1495],[-98.9665,19.1439],[-98.9591,19.1043],[-98.979,19.0745],[-99.029,19.0854],[-99.0598,19.0482],[-99.1254,19.0621],[-99.1354,19.0893]]]}},{"type":"Feature","properties":{"cve_ent":"10","nombre":"Durango"},"geometry":{"type":"Polygon","coordinates":[[[-104.1721,23.1284],[-104.1666,22.9452],[-104.1541,22.9378],[-104.1511,22.9221],[-104.136,22.9181],[-104.133,22.905],[-104.1126,22.9051],[-104.1177,22.8977],[-104.1075,22.8848],[-104.1063,22.8569],[-104.1168,22.851],[-104.1043,22.8336],[-104.1115,22.8103],[-104.0952,22.8058],[-104.1002,22.7948],[-104.0805,22.7666],[-104.0953,22.7592],[-104.1072,22.7686],[-104.1194,22.7623],[-104.1393,22.7684],[-104.1822,22.7583],[-104.1996,22.7765],[-104.221,22.7794],[-104.2321,22.7531],[-104.2663,22.7365],[-104.2627,22.7176],[-104.2776,22.7024],[-104.2749,22.682],[-104.2883,22.6635],[-104.2807,22.6534],[-104.29,22.6456],[-104.2693,22.6358],[-104.2833,22.6217],[-104.2614,22.5862],[-104.2782,22.5831],[-104.2888,22.553],[-104.3057,22.5579],[-104.3141,22.5407],[-104.3258,22.5374],[-104.2961,22.473],[-104.3202,22.4301],[-104.3306,22.4322],[-104.3488,22.4097],[-104.3715,22.4217],[-104.4954,22.3763],[-104.4879,22.3689],[-104.495,22.3605],[-104.4812,22.3516],[-104.5064,22.3451],[-104.5187,22.3606],[-104.5359,22.3648],[-104.5513,22.3889],[-104.5748,22.3949],[-104.5931,22.412],[-104.6026,22.4605],[-104.6553,22.4622],[-104.6558,22.5401],[-104.67,22.5653],[-104.7087,22.5546],[-104.7198,22.569],[-104.7361,22.5579],[-104.7598,22.5687],[-104.7759,22.5851],[-104.7741,22.6325],[-104.794,22.6487],[-104.8147,22.6342],[-104.8401,22.6511],[-104.8584,22.6483],[-104.8625,22.6071],[-104.9605,22.5053],[-104.9879,22.4987],[-105.0076,22.5857],[-105.0724,22.6565],[-105.0684,22.6784],[-104.8927,22.7374],[-104.9156,22.7485],[-104.9056,22.7996],[-104.9184,22.8198],[-104.9342,22.8273],[-104.9405,22.8162],[-104.9517,22.8218],[-104.959,22.8136],[-104.9884,22.836],[-104.9878,22.8883],[-105.0051,22.9036],[-105.0001,22.9089],[-105.01,22.9224],[-104.9969,22.952],[-105.0083,22.9685],[-105.0031,22.977],[-105.076,22.9596],[-105.2977,22.9542],[-105.3236,22.9413],[-105.3341,22.9534],[-105.3308,22.9632],[-105.343,22.9682],[-105.3337,22.9947],[-105.3539,23.0198],[-105.3588,23.0463],[-105.3505,23.0606],[-105.3583,23.0739],[-105.3983,23.0882],[-105.3988,23.1022],[-105.4159,23.1169],[-105.502,23.128],[-105.5543,23.0989],[-105.5693,23.1101],[-105.5976,23.1091],[-105.644,23.1418],[-105.633,23.1734],[-105.6407,23.1855],[-105.6297,23.2023],[-105.6303,23.2356],[-105.6426,23.239],[-105.6432,23.2765],[-105.6871,23.2875],[-105.694,23.3013],[-105.6874,23.3071],[-105.6995,23.3077],[-105.6923,23.311],[-105.7022,23.3327],[-105.694,23.3406],[-105.7152,23.3502],[-105.7122,23.3643],[-105.7307,23.3749],[-105.7173,23.3786],[-105.7224,23.386],[-105.7003,23.4202],[-105.7283,23.429],[-105.7389,23.4452],[-105.7234,23.4748],[-105.7603,23.503],[-105.7569,23.5249],[-105.7693,23.5565],[-105.8066,23.5889],[-105.8116,23.611],[-105.8455,23.6033],[-105.8452,23.5837],[-105.8536,23.5973],[-105.8843,23.5904],[-105.8927,23.5526],[-105.9089,23.5883],[-105.9266,23.6841],[-105.9061,23.7394],[-105.9231,23.7478],[-105.9288,23.7866],[-105.9393,23.7914],[-105.9613,23.8407],[-105.9537,23.9086],[-105.8672,23.8752],[-105.8576,23.8993],[-105.8999,23.9439],[-105.9454,23.948],[-105.9085,23.9834],[-105.9121,23.9975],[-105.9598,24.0174],[-105.9795,24.042],[-105.9987,24.0434],[-106.0079,24.0725],[-105.9897,24.1144],[-106.004,24.1205],[-106.0032,24.1468],[-106.0286,24.1803],[-106.0439,24.2209],[-106.0699,24.2202],[-106.0758,24.2714],[-106.1525,24.3388],[-106.17,24.3337],[-106.1944,24.3518],[-106.2689,24.3748],[-106.3363,24.3557],[-106.3675,24.3019],[-106.4697,24.2779],[-106.5171,24.287],[-106.586,24.379],[-106.5835,24.3903],[-106.6016,24.4146],[-106.5693,24.437],[-106.56,24.4727],[-106.5937,24.4951],[-106.6004,24.4832],[-106.6301,24.5065],[-106.6226,24.5249],[-106.6455,24.529],[-106.6836,24.5985],[-106.7059,24.6653],[-106.8659,24.823],[-106.9029,24.8284],[-106.9193,24.814],[-106.9307,24.8209],[-106.9514,24.859],[-106.9271,24.8666],[-106.9345,24.8805],[-107.0006,24.9282],[-107.0211,24.9099],[-107.0251,24.9284],[-107.0183,24.9336],[-107.0604,25.0024],[-107.0636,25.0253],[-107.1299,25.0531],[-107.1249,25.1866],[-107.1488,25.2245],[-107.132,25.2267],[-107.1211,25.2431],[-107.1572,25.2618],[-107.2078,25.3316],[-107.1716,25.3264],[-107.2101,25.4171],[-107.1849,25.4368],[-107.1587,25.442],[-107.1511,25.4767],[-107.1393,25.4896],[-107.1477,25.505],[-107.1663,25.503],[-107.1781,25.5152],[-107.1695,25.5325],[-107.1739,25.5566],[-107.1387,25.5601],[-107.1383,25.5522],[-107.1246,25.5504],[-106.9733,25.6296],[-106.9943,25.6622],[-106.8938,25.6443],[-106.8738,25.5719],[-106.7448,25.5852],[-106.7025,25.5812],[-106.7058,25.5973],[-106.6988,25.5808],[-106.682,25.5792],[-106.708,25.6025],[-106.6802,25.5893],[-106.6714,25.5674],[-106.6528,25.5588],[-106.6556,25.5752],[-106.6308,25.5858],[-106.6293,25.6038],[-106.5918,25.6474],[-106.5364,25.676],[-106.5088,25.7075],[-106.4636,25.729],[-106.464,25.7417],[-106.556,25.6917],[-106.5601,25.9127],[-106.5473,25.9524],[-106.5337,25.9458],[-106.5015,25.955],[-106.4917,25.9681],[-106.4558,25.9726],[-106.4447,26.0051],[-106.4704,26.0054],[-106.4534,26.0278],[-106.4541,26.0464],[-106.4712,26.0605],[-106.4544,26.0953],[-106.4586,26.1122],[-106.4156,26.1394],[-106.4328,26.204],[-106.3123,26.3488],[-106.287,26.3351],[-106.2755,26.3674],[-106.3022,26.3639],[-106.2976,26.3965],[-106.2644,26.4061],[-106.2652,26.4241],[-106.242,26.4668],[-106.2539,26.5074],[-106.2807,26.5118],[-106.2696,26.5272],[-106.2801,26.5321],[-106.2412,26.545],[-106.2395,26.5624],[-106.233,26.5596],[-106.2365,26.6122],[-106.2267,26.615],[-106.2079,26.6781],[-106.1983,26.676],[-106.1971,26.6838],[-106.1933,26.6819],[-106.1892,26.6746],[-106.188,26.6745],[-106.1897,26.6951],[-106.1727,26.7052],[-106.1307,26.7022],[-106.1414,26.7208],[-106.1766,26.7277],[-106.1787,26.7444],[-106.1704,26.7501],[-106.1776,26.7723],[-106.1253,26.7794],[-106.1006,26.7593],[-106.0473,26.8449],[-105.9392,26.7632],[-105.9281,26.7659],[-105.9086,26.7528],[-105.8983,26.7639],[-105.8941,26.741],[-105.8745,26.7386],[-105.8654,26.7474],[-105.7758,26.6609],[-105.7943,26.6988],[-105.7463,26.7139],[-105.735,26.6848],[-105.7289,26.6979],[-105.7048,26.6529],[-105.6899,26.6572],[-105.6709,26.6352],[-105.6749,26.6177],[-105.6372,26.6091],[-105.6409,26.62],[-105.601,26.6148],[-105.6195,26.6835],[-105.549,26.5466],[-105.4961,26.5429],[-105.4956,26.5256],[-105.4715,26.5087],[-105.4701,26.5279],[-105.4034,26.5175],[-105.3686,26.5343],[-105.3427,26.5045],[-105.3545,26.4926],[-105.3528,26.4789],[-105.3168,26.4623],[-105.2899,26.4881],[-105.2791,26.4875],[-105.2647,26.4621],[-105.1015,26.5214],[-105.0566,26.4193],[-105.0526,26.4298],[-105.0004,26.455],[-104.9631,26.4492],[-104.9562,26.4628],[-104.9696,26.466],[-104.9632,26.4734],[-104.9444,26.4683],[-104.9367,26.4837],[-104.8989,26.51],[-104.8566,26.5029],[-104.8093,26.5085],[-104.761,26.4858],[-104.7478,26.4924],[-104.727,26.478],[-104.6773,26.4293],[-104.6541,26.3911],[-104.6201,26.3688],[-104.5939,26.3804],[-104.5745,26.3405],[-104.501,26.4148],[-104.4954,26.4334],[-104.5028,26.4658],[-104.4686,26.5203],[-104.4348,26.6045],[-104.3304,26.6565],[-104.3068,26.7072],[-104.2865,26.7254],[-104.2998,26.7519],[-104.3173,26.7607],[-104.3018,26.7719],[-104.3053,26.7929],[-104.3153,26.7991],[-104.2862,26.8152],[-104.2949,26.8178],[-104.273,26.8423],[-104.2278,26.7772],[-104.0457,26.743],[-104.0332,26.7744],[-103.995,26.7775],[-103.9938,26.7536],[-103.8613,26.7541],[-103.6583,26.7195],[-103.6439,26.6902],[-103.3742,26.6024],[-103.3168,26.3618],[-103.2608,26.2847],[-103.3505,26.1424],[-103.3464,25.8603],[-103.3186,25.8127],[-103.3337,25.7387],[-103.3528,25.7166],[-103.3394,25.7076],[-103.355,25.6999],[-103.3492,25.6934],[-103.383,25.6553],[-103.3814,25.6403],[-103.406,25.645],[-103.4033,25.6281],[-103.4248,25.6237],[-103.416,25.6144],[-103.4384,25.5966],[-103.4354,25.5828],[-103.451,25.5789],[-103.4554,25.5571],[-103.4944,25.5377],[-103.3691,25.4165],[-103.3414,25.4101],[-103.3369,25.3712],[-103.3512,25.373],[-103.3655,25.3932],[-103.4067,25.3989],[-103.4621,25.3763],[-103.4662,25.3523],[-103.4865,25.3329],[-103.4793,25.3239],[-103.4957,25.3111],[-103.5107,25.2791],[-103.4967,25.2557],[-103.4732,25.2501],[-103.4502,25.2286],[-103.4387,25.202],[-103.4029,25.1823],[-103.3595,25.11],[-103.3427,25.1103],[-103.3372,25.0991],[-103.2622,25.0585],[-103.278,25.0346],[-103.2675,25.028],[-103.2705,25.0157],[-103.2466,24.996],[-103.2454,24.9825],[-103.2591,24.9647],[-103.0929,24.8229],[-103.0334,24.8108],[-103.0051,24.7932],[-102.9752,24.7995],[-102.9493,24.7798],[-102.9233,24.7803],[-102.8955,24.766],[-102.8693,24.742],[-102.8564,24.7398],[-102.8531,24.772],[-102.6697,25.0666],[-102.6289,25.0083],[-102.643,24.9786],[-102.673,24.9788],[-102.6731,24.9428],[-102.5662,24.9022],[-102.5654,24.8664],[-102.5122,24.7097],[-102.4798,24.4904],[-102.487,24.4442],[-102.4727,24.4397],[-102.4817,24.4274],[-102.5201,24.4239],[-102.5339,24.4077],[-102.6066,24.4112],[-102.6186,24.3964],[-102.6999,24.374],[-102.7567,24.377],[-102.7889,24.4062],[-102.8317,24.3847],[-102.8606,24.4345],[-102.8919,24.4611],[-102.9001,24.4285],[-102.9674,24.4577],[-102.9836,24.4333],[-103.0432,24.4665],[-103.0751,24.4226],[-103.0875,24.436],[-103.0985,24.4016],[-103.1653,24.4352],[-103.182,24.4199],[-103.2228,24.4171],[-103.2535,24.4473],[-103.2826,24.4288],[-103.3103,24.4357],[-103.3239,24.4265],[-103.3862,24.423],[-103.3941,24.4321],[-103.4195,24.4304],[-103.4302,24.4089],[-103.4305,24.3601],[-103.4483,24.3326],[-103.4841,24.3183],[-103.485,24.3009],[-103.5068,24.288],[-103.5312,24.2939],[-103.5683,24.2864],[-103.5565,24.242],[-103.5655,24.2114],[-103.5595,24.1938],[-103.6058,24.1512],[-103.622,24.1175],[-103.636,24.1103],[-103.6604,24.1493],[-103.7998,24.0506],[-103.8133,24.022],[-103.8431,24.027],[-103.8478,24.0032],[-103.8724,24.007],[-103.8388,23.9648],[-103.8184,23.9649],[-103.8308,23.9078],[-103.8531,23.8746],[-103.8161,23.8077],[-103.8203,23.7919],[-103.8624,23.7526],[-103.841,23.7012],[-103.8511,23.6796],[-103.7851,23.6766],[-103.7935,23.6309],[-103.8113,23.6136],[-103.8492,23.6401],[-103.8774,23.629],[-103.8825,23.5923],[-103.9069,23.6019],[-103.8901,23.5798],[-103.9119,23.5761],[-103.9123,23.5881],[-103.9215,23.5892],[-103.9163,23.5657],[-103.9253,23.557],[-104.066,23.4635],[-104.1112,23.3512],[-104.129,23.1822],[-104.1721,23.1284]],[[-104.002,23.8318],[-104.0043,23.8321],[-104.0449,23.8365],[-104.002,23.8318]],[[-103.5935,25.6371],[-103.605,25.6276],[-103.606,25.6267],[-103.5935,25.6371]],[[-103.6498,25.9574],[-103.6512,25.961],[-103.6567,25.9743],[-103.6498,25.9574]]]}},{"type":"Feature","properties":{"cve_ent":"11","nombre":"Guanajuato"},"geometry":{"type":"Polygon","coordinates":[[[-101.4509,20.3195],[-101.4802,20.3302],[-101.5011,20.3117],[-101.5029,20.3249],[-101.5242,20.3212],[-101.5229,20.3323],[-101.5378,20.3244],[-101.5533,20.3325],[-101.5658,20.3157],[-101.5831,20.3274],[-101.5892,20.3096],[-101.6009,20.3101],[-101.6011,20.298],[-101.6047,20.3094],[-101.6247,20.3146],[-101.6349,20.289],[-101.6255,20.267],[-101.6425,20.2676],[-101.6509,20.2535],[-101.6463,20.2387],[-101.6633,20.2376],[-101.6685,20.2131],[-101.6869,20.2172],[-101.6979,20.1897],[-101.7312,20.2148],[-101.7594,20.2017],[-101.7866,20.2193],[-101.8249,20.2018],[-101.8196,20.2087],[-101.8339,20.2248],[-101.8716,20.211],[-101.8792,20.1892],[-101.8881,20.1884],[-101.893,20.2038],[-101.9179,20.1951],[-101.9079,20.2152],[-101.9178,20.2193],[-101.9306,20.2081],[-101.9323,20.2259],[-101.9399,20.2271],[-101.9322,20.2437],[-101.9512,20.2716],[-101.9369,20.2815],[-101.9471,20.2864],[-101.9345,20.2977],[-101.9599,20.3051],[-101.949,20.3151],[-101.9635,20.3186],[-101.9447,20.3421],[-101.9623,20.3447],[-101.969,20.3603],[-101.9964,20.3596],[-102.0137,20.3506],[-102.0049,20.3331],[-102.0138,20.3279],[-102.0252,20.348],[-102.0101,20.3819],[-102.0136,20.3939],[-102.0227,20.3809],[-102.0668,20.3748],[-102.097,20.387],[-102.0709,20.409],[-102.0766,20.4282],[-102.044,20.4566],[-102.046,20.4826],[-102.0101,20.5261],[-102.0141,20.5426],[-101.9879,20.5453],[-101.984,20.535],[-101.9739,20.5418],[-101.9511,20.6074],[-101.9587,20.6088],[-101.9571,20.6326],[-101.9712,20.6376],[-101.9681,20.6636],[-101.9814,20.6575],[-102.0138,20.6644],[-102.0144,20.7171],[-102.0377,20.7174],[-102.0345,20.7421],[-102.0645,20.7387],[-102.061,20.7485],[-102.0736,20.7488],[-102.0676,20.7722],[-102.0959,20.7801],[-102.0799,20.8018],[-102.0799,20.8291],[-102.0218,20.8622],[-102.0126,20.8783],[-102.018,20.8833],[-101.9811,20.9148],[-101.9799,20.925],[-101.9631,20.9225],[-101.9579,20.9352],[-101.9389,20.9306],[-101.9371,20.9558],[-101.9087,20.9986],[-101.9013,21.053],[-101.8749,21.0701],[-101.875,21.0929],[-101.8177,21.107],[-101.8334,21.1373],[-101.8118,21.1412],[-101.8157,21.1495],[-101.804,21.1663],[-101.7811,21.1605],[-101.7712,21.2347],[-101.7546,21.2439],[-101.7682,21.2577],[-101.7597,21.2676],[-101.7385,21.2692],[-101.7358,21.2773],[-101.702,21.2755],[-101.6867,21.2941],[-101.6629,21.2866],[-101.6432,21.2993],[-101.6428,21.3551],[-101.6776,21.3951],[-101.6003,21.4205],[-101.5704,21.4185],[-101.5819,21.4478],[-101.59,21.4456],[-101.589,21.4649],[-101.6412,21.5223],[-101.6073,21.562],[-101.6123,21.5829],[-101.5953,21.61],[-101.586,21.6078],[-101.5802,21.6255],[-101.5961,21.6371],[-101.5691,21.6923],[-101.584,21.7096],[-101.5709,21.7043],[-101.5577,21.7351],[-101.5797,21.7364],[-101.5857,21.7788],[-101.5388,21.7773],[-101.4739,21.8274],[-101.4641,21.8202],[-101.4551,21.83],[-101.4227,21.825],[-101.3653,21.8394],[-101.3195,21.8353],[-101.2897,21.8121],[-101.2623,21.8234],[-101.2172,21.8161],[-101.2198,21.8022],[-101.1613,21.7575],[-101.1361,21.7532],[-101.0592,21.7655],[-100.982,21.7535],[-100.9656,21.7349],[-100.9435,21.7326],[-100.9381,21.7205],[-100.9126,21.7136],[-100.9213,21.7003],[-100.9072,21.6816],[-100.8701,21.6725],[-100.8651,21.6871],[-100.8343,21.6646],[-100.8577,21.619],[-100.8095,21.592],[-100.7733,21.5881],[-100.7725,21.5955],[-100.7343,21.5787],[-100.7176,21.5502],[-100.6812,21.5475],[-100.6575,21.5247],[-100.6385,21.5283],[-100.6354,21.5432],[-100.6143,21.5331],[-100.6219,21.519],[-100.615,21.5058],[-100.534,21.5423],[-100.4611,21.5453],[-100.4607,21.5712],[-100.4858,21.5944],[-100.4604,21.624],[-100.4473,21.6749],[-100.4349,21.6828],[-100.3986,21.6747],[-100.3514,21.6917],[-100.3221,21.6821],[-100.2721,21.6873],[-100.2463,21.6649],[-100.2223,21.6657],[-100.1928,21.647],[-100.1796,21.6508],[-100.1671,21.6341],[-100.1714,21.6013],[-100.1472,21.6181],[-100.0758,21.5579],[-100.0623,21.5233],[-99.9568,21.5262],[-99.9651,21.5051],[-99.9457,21.4974],[-99.9593,21.4835],[-99.9423,21.4496],[-99.9432,21.4618],[-99.9052,21.4482],[-99.867,21.4735],[-99.8349,21.4781],[-99.8392,21.4624],[-99.8171,21.4617],[-99.788,21.4775],[-99.791,21.4907],[-99.7751,21.4935],[-99.7804,21.4148],[-99.772,21.4055],[-99.7803,21.3894],[-99.7755,21.375],[-99.7945,21.3574],[-99.7921,21.3439],[-99.7776,21.3432],[-99.7878,21.3296],[-99.7579,21.2921],[-99.7342,21.3014],[-99.7373,21.3129],[-99.7076,21.3145],[-99.6713,21.3012],[-99.6991,21.2667],[-99.6987,21.2408],[-99.6879,21.2258],[-99.7385,21.2358],[-99.8313,21.1573],[-99.8883,21.1696],[-99.8993,21.1839],[-99.9426,21.1944],[-99.9454,21.2099],[-99.9547,21.2057],[-99.9479,21.2124],[-99.9864,21.2183],[-100.0111,21.1895],[-99.9964,21.1826],[-100.0275,21.1003],[-100.0198,21.0551],[-100.0067,21.0464],[-100.0111,21.0285],[-100.0226,21.0146],[-100.0545,21.0278],[-100.0689,21.0228],[-100.0607,21.0058],[-100.078,20.9727],[-100.0688,20.9579],[-100.0807,20.9499],[-100.0642,20.9363],[-100.1178,20.9222],[-100.1353,20.9373],[-100.1784,20.9387],[-100.1815,20.9304],[-100.2636,20.971],[-100.2721,20.963],[-100.2618,20.9534],[-100.2655,20.9292],[-100.2992,20.9313],[-100.3054,20.9238],[-100.2984,20.9153],[-100.3336,20.8907],[-100.4134,20.8874],[-100.454,20.9002],[-100.4532,20.9232],[-100.4722,20.9284],[-100.47,20.907],[-100.4854,20.9088],[-100.509,20.8707],[-100.502,20.8529],[-100.5776,20.8167],[-100.5734,20.8037],[-100.5583,20.8046],[-100.5641,20.7747],[-100.5489,20.7364],[-100.5844,20.7289],[-100.5965,20.7173],[-100.5813,20.6929],[-100.5836,20.6784],[-100.5619,20.6714],[-100.5511,20.6338],[-100.5295,20.6387],[-100.5215,20.6249],[-100.4962,20.6162],[-100.4821,20.5715],[-100.485,20.5538],[-100.5048,20.555],[-100.5085,20.5262],[-100.5011,20.5126],[-100.5098,20.5065],[-100.4974,20.5048],[-100.4924,20.4904],[-100.4895,20.4314],[-100.4783,20.4163],[-100.4762,20.3896],[-100.41,20.376],[-100.394,20.3502],[-100.3884,20.309],[-100.3481,20.2866],[-100.3258,20.261],[-100.3236,20.2519],[-100.3552,20.219],[-100.3403,20.1897],[-100.3558,20.1824],[-100.3709,20.1362],[-100.3915,20.121],[-100.3853,20.1045],[-100.3973,20.097],[-100.3898,20.0808],[-100.3583,20.0649],[-100.355,20.0101],[-100.3605,20.024],[-100.3704,20.0213],[-100.3629,19.9899],[-100.4658,19.9874],[-100.4625,19.9793],[-100.5117,19.9582],[-100.5199,19.9188],[-100.536,19.923],[-100.5282,19.9743],[-100.5406,19.9749],[-100.5339,19.9692],[-100.5507,19.958],[-100.566,19.9661],[-100.5907,19.9568],[-100.5876,19.9714],[-100.5657,19.9745],[-100.5567,19.9873],[-100.5956,19.9917],[-100.6176,19.9577],[-100.6604,19.9645],[-100.7188,19.9405],[-100.7488,19.9128],[-100.7788,19.9151],[-100.7921,19.9556],[-100.8243,19.9783],[-100.8329,19.9724],[-100.8358,19.9346],[-100.8545,19.9349],[-100.8603,19.9489],[-100.8826,19.9439],[-100.906,19.9616],[-100.9326,19.9535],[-100.9475,19.9625],[-100.9479,19.9336],[-100.9718,19.93],[-100.9808,19.9552],[-101.0023,19.9524],[-101.0047,19.9662],[-100.9767,19.9827],[-100.9827,20.0026],[-100.9676,20.0113],[-100.9879,20.0269],[-101.0081,20.0281],[-101.0036,20.038],[-101.0142,20.0403],[-100.9928,20.0649],[-101.0173,20.0857],[-101.0429,20.092],[-101.1139,20.0772],[-101.1331,20.06],[-101.1752,20.0971],[-101.1716,20.0735],[-101.1963,20.0572],[-101.1604,20.0402],[-101.2015,20.0257],[-101.2031,20.0072],[-101.2207,20.0114],[-101.2383,20.0321],[-101.2508,20.0233],[-101.253,20.0355],[-101.281,20.0275],[-101.2965,20.0386],[-101.334,20.0315],[-101.3749,20.0404],[-101.3887,20.0304],[-101.4017,20.035],[-101.4027,20.0464],[-101.3875,20.083],[-101.4047,20.0802],[-101.4087,20.1231],[-101.3894,20.1349],[-101.4225,20.1632],[-101.4199,20.2016],[-101.3632,20.1958],[-101.3526,20.2349],[-101.3605,20.2491],[-101.3953,20.2485],[-101.4206,20.2752],[-101.4355,20.2774],[-101.4369,20.2638],[-101.4559,20.2672],[-101.4572,20.2851],[-101.445,20.2897],[-101.4497,20.2982],[-101.4402,20.3052],[-101.4567,20.3044],[-101.4509,20.3195]],[[-101.6738,20.9948],[-101.6868,20.9962],[-101.6684,20.9942],[-101.6738,20.9948]],[[-101.3728,20.5036],[-101.3674,20.5042],[-101.3718,20.5037],[-101.3728,20.5036]],[[-100.5852,20.3109],[-100.5859,20.3106],[-100.5772,20.3149],[-100.5852,20.3109]]]}},{"type":"Feature","properties":{"cve_ent":"12","nombre":"Guerrero"},"geometry":{"type":"MultiPolygon","coordinates":[[[[-99.9088,16.825],[-99.9056,16.8175],[-99.9182,16.8227],[-99.9088,16.825]]],[[[-99.6089,16.6833],[-99.7089,16.7164],[-99.8191,16.7886],[-99.8451,16.7843],[-99.8591,16.7962],[-99.8398,16.794],[-99.837,16.8056],[-99.8765,16.8145],[-99.863,16.8348],[-99.8513,16.8367],[-99.8579,16.8524],[-99.8952,16.8553],[-99.911,16.8426],[-99.8941,16.8328],[-99.9155,16.8277],[-99.9229,16.8595],[-99.9899,16.9093],[-100.4126,17.0565],[-100.6758,17.1376],[-101.0376,17.2685],[-101.0614,17.2648],[-101.0662,17.2732],[-101.0554,17.2762],[-101.0503,17.2916],[-101.0562,17.307],[-101.1208,17.3602],[-101.1745,17.3891],[-101.1797,17.4089],[-101.2068,17.4287],[-101.4572,17.5251],[-101.4606,17.5367],[-101.443,17.5362],[-101.4436,17.5639],[-101.5044,17.6197],[-101.5217,17.6234],[-101.5524,17.6113],[-101.5577,17.62],[-101.5457,17.6253],[-101.5518,17.6386],[-101.5721,17.6223],[-101.5773,17.6365],[-101.5959,17.6347],[-101.6068,17.6608],[-101.6532,17.6625],[-101.6428,17.6716],[-101.6475,17.7012],[-101.6671,17.7338],[-101.7474,17.7928],[-101.7481,17.8081],[-101.7716,17.8307],[-101.7695,17.844],[-101.784,17.8647],[-101.8194,17.8932],[-101.8653,17.9107],[-101.9367,17.9554],[-102.0322,17.9876],[-102.0988,17.983],[-102.1385,17.9405],[-102.1376,17.9697],[-102.1733,17.9896],[-102.1842,18.0246],[-102.1787,18.1203],[-102.1618,18.1641],[-102.1403,18.1883],[-102.0574,18.1952],[-102.0387,18.2082],[-102.0191,18.2021],[-101.9765,18.208],[-101.9734,18.2323],[-101.928,18.2316],[-101.9066,18.2448],[-101.8968,18.2771],[-101.883,18.2624],[-101.8632,18.2617],[-101.8829,18.2774],[-101.8627,18.2872],[-101.8702,18.3083],[-101.8557,18.3143],[-101.8708,18.3318],[-101.8616,18.3565],[-101.8893,18.4005],[-101.8738,18.4375],[-101.8604,18.4462],[-101.8879,18.4815],[-101.8816,18.5362],[-101.8379,18.5779],[-101.7248,18.6125],[-101.7135,18.6102],[-101.7012,18.5879],[-101.6245,18.5992],[-101.5836,18.521],[-101.5074,18.4868],[-101.468,18.4869],[-101.4574,18.4974],[-101.4419,18.489],[-101.4322,18.5017],[-101.4176,18.4975],[-101.4069,18.5125],[-101.3656,18.4999],[-101.3619,18.5202],[-101.299,18.5331],[-101.2821,18.5447],[-101.27,18.5352],[-101.2119,18.5364],[-101.1916,18.5178],[-101.1682,18.521],[-101.1428,18.5105],[-101.1315,18.5175],[-101.0887,18.5059],[-101.012,18.5275],[-101.006,18.4937],[-100.9737,18.482],[-100.9608,18.465],[-100.9664,18.4485],[-100.9574,18.4444],[-100.9428,18.4551],[-100.9223,18.4446],[-100.9145,18.4718],[-100.8944,18.4631],[-100.874,18.492],[-100.8385,18.4731],[-100.7982,18.4805],[-100.7776,18.4395],[-100.7374,18.4273],[-100.7227,18.4004],[-100.707,18.419],[-100.6911,18.4142],[-100.6767,18.3726],[-100.643,18.3462],[-100.6397,18.3639],[-100.6106,18.3771],[-100.5996,18.4058],[-100.5882,18.4121],[-100.6315,18.4385],[-100.6372,18.4577],[-100.6978,18.4906],[-100.7046,18.4833],[-100.715,18.4864],[-100.7095,18.496],[-100.73,18.5197],[-100.7442,18.5181],[-100.7649,18.5612],[-100.7512,18.6417],[-100.7601,18.6416],[-100.7703,18.6927],[-100.7843,18.687],[-100.7729,18.7326],[-100.7818,18.7451],[-100.7969,18.7463],[-100.7902,18.7614],[-100.799,18.7828],[-100.7825,18.8017],[-100.7918,18.8342],[-100.7639,18.8669],[-100.7484,18.8679],[-100.7462,18.858],[-100.7368,18.8605],[-100.7364,18.8513],[-100.71,18.8364],[-100.7058,18.7964],[-100.6961,18.7941],[-100.68,18.8172],[-100.6669,18.8194],[-100.6729,18.8248],[-100.6661,18.8343],[-100.6434,18.8489],[-100.6408,18.8659],[-100.6222,18.8668],[-100.6102,18.8878],[-100.5855,18.8588],[-100.4935,18.8239],[-100.4903,18.7893],[-100.4818,18.7987],[-100.4594,18.7969],[-100.456,18.7779],[-100.4306,18.7832],[-100.4181,18.7595],[-100.4371,18.7506],[-100.4504,18.716],[-100.4471,18.7016],[-100.4783,18.6869],[-100.487,18.6404],[-100.4743,18.6192],[-100.4465,18.6225],[-100.4297,18.5993],[-100.4494,18.5566],[-100.4291,18.51],[-100.396,18.5405],[-100.3737,18.5291],[-100.362,18.4968],[-100.3854,18.4265],[-100.3594,18.4235],[-100.3461,18.4003],[-100.3034,18.3669],[-100.292,18.3816],[-100.2709,18.3737],[-100.2595,18.4274],[-100.2364,18.4168],[-100.238,18.4252],[-100.2171,18.4459],[-100.2087,18.4492],[-100.2087,18.4412],[-100.2001,18.4567],[-100.1857,18.4551],[-100.172,18.4715],[-100.1742,18.4817],[-100.1653,18.4797],[-100.1588,18.4918],[-100.1456,18.488],[-100.1362,18.5061],[-100.1322,18.5],[-100.1185,18.506],[-100.1227,18.5165],[-100.09,18.5222],[-100.0689,18.5644],[-100.0707,18.5828],[-100.0824,18.5879],[-100.0718,18.5937],[-100.0636,18.5855],[-100.025,18.6069],[-99.9993,18.5836],[-100.0016,18.5639],[-99.9897,18.5697],[-99.9617,18.553],[-99.9472,18.5879],[-99.907,18.6018],[-99.8885,18.6187],[-99.8637,18.6179],[-99.8476,18.6055],[-99.8484,18.6203],[-99.8166,18.625],[-99.8125,18.6409],[-99.793,18.6307],[-99.7724,18.6862],[-99.7549,18.6974],[-99.7583,18.7113],[-99.737,18.7398],[-99.7047,18.7349],[-99.672,18.7135],[-99.7092,18.7688],[-99.6947,18.7768],[-99.6972,18.7863],[-99.6615,18.7713],[-99.6309,18.7206],[-99.6211,18.7259],[-99.6229,18.7398],[-99.5899,18.7393],[-99.5797,18.7352],[-99.5817,18.7217],[-99.5698,18.7055],[-99.5364,18.6938],[-99.4944,18.7205],[-99.4539,18.6099],[-99.4412,18.6126],[-99.4405,18.5975],[-99.4197,18.5903],[-99.4229,18.5621],[-99.4078,18.5561],[-99.363,18.499],[-99.3574,18.4677],[-99.3434,18.4671],[-99.3527,18.486],[-99.3283,18.4888],[-99.3284,18.4595],[-99.2476,18.451],[-99.2054,18.4566],[-99.2067,18.4474],[-99.1779,18.4247],[-99.1813,18.4484],[-99.1561,18.4663],[-99.1424,18.4653],[-99.1406,18.475],[-99.1361,18.4492],[-99.1244,18.4412],[-99.1283,18.4273],[-99.0895,18.4],[-99.0785,18.3871],[-99.0813,18.3731],[-99.0728,18.3773],[-99.0661,18.3671],[-99.076,18.3424],[-99.0518,18.2898],[-99.0694,18.2832],[-99.0532,18.2642],[-99.0638,18.2625],[-99.0637,18.2515],[-99.0317,18.2723],[-99.0169,18.2664],[-99.0193,18.2454],[-98.989,18.2493],[-99.0001,18.1902],[-98.9572,18.1887],[-98.8819,18.1662],[-98.8524,18.1176],[-98.8698,18.0572],[-98.813,18.0649],[-98.8113,18.0506],[-98.7971,18.0626],[-98.7591,18.0447],[-98.7351,18.0451],[-98.7671,18.0196],[-98.8013,18.0221],[-98.8149,18.0017],[-98.7318,17.9826],[-98.7088,17.9675],[-98.7059,17.9556],[-98.6881,17.9619],[-98.6505,17.9332],[-98.6221,17.9417],[-98.5855,17.9749],[-98.5438,17.9734],[-98.5384,17.9838],[-98.5296,17.9758],[-98.5267,17.9963],[-98.5005,17.9956],[-98.4764,17.981],[-98.4715,17.9918],[-98.4481,17.9907],[-98.4251,17.9769],[-98.4327,17.972],[-98.4242,17.9382],[-98.445,17.9223],[-98.4344,17.9084],[-98.4355,17.8914],[-98.4242,17.8922],[-98.425,17.8396],[-98.4963,17.7688],[-98.4867,17.7337],[-98.4897,17.7034],[-98.4862,17.681],[-98.4707,17.6781],[-98.461,17.6304],[-98.4331,17.623],[-98.4102,17.5998],[-98.377,17.6053],[-98.3295,17.533],[-98.3308,17.5118],[-98.3203,17.5069],[-98.3119,17.4775],[-98.329,17.4787],[-98.3359,17.4563],[-98.3049,17.3943],[-98.2874,17.329],[-98.3048,17.3275],[-98.3235,17.2759],[-98.2885,17.2382],[-98.2772,17.2501],[-98.2443,17.2515],[-98.2031,17.2163],[-98.2004,17.2038],[-98.2177,17.1869],[-98.225,17.1523],[-98.2226,17.1221],[-98.1534,17.1104],[-98.0809,17.0666],[-98.0073,17.0401],[-98.0302,17.0158],[-98.0575,17.0238],[-98.1113,16.9589],[-98.0723,16.8742],[-98.1082,16.761],[-98.1352,16.7584],[-98.1242,16.7496],[-98.139,16.7238],[-98.1752,16.718],[-98.2003,16.6972],[-98.2015,16.7127],[-98.2213,16.7085],[-98.2335,16.7174],[-98.2434,16.6967],[-98.2463,16.6724],[-98.2331,16.6706],[-98.2285,16.6395],[-98.2142,16.6188],[-98.1938,16.6215],[-98.2034,16.5872],[-98.2694,16.5585],[-98.2928,16.5578],[-98.2917,16.5701],[-98.33,16.5727],[-98.3403,16.5582],[-98.3951,16.5468],[-98.3833,16.5127],[-98.3873,16.4978],[-98.3683,16.5009],[-98.3688,16.4912],[-98.3525,16.4894],[-98.3599,16.4717],[-98.3499,16.4444],[-98.3992,16.3805],[-98.4709,16.3812],[-98.5334,16.3516],[-98.5526,16.316],[-98.5708,16.327],[-98.5655,16.3345],[-98.575,16.3491],[-98.6975,16.4604],[-98.7727,16.5548],[-98.8067,16.5581],[-98.8417,16.5484],[-98.857,16.5282],[-98.9059,16.5344],[-99.0741,16.5919],[-99.3329,16.6584],[-99.4787,16.684],[-99.6089,16.6833]]],[[[-101.6596,17.6733],[-101.6543,17.6786],[-101.652,17.6738],[-101.6596,17.6733]]]]}},{"type":"Feature","properties":{"cve_ent":"13","nombre":"Hidalgo"},"geometry":{"type":"Polygon","coordinates":[[[-99.2529,19.8606],[-99.2695,19.8596],[-99.2787,19.8404],[-99.2969,19.8352],[-99.3119,19.8142],[-99.3066,19.7977],[-99.3256,19.7931],[-99.3387,19.802],[-99.3446,19.7795],[-99.3706,19.7818],[-99.383,19.7714],[-99.3812,19.7841],[-99.3903,19.7857],[-99.3775,19.7965],[-99.3867,19.813],[-99.3732,19.8515],[-99.3918,19.8599],[-99.415,19.8505],[-99.4268,19.875],[-99.4452,19.8843],[-99.4359,19.9031],[-99.4639,19.8926],[-99.484,19.9052],[-99.4778,19.9606],[-99.4502,19.9642],[-99.4551,19.9797],[-99.4369,20.0013],[-99.4598,20.0655],[-99.481,20.0822],[-99.4835,20.101],[-99.5181,20.1457],[-99.5018,20.1533],[-99.5122,20.1751],[-99.5335,20.1621],[-99.5483,20.1631],[-99.5507,20.1714],[-99.5763,20.1621],[-99.5996,20.1697],[-99.6306,20.1457],[-99.641,20.1642],[-99.6551,20.1631],[-99.6597,20.1808],[-99.6694,20.1793],[-99.6769,20.1625],[-99.6875,20.1712],[-99.7194,20.1671],[-99.7952,20.2277],[-99.7904,20.238],[-99.8419,20.2819],[-99.8595,20.2646],[-99.8281,20.543],[-99.7793,20.5593],[-99.7387,20.5605],[-99.712,20.5813],[-99.6964,20.5744],[-99.6579,20.6018],[-99.6346,20.6057],[-99.6195,20.5914],[-99.5897,20.6204],[-99.5789,20.6188],[-99.5653,20.6404],[-99.5019,20.659],[-99.5006,20.673],[-99.511,20.6784],[-99.5055,20.6847],[-99.5343,20.706],[-99.5485,20.7372],[-99.5038,20.7658],[-99.4963,20.7824],[-99.5038,20.7948],[-99.4887,20.7994],[-99.4997,20.8043],[-99.4853,20.8178],[-99.4887,20.8329],[-99.4544,20.858],[-99.4461,20.853],[-99.4352,20.8994],[-99.4126,20.9054],[-99.4156,20.9249],[-99.3906,20.9523],[-99.3963,20.9811],[-99.39,21.0041],[-99.3632,21.0417],[-99.3771,21.0566],[-99.3674,21.0695],[-99.3877,21.0678],[-99.3973,21.1021],[-99.3464,21.1009],[-99.3418,21.1237],[-99.3092,21.1473],[-99.2477,21.1013],[-99.2342,21.1128],[-99.2141,21.1068],[-99.1505,21.1478],[-99.0906,21.1531],[-99.0712,21.166],[-99.0765,21.1735],[-99.0624,21.1743],[-99.0727,21.158],[-99.0613,21.1542],[-99.0431,21.1787],[-99.0524,21.2195],[-99.0735,21.2304],[-99.0699,21.2431],[-99.0512,21.2534],[-99.0551,21.2825],[-98.975,21.297],[-98.9653,21.3069],[-98.9565,21.3018],[-98.945,21.3113],[-98.9403,21.2946],[-98.9293,21.2927],[-98.9177,21.2555],[-98.9229,21.2467],[-98.8999,21.2386],[-98.8989,21.2313],[-98.9151,21.2252],[-98.8851,21.1963],[-98.8827,21.1796],[-98.8574,21.1893],[-98.8249,21.1614],[-98.794,21.1602],[-98.7899,21.1785],[-98.7986,21.1781],[-98.8081,21.1932],[-98.7974,21.1913],[-98.798,21.1833],[-98.7808,21.186],[-98.7729,21.172],[-98.7673,21.1844],[-98.7465,21.1843],[-98.7413,21.1928],[-98.7277,21.1795],[-98.7021,21.1851],[-98.6966,21.1615],[-98.6827,21.2006],[-98.6505,21.1809],[-98.6087,21.2014],[-98.5994,21.2477],[-98.6089,21.2527],[-98.5952,21.2832],[-98.6047,21.3018],[-98.6707,21.3247],[-98.6811,21.3462],[-98.6528,21.3468],[-98.6386,21.3677],[-98.5969,21.3591],[-98.5901,21.3728],[-98.5677,21.3708],[-98.5496,21.3846],[-98.5114,21.3625],[-98.5074,21.37],[-98.5158,21.3723],[-98.5047,21.3892],[-98.4808,21.3977],[-98.4815,21.3887],[-98.4687,21.387],[-98.4636,21.3502],[-98.4779,21.3438],[-98.4852,21.3501],[-98.4956,21.3404],[-98.544,21.2639],[-98.5165,21.2443],[-98.4684,21.2497],[-98.4797,21.2239],[-98.4569,21.2148],[-98.4468,21.1798],[-98.4164,21.155],[-98.3868,21.1623],[-98.3802,21.1551],[-98.3662,21.1622],[-98.3508,21.1571],[-98.3159,21.1869],[-98.2979,21.1774],[-98.2962,21.188],[-98.2791,21.1928],[-98.2786,21.1726],[-98.2945,21.1472],[-98.2491,21.1294],[-98.2168,21.1515],[-98.1952,21.1204],[-98.202,21.1064],[-98.1749,21.1062],[-98.1474,21.0766],[-98.1612,21.0191],[-98.1883,21.0313],[-98.189,21.0183],[-98.2021,21.0117],[-98.2006,20.9947],[-98.215,20.9896],[-98.2095,20.9671],[-98.2161,20.9526],[-98.2286,20.9576],[-98.2394,20.923],[-98.2227,20.9184],[-98.2249,20.9064],[-98.251,20.8973],[-98.2655,20.8665],[-98.2562,20.859],[-98.2623,20.8469],[-98.2538,20.8215],[-98.2247,20.8182],[-98.2337,20.7976],[-98.2449,20.8022],[-98.2477,20.7894],[-98.2988,20.7778],[-98.2984,20.8014],[-98.3078,20.8019],[-98.3285,20.7841],[-98.3447,20.7975],[-98.3148,20.8098],[-98.3272,20.8294],[-98.3529,20.836],[-98.3451,20.8649],[-98.3575,20.8568],[-98.3711,20.8623],[-98.3797,20.8519],[-98.4029,20.8584],[-98.4306,20.8477],[-98.4506,20.8215],[-98.4646,20.7725],[-98.4497,20.7513],[-98.5036,20.7322],[-98.5081,20.7442],[-98.5167,20.7429],[-98.5145,20.7323],[-98.5064,20.7331],[-98.5302,20.7181],[-98.5291,20.704],[-98.5502,20.6894],[-98.5334,20.6627],[-98.5251,20.6818],[-98.4603,20.7133],[-98.4339,20.7432],[-98.4214,20.7443],[-98.4459,20.6943],[-98.4492,20.7009],[-98.4599,20.6962],[-98.4637,20.6672],[-98.4948,20.6443],[-98.4802,20.589],[-98.5122,20.5942],[-98.5347,20.5307],[-98.5576,20.5094],[-98.5973,20.4958],[-98.5497,20.4354],[-98.5431,20.3756],[-98.549,20.3603],[-98.5174,20.3369],[-98.4604,20.3314],[-98.3861,20.4027],[-98.3598,20.3998],[-98.321,20.418],[-98.3121,20.4498],[-98.2805,20.4694],[-98.2558,20.4999],[-98.2341,20.5062],[-98.2287,20.5208],[-98.2116,20.5287],[-98.1883,20.5232],[-98.158,20.5426],[-98.1537,20.5652],[-98.1477,20.5627],[-98.1302,20.5909],[-98.1216,20.5861],[-98.1187,20.5941],[-98.1269,20.5973],[-98.115,20.6001],[-98.1118,20.6159],[-98.0872,20.6229],[-98.072,20.6577],[-98.0749,20.6765],[-98.04,20.6319],[-98.021,20.6268],[-98.0177,20.6017],[-98.0287,20.5897],[-98.0083,20.5327],[-98.0173,20.526],[-97.9851,20.5174],[-97.9974,20.5061],[-97.9888,20.4954],[-97.9934,20.4852],[-98.0089,20.4825],[-98.0114,20.4558],[-98.0705,20.4303],[-98.0773,20.4031],[-98.1084,20.374],[-98.1268,20.3362],[-98.1633,20.3278],[-98.1813,20.3365],[-98.1791,20.2938],[-98.2159,20.2915],[-98.2365,20.3043],[-98.254,20.3013],[-98.266,20.2736],[-98.2844,20.2628],[-98.2705,20.2158],[-98.2438,20.2179],[-98.2291,20.2366],[-98.213,20.2343],[-98.1924,20.2582],[-98.1759,20.2542],[-98.1477,20.2264],[-98.1539,20.2086],[-98.128,20.1859],[-98.1396,20.1501],[-98.0979,20.1454],[-98.1085,20.1208],[-98.1246,20.1241],[-98.1283,20.1072],[-98.1597,20.0926],[-98.1681,20.0572],[-98.1809,20.047],[-98.164,20.0225],[-98.1743,19.9977],[-98.1604,19.9781],[-98.1807,19.9598],[-98.2159,19.9685],[-98.2267,19.9562],[-98.2221,19.9469],[-98.2516,19.9481],[-98.2422,19.9411],[-98.2563,19.9293],[-98.2481,19.9175],[-98.2678,19.9161],[-98.2694,19.8957],[-98.2909,19.8889],[-98.2911,19.8758],[-98.315,19.8551],[-98.3053,19.8459],[-98.2671,19.8433],[-98.251,19.7951],[-98.2348,19.777],[-98.2162,19.7784],[-98.2214,19.7736],[-98.1945,19.7656],[-98.1957,19.7416],[-98.2151,19.7413],[-98.2596,19.7172],[-98.2805,19.7263],[-98.2797,19.7169],[-98.2933,19.7262],[-98.3317,19.7223],[-98.33,19.699],[-98.3209,19.701],[-98.3238,19.6853],[-98.3817,19.6094],[-98.4902,19.62],[-98.4916,19.6074],[-98.5192,19.6024],[-98.5356,19.6344],[-98.5504,19.6186],[-98.5664,19.6411],[-98.5799,19.6374],[-98.6098,19.602],[-98.6631,19.6048],[-98.6724,19.6251],[-98.6701,19.6587],[-98.6438,19.6488],[-98.6197,19.6612],[-98.6399,19.6711],[-98.6239,19.6964],[-98.6329,19.7222],[-98.6081,19.7251],[-98.5969,19.7658],[-98.6117,19.7741],[-98.6122,19.7864],[-98.6253,19.7852],[-98.6236,19.7939],[-98.6388,19.8008],[-98.6608,19.835],[-98.6748,19.8324],[-98.6759,19.8132],[-98.6976,19.8321],[-98.6718,19.8537],[-98.6727,19.8628],[-98.6854,19.8505],[-98.6991,19.8584],[-98.7128,19.8538],[-98.7392,19.8726],[-98.7806,19.8835],[-98.7939,19.8721],[-98.7952,19.8564],[-98.844,19.882],[-98.841,19.8923],[-98.8558,19.9043],[-98.8659,19.8926],[-98.8832,19.9015],[-98.9118,19.881],[-98.9175,19.8692],[-98.903,19.8593],[-98.906,19.8451],[-98.9276,19.8434],[-98.95,19.7996],[-99.0082,19.8284],[-99.0002,19.8342],[-99.0206,19.8677],[-98.966,19.8917],[-98.9535,19.8885],[-98.9614,19.8936],[-98.9527,19.9067],[-98.9561,19.9282],[-98.9847,19.9463],[-98.9998,19.9418],[-98.9956,19.9569],[-98.9812,19.9547],[-98.9662,19.974],[-98.9427,19.9791],[-98.9467,20.0275],[-98.964,20.0312],[-98.9587,20.0396],[-98.989,20.0683],[-99.0056,20.0532],[-99.0053,20.0289],[-99.0216,19.987],[-99.0075,19.9792],[-99.0041,19.965],[-99.0345,19.9718],[-99.0313,20.0149],[-99.0494,20.0077],[-99.0596,19.974],[-99.0676,19.985],[-99.0638,20.0142],[-99.0783,20.0183],[-99.0854,20.0325],[-99.1586,20.0272],[-99.1772,19.9931],[-99.1901,19.994],[-99.2154,19.9546],[-99.2278,19.9511],[-99.2186,19.9272],[-99.2056,19.9275],[-99.2239,19.902],[-99.2207,19.8842],[-99.2529,19.8606]],[[-98.9835,20.3021],[-98.9852,20.3014],[-98.9812,20.303],[-98.9835,20.3021]],[[-98.8083,20.0316],[-98.8113,20.0332],[-98.8132,20.0342],[-98.8083,20.0316]],[[-98.7968,20.0352],[-98.7996,20.0302],[-98.801,20.0277],[-98.7968,20.0352]],[[-98.7903,20.0319],[-98.7938,20.0336],[-98.789,20.0312],[-98.7903,20.0319]],[[-98.7782,20.0257],[-98.7843,20.0288],[-98.789,20.0312],[-98.7782,20.0257]],[[-98.7914,19.9889],[-98.8099,20.0206],[-98.8106,20.0218],[-98.7914,19.9889]]]}},{"type":"Feature","properties":{"cve_ent":"14","nombre":"Jalisco"},"geometry":{"type":"MultiPolygon","coordinates":[[[[-104.8149,19.2313],[-104.8164,19.2235],[-104.8164,19.2209],[-104.8176,19.2241],[-104.8149,19.2313]]],[[[-104.813,19.2343],[-104.8134,19.2309],[-104.8148,19.2331],[-104.813,19.2343]]],[[[-104.4396,19.2776],[-104.4386,19.2627],[-104.457,19.2598],[-104.4557,19.248],[-104.467,19.2451],[-104.4648,19.23],[-104.4777,19.2387],[-104.489,19.2299],[-104.4945,19.2539],[-104.5084,19.2442],[-104.5233,19.2604],[-104.5338,19.258],[-104.5691,19.2187],[-104.5769,19.1802],[-104.59,19.1865],[-104.6003,19.1791],[-104.5961,19.1641],[-104.5858,19.1618],[-104.5898,19.1501],[-104.6024,19.1518],[-104.6131,19.1558],[-104.6188,19.1809],[-104.6293,19.1729],[-104.68,19.1932],[-104.6917,19.1733],[-104.7028,19.1781],[-104.6851,19.2056],[-104.7025,19.2219],[-104.7124,19.215],[-104.734,19.2217],[-104.7329,19.2392],[-104.7582,19.2285],[-104.7763,19.2403],[-104.8085,19.2326],[-104.8094,19.2586],[-104.7887,19.2818],[-104.8015,19.3008],[-104.8328,19.3069],[-104.8409,19.3],[-104.8371,19.2896],[-104.8668,19.2895],[-104.8735,19.2763],[-104.9374,19.3086],[-105.0321,19.3872],[-105.0177,19.4055],[-105.0299,19.4291],[-105.0252,19.4364],[-105.0731,19.4711],[-105.0591,19.4716],[-105.0666,19.4894],[-105.0607,19.4955],[-105.0817,19.5058],[-105.089,19.5605],[-105.1187,19.587],[-105.1423,19.5751],[-105.1527,19.6035],[-105.1807,19.6207],[-105.1995,19.6213],[-105.2647,19.6792],[-105.2635,19.6956],[-105.3303,19.7664],[-105.3446,19.8049],[-105.4928,19.9918],[-105.55,20.0945],[-105.5429,20.1844],[-105.5533,20.2216],[-105.5631,20.2349],[-105.5809,20.2367],[-105.5902,20.2631],[-105.6562,20.3177],[-105.6866,20.3672],[-105.6954,20.4063],[-105.6721,20.4078],[-105.6713,20.4259],[-105.6544,20.4281],[-105.6482,20.4451],[-105.6356,20.4458],[-105.6041,20.4758],[-105.5179,20.4935],[-105.4658,20.4965],[-105.4455,20.4884],[-105.4428,20.501],[-105.4009,20.5089],[-105.3165,20.5118],[-105.3198,20.5189],[-105.292,20.5323],[-105.2874,20.5449],[-105.2582,20.5575],[-105.2327,20.6172],[-105.2451,20.6533],[-105.281,20.672],[-105.2742,20.6743],[-105.2789,20.6813],[-105.2613,20.6798],[-105.2559,20.7028],[-105.2426,20.7042],[-105.2399,20.7474],[-105.197,20.7772],[-105.1734,20.7677],[-105.1623,20.7925],[-105.1739,20.8139],[-105.1425,20.8865],[-105.112,20.9004],[-105.0803,20.9315],[-105.0468,20.9343],[-105.0316,20.9092],[-105.0063,20.9225],[-105.0034,20.9109],[-104.9904,20.9216],[-104.9672,20.9095],[-104.9532,20.9301],[-104.9005,20.9463],[-104.9006,20.9627],[-104.8669,20.9952],[-104.8412,21.0067],[-104.8381,21.02],[-104.8102,21.012],[-104.7825,21.0234],[-104.7717,21.0086],[-104.73,21.0123],[-104.7294,20.9832],[-104.6811,20.9607],[-104.681,20.9438],[-104.6614,20.944],[-104.6581,20.9332],[-104.6381,20.9341],[-104.6285,20.9239],[-104.5907,20.9346],[-104.5569,20.9242],[-104.5429,20.9119],[-104.5346,20.884],[-104.5244,20.8858],[-104.5064,20.8608],[-104.4999,20.8382],[-104.4584,20.8065],[-104.4357,20.8058],[-104.4273,20.791],[-104.4141,20.7938],[-104.3842,20.7665],[-104.3775,20.7424],[-104.3637,20.7444],[-104.3508,20.7253],[-104.3241,20.7175],[-104.3056,20.6942],[-104.2885,20.6892],[-104.282,20.629],[-104.2536,20.6034],[-104.2538,20.6306],[-104.2469,20.6315],[-104.2604,20.6428],[-104.2365,20.6629],[-104.2532,20.6823],[-104.2433,20.6917],[-104.2418,20.7134],[-104.2829,20.7835],[-104.2976,20.7708],[-104.3283,20.7981],[-104.3358,20.7899],[-104.3582,20.7905],[-104.3752,20.7754],[-104.3759,20.7841],[-104.3504,20.8116],[-104.3641,20.8139],[-104.3571,20.8199],[-104.3618,20.8409],[-104.2954,20.8455],[-104.2907,20.8623],[-104.2791,20.8645],[-104.2909,20.8878],[-104.2679,20.8875],[-104.2288,20.9356],[-104.2066,20.9364],[-104.2013,20.9592],[-104.2331,20.9687],[-104.2385,20.9922],[-104.2232,21.0013],[-104.2427,21.0273],[-104.2266,21.0443],[-104.2392,21.0571],[-104.2218,21.07],[-104.2109,21.1186],[-104.2252,21.1512],[-104.2194,21.1766],[-104.2028,21.1928],[-104.1595,21.1846],[-104.124,21.1963],[-104.1108,21.1886],[-104.0857,21.2054],[-104.081,21.1897],[-104.0686,21.1868],[-104.0679,21.1982],[-104.0563,21.1941],[-104.0528,21.2054],[-104.028,21.1947],[-104.0294,21.2087],[-104.016,21.2075],[-104.0175,21.2272],[-103.9735,21.2563],[-103.924,21.2346],[-103.9355,21.2542],[-103.9311,21.2625],[-103.9179,21.231],[-103.8984,21.2265],[-103.8923,21.2384],[-103.8619,21.2489],[-103.84,21.2398],[-103.8194,21.2484],[-103.8203,21.281],[-103.7494,21.3367],[-103.7413,21.3741],[-103.7673,21.3884],[-103.7569,21.3999],[-103.7644,21.4103],[-103.7209,21.4254],[-103.742,21.4416],[-103.7494,21.4745],[-103.7691,21.483],[-103.7741,21.4984],[-103.7911,21.4977],[-103.8004,21.4872],[-103.8237,21.493],[-103.8321,21.5134],[-103.8599,21.5247],[-103.8563,21.5524],[-103.8816,21.5521],[-103.8926,21.5741],[-103.9192,21.582],[-103.9232,21.5906],[-103.9124,21.608],[-103.9191,21.6162],[-103.9077,21.6187],[-103.9302,21.6419],[-103.9213,21.6684],[-103.8877,21.6978],[-103.8959,21.7277],[-103.9028,21.7163],[-103.9318,21.7434],[-103.9317,21.7513],[-103.9161,21.7558],[-103.9235,21.7718],[-103.9778,21.7713],[-104.0523,21.7948],[-104.0799,21.7824],[-104.0984,21.7928],[-104.1304,21.7905],[-104.1617,21.8098],[-104.197,21.8508],[-104.1722,21.8713],[-104.1864,21.868],[-104.201,21.8915],[-104.1737,21.9634],[-104.1933,21.9854],[-104.246,21.9669],[-104.2754,21.9806],[-104.2814,21.9997],[-104.2941,22.0028],[-104.3269,21.9754],[-104.3707,21.9762],[-104.36,22.0151],[-104.369,22.0246],[-104.3615,22.0529],[-104.3732,22.1026],[-104.3563,22.1654],[-104.3318,22.1998],[-104.3414,22.2096],[-104.3259,22.2318],[-104.3287,22.2454],[-104.2849,22.2971],[-104.2993,22.3258],[-104.293,22.3307],[-104.2984,22.3478],[-104.2547,22.3488],[-104.2583,22.3847],[-104.241,22.4128],[-104.2207,22.4211],[-104.207,22.4217],[-104.1777,22.3896],[-104.1647,22.3916],[-104.1789,22.4274],[-104.1675,22.4452],[-104.1951,22.4476],[-104.1999,22.4563],[-104.185,22.4646],[-104.1857,22.4714],[-104.2049,22.4719],[-104.1989,22.4805],[-104.2012,22.483],[-104.2113,22.4814],[-104.2148,22.4842],[-104.2017,22.487],[-104.1902,22.5076],[-104.1504,22.5163],[-104.1431,22.5047],[-104.1135,22.4966],[-104.1204,22.5175],[-104.1027,22.5314],[-104.0772,22.5318],[-104.0516,22.4667],[-104.0622,22.4513],[-104.0616,22.4258],[-104.0768,22.4072],[-104.0769,22.3796],[-104.0972,22.3715],[-104.0942,22.355],[-104.0488,22.3764],[-104.0151,22.3648],[-104.0033,22.3899],[-104.0059,22.4087],[-103.9864,22.4148],[-103.9756,22.4362],[-103.9606,22.4332],[-103.9587,22.4511],[-103.9294,22.4751],[-103.9398,22.4889],[-103.9344,22.4999],[-103.9634,22.508],[-103.9662,22.5172],[-103.9806,22.5151],[-103.9913,22.5233],[-103.9872,22.5288],[-104.0056,22.5366],[-103.9723,22.5451],[-104.0008,22.5668],[-103.9862,22.5909],[-104.0181,22.597],[-104.027,22.6132],[-104.0333,22.6341],[-104.0155,22.6689],[-104.0308,22.6791],[-104.0433,22.6719],[-104.0548,22.6784],[-104.049,22.6871],[-104.0733,22.6941],[-104.0699,22.7014],[-104.0592,22.6921],[-104.0642,22.707],[-104.0489,22.7093],[-104.0559,22.724],[-104.0119,22.7479],[-103.972,22.7416],[-103.9093,22.7501],[-103.8983,22.7283],[-103.8751,22.7372],[-103.8362,22.728],[-103.7747,22.7339],[-103.7521,22.7122],[-103.7632,22.677],[-103.7587,22.6584],[-103.7685,22.6433],[-103.761,22.6256],[-103.8607,22.5676],[-103.8518,22.5536],[-103.8669,22.5447],[-103.8752,22.5216],[-103.8642,22.5135],[-103.864,22.4914],[-103.8711,22.4725],[-103.8854,22.4735],[-103.8761,22.4412],[-103.8947,22.4382],[-103.8732,22.4248],[-103.8806,22.4182],[-103.8669,22.4094],[-103.8693,22.4013],[-103.8862,22.4002],[-103.8835,22.39],[-103.8987,22.3796],[-103.8957,22.3641],[-103.9079,22.3621],[-103.9261,22.3321],[-103.9101,22.2833],[-103.9179,22.262],[-103.8861,22.2262],[-103.8851,22.1964],[-103.8629,22.1669],[-103.8441,22.2221],[-103.8449,22.2626],[-103.8286,22.2866],[-103.8454,22.3428],[-103.8112,22.3767],[-103.8102,22.4273],[-103.787,22.4778],[-103.7857,22.5105],[-103.7691,22.5558],[-103.7592,22.5517],[-103.7266,22.5741],[-103.6818,22.5548],[-103.6726,22.5611],[-103.661,22.5471],[-103.6224,22.5636],[-103.6028,22.5568],[-103.5993,22.5264],[-103.5837,22.522],[-103.5946,22.5054],[-103.5793,22.4962],[-103.5725,22.4375],[-103.5592,22.4284],[-103.594,22.4072],[-103.5976,22.3745],[-103.6107,22.3598],[-103.6048,22.3401],[-103.6421,22.3409],[-103.6378,22.2952],[-103.5949,22.2731],[-103.6309,22.2389],[-103.6578,22.1838],[-103.6545,22.1719],[-103.6903,22.1301],[-103.6774,22.1187],[-103.6838,22.1092],[-103.6047,22.0979],[-103.594,22.1116],[-103.5811,22.1049],[-103.58,22.1268],[-103.5601,22.1366],[-103.5502,22.1357],[-103.5427,22.1206],[-103.5146,22.1291],[-103.5159,22.1099],[-103.5016,22.1056],[-103.4793,22.1148],[-103.4592,22.1059],[-103.4395,22.1176],[-103.4259,22.1394],[-103.4292,22.1622],[-103.4197,22.1775],[-103.4341,22.1908],[-103.4172,22.1905],[-103.409,22.2154],[-103.3857,22.2125],[-103.383,22.227],[-103.3377,22.2452],[-103.3119,22.2333],[-103.2951,22.2533],[-103.3139,22.2587],[-103.2978,22.2983],[-103.3069,22.3063],[-103.3277,22.3074],[-103.3384,22.2875],[-103.3557,22.2798],[-103.3501,22.3075],[-103.3638,22.3145],[-103.343,22.3351],[-103.3626,22.3364],[-103.3667,22.351],[-103.3647,22.3695],[-103.3293,22.3845],[-103.3146,22.4049],[-103.3092,22.392],[-103.3005,22.393],[-103.2852,22.4142],[-103.2602,22.4119],[-103.2522,22.3989],[-103.2321,22.3934],[-103.2134,22.4101],[-103.1988,22.3806],[-103.1894,22.3902],[-103.1686,22.385],[-103.1686,22.3546],[-103.1941,22.332],[-103.2082,22.3331],[-103.2206,22.2805],[-103.2019,22.2803],[-103.1906,22.2985],[-103.101,22.294],[-103.083,22.2771],[-103.0783,22.2571],[-103.0555,22.2473],[-103.0621,22.2283],[-103.0548,22.2138],[-103.1061,22.1914],[-103.1088,22.1443],[-103.0788,22.1371],[-103.077,22.1255],[-103.1017,22.1018],[-103.1256,22.1048],[-103.1351,22.0905],[-103.1528,22.0876],[-103.1543,22.0722],[-103.1079,22.0634],[-103.1115,22.0143],[-103.1657,21.9968],[-103.2017,21.9986],[-103.1918,21.9744],[-103.2056,21.9652],[-103.24,21.9767],[-103.2448,21.9666],[-103.2647,21.9718],[-103.2786,21.9897],[-103.3414,21.9404],[-103.3441,21.9135],[-103.3748,21.9137],[-103.3943,21.8967],[-103.4139,21.9055],[-103.4513,21.8539],[-103.4554,21.8328],[-103.4724,21.836],[-103.4705,21.8135],[-103.4825,21.8133],[-103.5028,21.8331],[-103.5314,21.8178],[-103.5261,21.8051],[-103.5726,21.8035],[-103.5608,21.7803],[-103.5279,21.7723],[-103.5085,21.7397],[-103.5098,21.713],[-103.5179,21.7115],[-103.5267,21.6756],[-103.5555,21.6341],[-103.5452,21.5876],[-103.5589,21.5764],[-103.5905,21.5898],[-103.5929,21.5592],[-103.619,21.5569],[-103.6298,21.5734],[-103.6449,21.5765],[-103.66,21.5648],[-103.6583,21.5559],[-103.6898,21.5524],[-103.6863,21.5351],[-103.6945,21.5289],[-103.6726,21.5055],[-103.6918,21.4956],[-103.7015,21.4663],[-103.6587,21.4637],[-103.6608,21.4416],[-103.6265,21.4345],[-103.6229,21.4131],[-103.5953,21.3909],[-103.5864,21.3924],[-103.5759,21.4362],[-103.5604,21.4302],[-103.5387,21.4448],[-103.5336,21.4206],[-103.5039,21.3768],[-103.51,21.3549],[-103.5676,21.3522],[-103.5785,21.3302],[-103.6169,21.3534],[-103.6187,21.3445],[-103.6636,21.3381],[-103.6774,21.3199],[-103.7051,21.3255],[-103.7208,21.308],[-103.7162,21.2679],[-103.6667,21.2905],[-103.6582,21.2804],[-103.6351,21.2832],[-103.6402,21.2221],[-103.6634,21.2242],[-103.6673,21.216],[-103.6186,21.1888],[-103.6141,21.1569],[-103.602,21.1517],[-103.5904,21.1275],[-103.5544,21.1166],[-103.5298,21.1341],[-103.5315,21.142],[-103.511,21.1462],[-103.5041,21.1277],[-103.4693,21.1434],[-103.4286,21.1467],[-103.4163,21.1373],[-103.4183,21.1152],[-103.3961,21.0987],[-103.396,21.0803],[-103.3531,21.0453],[-103.335,21.0426],[-103.3303,21.0545],[-103.3019,21.0546],[-103.2966,21.0648],[-103.2757,21.0514],[-103.2572,21.0707],[-103.2582,21.0831],[-103.2326,21.0791],[-103.2096,21.0942],[-103.1884,21.0852],[-103.1884,21.0707],[-103.1629,21.0729],[-103.1293,21.0533],[-103.1233,21.0668],[-103.0884,21.0657],[-103.0565,21.0993],[-103.0652,21.1043],[-103.0758,21.0969],[-103.0737,21.11],[-103.0917,21.1158],[-103.0985,21.1285],[-103.0714,21.1529],[-103.0843,21.1941],[-103.0692,21.2099],[-103.0775,21.2154],[-103.057,21.2468],[-103.0655,21.2558],[-103.0449,21.2624],[-103.0459,21.2494],[-103.0298,21.2511],[-103.017,21.241],[-103.0112,21.2554],[-102.9969,21.2597],[-102.979,21.2397],[-102.9463,21.2344],[-102.9478,21.2146],[-102.9107,21.2052],[-102.903,21.2352],[-102.8766,21.2366],[-102.8729,21.2552],[-102.8637,21.2528],[-102.8594,21.2705],[-102.8448,21.2773],[-102.8488,21.2932],[-102.8371,21.3034],[-102.8152,21.2947],[-102.812,21.3237],[-102.7985,21.3069],[-102.7889,21.3295],[-102.7718,21.316],[-102.7553,21.3232],[-102.7578,21.3392],[-102.728,21.3571],[-102.7291,21.3874],[-102.7133,21.3798],[-102.6951,21.3407],[-102.6778,21.3409],[-102.6426,21.3672],[-102.6381,21.3932],[-102.6597,21.4109],[-102.6521,21.4122],[-102.655,21.4466],[-102.6361,21.4629],[-102.6479,21.4625],[-102.6491,21.4742],[-102.6367,21.4771],[-102.6248,21.5014],[-102.6422,21.5187],[-102.6307,21.534],[-102.6964,21.543],[-102.6951,21.5729],[-102.7171,21.5713],[-102.7295,21.5931],[-102.7374,21.5868],[-102.7647,21.5961],[-102.7836,21.6467],[-102.7734,21.6583],[-102.8053,21.671],[-102.7665,21.6869],[-102.7453,21.7201],[-102.7228,21.7191],[-102.7156,21.7341],[-102.6963,21.7288],[-102.6907,21.7524],[-102.6689,21.7641],[-102.6335,21.7673],[-102.6063,21.7511],[-102.5968,21.755],[-102.5963,21.744],[-102.5525,21.7427],[-102.4758,21.6949],[-102.4569,21.6981],[-102.4521,21.6869],[-102.4611,21.6793],[-102.4046,21.6656],[-102.4075,21.6595],[-102.3695,21.6506],[-102.3257,21.6223],[-102.3211,21.6301],[-102.3102,21.6266],[-102.2954,21.6531],[-102.304,21.6667],[-102.2794,21.6644],[-102.2752,21.654],[-102.2376,21.652],[-102.2264,21.6578],[-102.2143,21.6948],[-102.1779,21.6882],[-102.1714,21.707],[-102.1549,21.7],[-102.1421,21.7054],[-102.1021,21.761],[-102.0862,21.7673],[-102.0946,21.7777],[-102.0831,21.7871],[-102.072,21.7827],[-102.0551,21.8164],[-102.0417,21.8231],[-102.0384,21.8532],[-102.0208,21.8512],[-102.02,21.8625],[-101.8802,21.9101],[-101.838,21.9073],[-101.8353,21.9418],[-101.8727,21.9465],[-101.8858,21.9326],[-101.8982,21.9833],[-101.9094,21.989],[-101.9126,21.9975],[-101.8947,21.9897],[-101.8913,21.9766],[-101.8638,21.99],[-101.8617,22.0289],[-101.8157,22.02],[-101.8014,22.031],[-101.8043,22.0253],[-101.7844,22.0241],[-101.7776,22.0073],[-101.751,22.0146],[-101.73,22.0021],[-101.7107,21.9739],[-101.6591,21.9416],[-101.6501,21.9074],[-101.6289,21.9109],[-101.6167,21.9294],[-101.5958,21.91],[-101.5698,21.9171],[-101.566,21.842],[-101.5482,21.8341],[-101.537,21.8105],[-101.5178,21.8148],[-101.5105,21.7991],[-101.5388,21.7773],[-101.5857,21.7788],[-101.5797,21.7364],[-101.5577,21.7351],[-101.5709,21.7043],[-101.584,21.7096],[-101.5691,21.6923],[-101.5961,21.6371],[-101.5802,21.6255],[-101.586,21.6078],[-101.5953,21.61],[-101.6123,21.5829],[-101.6065,21.5639],[-101.6217,21.5519],[-101.62,21.5411],[-101.6413,21.5266],[-101.6403,21.5136],[-101.6324,21.5191],[-101.589,21.4649],[-101.59,21.4456],[-101.5819,21.4478],[-101.5704,21.4185],[-101.6003,21.4205],[-101.6776,21.3951],[-101.6428,21.3551],[-101.6432,21.2993],[-101.6629,21.2866],[-101.6867,21.2941],[-101.702,21.2755],[-101.7358,21.2773],[-101.7385,21.2692],[-101.7597,21.2676],[-101.7682,21.2577],[-101.7546,21.2439],[-101.7712,21.2347],[-101.7811,21.1605],[-101.804,21.1663],[-101.8157,21.1495],[-101.8118,21.1412],[-101.8334,21.1373],[-101.8177,21.107],[-101.875,21.0929],[-101.8749,21.0701],[-101.9013,21.053],[-101.9087,20.9986],[-101.9371,20.9558],[-101.9389,20.9306],[-101.9579,20.9352],[-101.9631,20.9225],[-101.9799,20.925],[-101.9811,20.9148],[-102.018,20.8833],[-102.0126,20.8783],[-102.0218,20.8622],[-102.0799,20.8291],[-102.0799,20.8018],[-102.0959,20.7801],[-102.0676,20.7722],[-102.0736,20.7488],[-102.061,20.7485],[-102.0645,20.7387],[-102.0345,20.7421],[-102.0377,20.7174],[-102.0144,20.7171],[-102.0138,20.6644],[-101.9814,20.6575],[-101.9681,20.6636],[-101.9712,20.6376],[-101.9571,20.6326],[-101.9587,20.6088],[-101.9511,20.6074],[-101.9739,20.5418],[-101.984,20.535],[-101.9879,20.5453],[-102.0141,20.5426],[-102.0101,20.5261],[-102.046,20.4826],[-102.044,20.4566],[-102.0766,20.4282],[-102.0709,20.409],[-102.1058,20.3786],[-102.1682,20.3787],[-102.1582,20.367],[-102.177,20.3682],[-102.1754,20.356],[-102.2081,20.3567],[-102.2542,20.3353],[-102.2899,20.3408],[-102.2921,20.353],[-102.3066,20.3582],[-102.3161,20.3446],[-102.3272,20.3495],[-102.3663,20.3279],[-102.3912,20.334],[-102.3998,20.3277],[-102.4346,20.341],[-102.4805,20.3252],[-102.4906,20.3086],[-102.5054,20.3159],[-102.509,20.3014],[-102.5305,20.2958],[-102.5201,20.2804],[-102.5286,20.271],[-102.5441,20.2806],[-102.555,20.2607],[-102.5646,20.2782],[-102.5667,20.2656],[-102.5905,20.2585],[-102.6101,20.2691],[-102.6273,20.2294],[-102.679,20.2269],[-102.6854,20.218],[-102.6797,20.1715],[-102.7302,20.1666],[-102.7761,20.1384],[-102.8193,20.1372],[-102.8019,20.123],[-102.8163,20.106],[-102.8407,20.1161],[-102.866,20.1624],[-102.8869,20.1588],[-102.9402,20.1717],[-102.954,20.1666],[-102.9264,20.1296],[-102.9596,20.1412],[-102.9706,20.1254],[-102.9984,20.126],[-103.0048,20.1382],[-103.0325,20.1364],[-103.0313,20.1268],[-103.0444,20.1236],[-103.0328,20.1114],[-103.0417,20.0906],[-103.0207,20.0473],[-103.0265,20.0493],[-103.0244,20.0333],[-103.0357,20.0294],[-103.0515,19.9916],[-103.0252,19.9605],[-103.0155,19.9598],[-102.9938,19.9839],[-102.9512,19.9966],[-102.9436,19.9841],[-102.9263,19.9842],[-102.9026,19.9669],[-102.882,19.9758],[-102.794,19.9503],[-102.7769,19.9602],[-102.784,19.9512],[-102.7706,19.9299],[-102.7312,19.8995],[-102.7425,19.8788],[-102.7304,19.8532],[-102.7533,19.8341],[-102.7394,19.8158],[-102.7591,19.808],[-102.7923,19.8141],[-102.8195,19.7779],[-102.8086,19.7596],[-102.8163,19.7499],[-102.8039,19.7522],[-102.8108,19.741],[-102.7805,19.7043],[-102.8057,19.6748],[-102.7912,19.6732],[-102.7926,19.6546],[-102.7758,19.6277],[-102.7159,19.6029],[-102.726,19.579],[-102.7107,19.5411],[-102.7381,19.4934],[-102.6895,19.5134],[-102.673,19.512],[-102.6709,19.4906],[-102.6575,19.4872],[-102.6205,19.4988],[-102.5823,19.5283],[-102.5719,19.5112],[-102.5759,19.4981],[-102.5491,19.4924],[-102.5427,19.478],[-102.5633,19.4649],[-102.5686,19.4455],[-102.5587,19.447],[-102.5477,19.4395],[-102.5592,19.4369],[-102.5437,19.4296],[-102.5651,19.4352],[-102.5768,19.4239],[-102.5688,19.4126],[-102.6011,19.3645],[-102.6112,19.3228],[-102.6327,19.307],[-102.6431,19.2783],[-102.6382,19.2627],[-102.6621,19.2188],[-102.6699,19.2124],[-102.7007,19.2245],[-102.6988,19.2499],[-102.7127,19.2358],[-102.7538,19.2558],[-102.7902,19.2425],[-102.7938,19.2254],[-102.8084,19.2233],[-102.8244,19.2057],[-102.8314,19.2146],[-102.8456,19.199],[-102.8654,19.2113],[-102.9151,19.1794],[-102.9601,19.1741],[-102.9794,19.1524],[-102.9776,19.1201],[-103.0045,19.1376],[-103.0204,19.1305],[-103.012,19.1092],[-103.0195,19.1038],[-103.016,19.0792],[-102.9908,19.0534],[-103.0252,19.0531],[-103.0332,19.0291],[-103.0506,19.0356],[-103.0632,19.0279],[-103.0638,19.0057],[-103.0525,18.9981],[-103.0881,18.9841],[-103.125,18.9301],[-103.1482,18.9259],[-103.1734,18.9363],[-103.203,18.9653],[-103.2095,19.003],[-103.2217,19.0095],[-103.2239,19.0241],[-103.3325,18.9733],[-103.3772,18.9802],[-103.3944,18.9674],[-103.4114,18.9677],[-103.4195,18.9813],[-103.4631,18.977],[-103.4727,18.9911],[-103.482,18.9702],[-103.495,18.9707],[-103.4908,18.9958],[-103.4987,19.012],[-103.4885,19.0276],[-103.5265,19.0787],[-103.5174,19.0988],[-103.5236,19.1156],[-103.4976,19.1746],[-103.5152,19.2114],[-103.5057,19.2362],[-103.5092,19.2951],[-103.4899,19.3107],[-103.4957,19.3198],[-103.4864,19.3379],[-103.5222,19.3578],[-103.5562,19.407],[-103.5743,19.4116],[-103.5789,19.4355],[-103.6154,19.475],[-103.6062,19.5006],[-103.6183,19.5125],[-103.69,19.4924],[-103.7183,19.4535],[-103.7927,19.4275],[-103.8193,19.4087],[-103.8241,19.4378],[-103.8565,19.4313],[-103.8638,19.4474],[-103.8794,19.4445],[-103.8893,19.4636],[-103.9088,19.4536],[-103.8995,19.4345],[-103.9648,19.4542],[-103.974,19.4746],[-104.0,19.4688],[-104.0617,19.4977],[-104.0767,19.4802],[-104.0866,19.442],[-104.0799,19.4318],[-104.0709,19.4352],[-104.0902,19.393],[-104.1333,19.3537],[-104.123,19.319],[-104.1529,19.3152],[-104.1616,19.3027],[-104.1798,19.3126],[-104.1917,19.2922],[-104.2043,19.3036],[-104.2184,19.299],[-104.2612,19.3118],[-104.2836,19.297],[-104.2976,19.3027],[-104.3148,19.2794],[-104.3439,19.2895],[-104.3619,19.2691],[-104.3743,19.2819],[-104.4013,19.2668],[-104.4009,19.2891],[-104.4396,19.2776]]],[[[-104.8759,19.2732],[-104.8775,19.2728],[-104.8772,19.2736],[-104.8759,19.2732]]],[[[-104.9602,19.3061],[-104.9606,19.3081],[-104.9599,19.3061],[-104.9602,19.3061]]],[[[-104.9556,19.3106],[-104.956,19.3095],[-104.9566,19.3103],[-104.9556,19.3106]]],[[[-104.9518,19.3145],[-104.9514,19.3151],[-104.9514,19.3143],[-104.9518,19.3145]]],[[[-105.0357,19.3907],[-105.034,19.3891],[-105.0359,19.3888],[-105.0357,19.3907]]],[[[-105.0359,19.4412],[-105.0354,19.4397],[-105.0364,19.4401],[-105.0359,19.4412]]],[[[-105.0633,19.4765],[-105.0658,19.4762],[-105.0663,19.4764],[-105.064,19.4772],[-105.0633,19.4765]]],[[[-105.0684,19.4778],[-105.0639,19.4778],[-105.067,19.4771],[-105.0684,19.4778]]],[[[-105.0857,19.515],[-105.0852,19.5138],[-105.0862,19.5145],[-105.0857,19.515]]],[[[-105.086,19.5228],[-105.086,19.5211],[-105.0872,19.5226],[-105.086,19.5228]]],[[[-105.0936,19.5268],[-105.0939,19.5237],[-105.0959,19.5262],[-105.0936,19.5268]]],[[[-105.094,19.5306],[-105.0941,19.5292],[-105.0945,19.5293],[-105.094,19.5306]]],[[[-105.0883,19.5332],[-105.0895,19.5318],[-105.0897,19.5332],[-105.0883,19.5332]]],[[[-105.089,19.5361],[-105.0872,19.5343],[-105.0893,19.534],[-105.089,19.5361]]],[[[-105.0928,19.5353],[-105.092,19.5363],[-105.0925,19.5349],[-105.0928,19.5353]]],[[[-105.0942,19.5405],[-105.0932,19.5379],[-105.0951,19.5388],[-105.0942,19.5405]]],[[[-105.1093,19.5521],[-105.1081,19.5445],[-105.1133,19.5454],[-105.1093,19.5521]]],[[[-105.1148,19.5491],[-105.1154,19.5472],[-105.1161,19.5476],[-105.1148,19.5491]]],[[[-105.1066,19.5563],[-105.108,19.5557],[-105.1082,19.5564],[-105.1066,19.5563]]],[[[-105.1136,19.5615],[-105.1116,19.5573],[-105.1172,19.555],[-105.1136,19.5615]]],[[[-105.1311,19.5733],[-105.1306,19.5739],[-105.1307,19.5732],[-105.1311,19.5733]]],[[[-105.1338,19.5743],[-105.133,19.5734],[-105.1345,19.5738],[-105.1338,19.5743]]],[[[-105.1358,19.5738],[-105.1367,19.5747],[-105.1346,19.5749],[-105.1358,19.5738]]],[[[-105.1466,19.579],[-105.1479,19.5787],[-105.1478,19.579],[-105.1466,19.579]]],[[[-105.1462,19.5804],[-105.1469,19.5811],[-105.1462,19.5805],[-105.1462,19.5804]]],[[[-105.2929,20.5443],[-105.292,20.5457],[-105.2911,20.5451],[-105.2929,20.5443]]]]}},{"type":"Feature","properties":{"cve_ent":"15","nombre":"México"},"geometry":{"type":"Polygon","coordinates":[[[-100.0701,18.5765],[-100.09,18.5222],[-100.1227,18.5165],[-100.1185,18.506],[-100.1322,18.5],[-100.1362,18.5061],[-100.1456,18.488],[-100.1588,18.4918],[-100.1653,18.4797],[-100.1742,18.4817],[-100.172,18.4715],[-100.1857,18.4551],[-100.2001,18.4567],[-100.2087,18.4412],[-100.2087,18.4492],[-100.2171,18.4459],[-100.238,18.4252],[-100.2364,18.4168],[-100.2595,18.4274],[-100.2709,18.3737],[-100.292,18.3816],[-100.3057,18.3681],[-100.3461,18.4003],[-100.3594,18.4235],[-100.3854,18.4265],[-100.362,18.4968],[-100.3737,18.5291],[-100.396,18.5405],[-100.4291,18.51],[-100.4494,18.5566],[-100.4297,18.5993],[-100.4465,18.6225],[-100.4743,18.6192],[-100.487,18.6404],[-100.4783,18.6869],[-100.4471,18.7016],[-100.4504,18.716],[-100.4371,18.7506],[-100.4181,18.7595],[-100.4306,18.7832],[-100.456,18.7779],[-100.4594,18.7969],[-100.4818,18.7987],[-100.4903,18.7893],[-100.4935,18.8239],[-100.5855,18.8588],[-100.6129,18.8935],[-100.6005,18.8929],[-100.5932,18.9153],[-100.5742,18.9145],[-100.5759,18.9229],[-100.5652,18.9177],[-100.562,18.9328],[-100.5438,18.9347],[-100.5467,18.9642],[-100.5334,18.9644],[-100.5377,18.9842],[-100.5232,18.9936],[-100.5299,19.0093],[-100.4843,19.021],[-100.4771,19.0341],[-100.4613,19.0315],[-100.4471,19.052],[-100.4108,19.0636],[-100.4067,19.1059],[-100.3895,19.1429],[-100.3616,19.1547],[-100.3782,19.1711],[-100.3731,19.1942],[-100.3313,19.2305],[-100.3199,19.253],[-100.3131,19.2973],[-100.3233,19.3068],[-100.3007,19.3427],[-100.3124,19.3624],[-100.2944,19.3809],[-100.2931,19.3951],[-100.2374,19.4035],[-100.1899,19.4397],[-100.2061,19.4545],[-100.2064,19.4704],[-100.201,19.4928],[-100.1777,19.4926],[-100.2019,19.4995],[-100.1964,19.5317],[-100.2147,19.5528],[-100.2375,19.5572],[-100.2521,19.6175],[-100.2475,19.6345],[-100.274,19.6723],[-100.2639,19.6958],[-100.2341,19.72],[-100.2258,19.7172],[-100.2295,19.7022],[-100.1921,19.6971],[-100.186,19.713],[-100.1693,19.7077],[-100.1598,19.7261],[-100.1482,19.7282],[-100.1467,19.8128],[-100.1315,19.852],[-100.0949,19.8604],[-100.0634,19.8546],[-100.0642,19.8625],[-100.1024,19.8797],[-100.1192,19.9121],[-100.1301,19.9162],[-100.1314,19.982],[-100.116,20.0061],[-100.1551,20.0074],[-100.1529,20.0543],[-100.0913,20.0243],[-100.0888,20.015],[-100.0617,20.0388],[-100.0438,20.0366],[-100.0276,20.0566],[-100.0056,20.0642],[-100.0004,20.0775],[-99.9785,20.074],[-99.9802,20.0591],[-99.9263,20.0643],[-99.9238,20.0841],[-99.9422,20.1201],[-99.9308,20.1431],[-99.9362,20.1625],[-99.9272,20.1571],[-99.9219,20.1587],[-99.9655,20.2017],[-99.9645,20.2163],[-99.9865,20.2571],[-99.9811,20.2715],[-99.9575,20.2508],[-99.9509,20.2159],[-99.9184,20.2118],[-99.9341,20.2498],[-99.9195,20.2817],[-99.8595,20.2646],[-99.8419,20.2819],[-99.7904,20.238],[-99.7952,20.2277],[-99.7402,20.1779],[-99.7146,20.1663],[-99.6821,20.1706],[-99.6769,20.1625],[-99.6694,20.1793],[-99.6597,20.1808],[-99.6551,20.1631],[-99.641,20.1642],[-99.6306,20.1457],[-99.5996,20.1697],[-99.5763,20.1621],[-99.5507,20.1714],[-99.5483,20.1631],[-99.5335,20.1621],[-99.5122,20.1751],[-99.5018,20.1533],[-99.5181,20.1457],[-99.4835,20.101],[-99.481,20.0822],[-99.4598,20.0655],[-99.4369,20.0013],[-99.4551,19.9797],[-99.4502,19.9642],[-99.4778,19.9606],[-99.484,19.9052],[-99.4639,19.8926],[-99.4359,19.9031],[-99.4452,19.8843],[-99.4268,19.875],[-99.415,19.8505],[-99.3918,19.8599],[-99.3732,19.8515],[-99.3867,19.813],[-99.3775,19.7965],[-99.3903,19.7857],[-99.3812,19.7841],[-99.3879,19.7779],[-99.3824,19.7712],[-99.3706,19.7818],[-99.3446,19.7795],[-99.3387,19.802],[-99.3256,19.7931],[-99.3066,19.7977],[-99.3119,19.8142],[-99.2969,19.8352],[-99.2787,19.8404],[-99.2695,19.8596],[-99.248,19.8598],[-99.2414,19.8753],[-99.2283,19.875],[-99.2175,19.8914],[-99.2239,19.902],[-99.2056,19.9275],[-99.2186,19.9272],[-99.2278,19.9511],[-99.2154,19.9546],[-99.1901,19.994],[-99.1772,19.9931],[-99.1586,20.0272],[-99.0854,20.0325],[-99.0783,20.0183],[-99.0638,20.0142],[-99.0676,19.985],[-99.0596,19.974],[-99.0494,20.0077],[-99.0313,20.0149],[-99.0345,19.9718],[-99.0041,19.965],[-99.0075,19.9792],[-99.0216,19.987],[-99.0053,20.0289],[-99.0056,20.0532],[-98.989,20.0683],[-98.9587,20.0396],[-98.964,20.0312],[-98.9467,20.0275],[-98.9427,19.9791],[-98.9662,19.974],[-98.9812,19.9547],[-98.9956,19.9569],[-98.9998,19.9418],[-98.9847,19.9463],[-98.9561,19.9282],[-98.9527,19.9067],[-98.9614,19.8936],[-98.9535,19.8885],[-98.966,19.8917],[-99.0206,19.8677],[-99.0002,19.8342],[-99.0082,19.8284],[-98.95,19.7996],[-98.9276,19.8434],[-98.906,19.8451],[-98.903,19.8593],[-98.9175,19.8692],[-98.9118,19.881],[-98.8832,19.9015],[-98.8659,19.8926],[-98.8558,19.9043],[-98.841,19.8923],[-98.844,19.882],[-98.7952,19.8564],[-98.7939,19.8721],[-98.7806,19.8835],[-98.7392,19.8726],[-98.7128,19.8538],[-98.6991,19.8584],[-98.6854,19.8505],[-98.6727,19.8628],[-98.6718,19.8537],[-98.6976,19.8321],[-98.6759,19.8132],[-98.6748,19.8324],[-98.6608,19.835],[-98.6388,19.8008],[-98.6236,19.7939],[-98.6253,19.7852],[-98.6122,19.7864],[-98.6117,19.7741],[-98.5969,19.7658],[-98.6081,19.7251],[-98.6329,19.7222],[-98.6239,19.6964],[-98.6399,19.6711],[-98.6197,19.6612],[-98.6438,19.6488],[-98.6701,19.6587],[-98.6724,19.6251],[-98.6617,19.6101],[-98.6924,19.5859],[-98.6891,19.5769],[-98.7081,19.5548],[-98.7,19.5313],[-98.6604,19.4855],[-98.6532,19.466],[-98.6614,19.4581],[-98.6348,19.4312],[-98.6602,19.4321],[-98.6555,19.3735],[-98.6381,19.3589],[-98.6606,19.3517],[-98.6635,19.3248],[-98.6275,19.2578],[-98.6436,19.2387],[-98.647,19.1848],[-98.6353,19.147],[-98.6407,19.1255],[-98.6255,19.1196],[-98.6326,19.1006],[-98.6259,19.0894],[-98.6393,19.0774],[-98.6235,19.0664],[-98.6298,19.0436],[-98.6199,19.0351],[-98.6293,19.0171],[-98.6645,19.0036],[-98.714,18.943],[-98.7861,18.9429],[-98.7921,18.9353],[-98.8595,18.9648],[-98.871,19.0254],[-98.9034,19.0385],[-98.9156,19.0641],[-98.9443,19.0697],[-98.9578,19.0603],[-98.979,19.0745],[-98.9591,19.1043],[-98.9665,19.1439],[-98.9546,19.1495],[-98.9674,19.1644],[-98.9524,19.1686],[-98.9677,19.1897],[-98.9685,19.2106],[-98.9426,19.2156],[-98.9403,19.2232],[-98.9686,19.2322],[-98.966,19.2499],[-98.9765,19.2531],[-98.9579,19.3232],[-98.9946,19.3581],[-98.9919,19.3676],[-99.0581,19.4007],[-99.0465,19.4424],[-99.068,19.4891],[-99.0639,19.4988],[-99.1259,19.5212],[-99.1306,19.5361],[-99.1081,19.5649],[-99.1237,19.5928],[-99.1581,19.5574],[-99.1609,19.5493],[-99.1511,19.5448],[-99.1568,19.5281],[-99.176,19.532],[-99.177,19.5293],[-99.1572,19.5028],[-99.2093,19.5124],[-99.2211,19.4751],[-99.2072,19.4696],[-99.2296,19.4374],[-99.2223,19.4269],[-99.2956,19.3691],[-99.3035,19.3778],[-99.3131,19.3704],[-99.3566,19.3067],[-99.35,19.2968],[-99.3649,19.2778],[-99.3392,19.2677],[-99.3423,19.2411],[-99.3153,19.2292],[-99.2787,19.1317],[-99.2951,19.1229],[-99.3183,19.0874],[-99.3177,19.0534],[-99.3086,19.0403],[-99.3175,19.0401],[-99.3118,19.0247],[-99.3197,19.0113],[-99.3085,18.994],[-99.3087,18.9588],[-99.3172,18.94],[-99.3379,18.9324],[-99.367,18.894],[-99.4067,18.8952],[-99.411,18.8782],[-99.4294,18.8776],[-99.4259,18.8264],[-99.451,18.7725],[-99.4633,18.7672],[-99.4939,18.7208],[-99.5364,18.6938],[-99.5698,18.7055],[-99.5817,18.7217],[-99.5797,18.7352],[-99.5899,18.7393],[-99.6229,18.7398],[-99.6211,18.7259],[-99.6309,18.7206],[-99.6615,18.7713],[-99.6972,18.7863],[-99.6947,18.7768],[-99.7092,18.7688],[-99.672,18.7135],[-99.7047,18.7349],[-99.737,18.7398],[-99.7583,18.7113],[-99.7549,18.6974],[-99.7724,18.6862],[-99.7936,18.6302],[-99.8125,18.6409],[-99.8166,18.625],[-99.8484,18.6203],[-99.8476,18.6055],[-99.8637,18.6179],[-99.8885,18.6187],[-99.907,18.6018],[-99.9472,18.5879],[-99.9617,18.553],[-99.9897,18.5697],[-100.0016,18.5639],[-99.9993,18.5836],[-100.025,18.6069],[-100.0636,18.5855],[-100.0718,18.5937],[-100.0824,18.5879],[-100.0701,18.5765]]]}},{"type":"Feature","properties":{"cve_ent":"16","nombre":"Michoacán"},"geometry":{"type":"Polygon","coordinates":[[[-102.1398,18.1884],[-102.1618,18.1641],[-102.1783,18.1229],[-102.1844,18.0264],[-102.1802,17.9989],[-102.1376,17.9697],[-102.133,17.9508],[-102.1378,17.9353],[-102.1919,17.9134],[-102.3092,17.9695],[-102.4804,18.0174],[-102.611,18.0485],[-102.6992,18.0551],[-102.7481,18.0749],[-102.7591,18.0699],[-103.0307,18.1875],[-103.1095,18.1902],[-103.1176,18.2027],[-103.1466,18.2003],[-103.1863,18.2218],[-103.2063,18.2223],[-103.2123,18.232],[-103.2918,18.2471],[-103.3396,18.2708],[-103.3618,18.2647],[-103.3764,18.281],[-103.4038,18.2864],[-103.5108,18.3443],[-103.5408,18.4304],[-103.5831,18.5059],[-103.6699,18.5793],[-103.7119,18.597],[-103.6903,18.6124],[-103.6862,18.6286],[-103.7099,18.663],[-103.7379,18.684],[-103.738,18.6941],[-103.7189,18.7104],[-103.7003,18.7544],[-103.6854,18.7573],[-103.679,18.7732],[-103.638,18.7832],[-103.62,18.8014],[-103.6262,18.831],[-103.6172,18.8429],[-103.6406,18.8672],[-103.6268,18.8888],[-103.5968,18.8842],[-103.587,18.8656],[-103.5823,18.8756],[-103.5732,18.8713],[-103.5581,18.9066],[-103.532,18.9054],[-103.5336,18.927],[-103.5141,18.9349],[-103.5223,18.9485],[-103.5064,18.9482],[-103.5086,18.9637],[-103.4912,18.9584],[-103.4731,18.9911],[-103.4631,18.977],[-103.4195,18.9813],[-103.4114,18.9677],[-103.3944,18.9674],[-103.3772,18.9802],[-103.3325,18.9733],[-103.2254,19.0241],[-103.2095,19.003],[-103.2045,18.9676],[-103.1734,18.9363],[-103.1496,18.9259],[-103.125,18.9301],[-103.0881,18.9841],[-103.0525,18.9981],[-103.0638,19.0057],[-103.0632,19.0279],[-103.0506,19.0356],[-103.0332,19.0291],[-103.0252,19.0531],[-102.9908,19.0534],[-103.016,19.0792],[-103.0195,19.1038],[-103.012,19.1092],[-103.0197,19.1324],[-103.0045,19.1376],[-102.9776,19.1201],[-102.9794,19.1524],[-102.9601,19.1741],[-102.9151,19.1794],[-102.8654,19.2113],[-102.8456,19.199],[-102.8314,19.2146],[-102.8244,19.2057],[-102.8084,19.2233],[-102.7938,19.2254],[-102.7902,19.2425],[-102.7538,19.2558],[-102.7127,19.2358],[-102.6966,19.2488],[-102.7007,19.2245],[-102.6699,19.2124],[-102.6382,19.2627],[-102.6431,19.2783],[-102.6327,19.307],[-102.6112,19.3228],[-102.6011,19.3645],[-102.5688,19.4126],[-102.5768,19.4239],[-102.5651,19.4352],[-102.5437,19.4296],[-102.5592,19.4369],[-102.5477,19.4395],[-102.5587,19.447],[-102.5686,19.4455],[-102.5633,19.4649],[-102.5427,19.478],[-102.5491,19.4924],[-102.5759,19.4981],[-102.5719,19.5112],[-102.5819,19.5283],[-102.6205,19.4988],[-102.6575,19.4872],[-102.6709,19.4906],[-102.673,19.512],[-102.6895,19.5134],[-102.7381,19.4934],[-102.7107,19.5411],[-102.726,19.579],[-102.7159,19.6029],[-102.7758,19.6277],[-102.7926,19.6546],[-102.7912,19.6732],[-102.8057,19.6748],[-102.7805,19.7043],[-102.8108,19.741],[-102.8039,19.7522],[-102.8163,19.7499],[-102.8086,19.7596],[-102.8195,19.7779],[-102.7923,19.8141],[-102.7591,19.808],[-102.7394,19.8158],[-102.7533,19.8341],[-102.7304,19.8532],[-102.7425,19.8788],[-102.7312,19.8995],[-102.7706,19.9299],[-102.784,19.9512],[-102.7769,19.9602],[-102.794,19.9503],[-102.882,19.9758],[-102.9026,19.9669],[-102.9263,19.9842],[-102.9436,19.9841],[-102.9512,19.9966],[-102.9938,19.9839],[-103.0162,19.9593],[-103.0348,19.9679],[-103.0515,19.9916],[-103.0357,20.0294],[-103.0244,20.0333],[-103.0265,20.0493],[-103.0207,20.0473],[-103.0417,20.0906],[-103.0328,20.1114],[-103.0444,20.1236],[-103.0313,20.1268],[-103.0335,20.1357],[-103.0048,20.1382],[-102.9984,20.126],[-102.9706,20.1254],[-102.9578,20.1412],[-102.942,20.1288],[-102.9264,20.1296],[-102.9541,20.1709],[-102.8675,20.1627],[-102.8523,20.1492],[-102.855,20.1367],[-102.8407,20.1161],[-102.8163,20.106],[-102.8019,20.123],[-102.8152,20.1393],[-102.7761,20.1384],[-102.7302,20.1666],[-102.6797,20.1715],[-102.6854,20.218],[-102.679,20.2269],[-102.6273,20.2294],[-102.6101,20.2691],[-102.5905,20.2585],[-102.5667,20.2656],[-102.5646,20.2782],[-102.555,20.2607],[-102.5441,20.2806],[-102.5293,20.2706],[-102.5201,20.2804],[-102.53,20.2962],[-102.509,20.3014],[-102.5054,20.3159],[-102.4906,20.3086],[-102.481,20.3249],[-102.4549,20.329],[-102.4474,20.3385],[-102.3667,20.3278],[-102.3272,20.3495],[-102.3161,20.3446],[-102.3066,20.3582],[-102.2921,20.353],[-102.2899,20.3408],[-102.2542,20.3353],[-102.2081,20.3567],[-102.1754,20.356],[-102.177,20.3682],[-102.1582,20.367],[-102.1682,20.3787],[-102.0873,20.3849],[-102.065,20.3749],[-102.0227,20.3809],[-102.0149,20.3945],[-102.0101,20.3819],[-102.0252,20.348],[-102.0155,20.3289],[-102.0049,20.3324],[-102.0137,20.3506],[-101.9964,20.3596],[-101.969,20.3603],[-101.9623,20.3447],[-101.9447,20.3421],[-101.9635,20.3186],[-101.949,20.3151],[-101.9599,20.3051],[-101.9345,20.2977],[-101.9471,20.2864],[-101.9369,20.2815],[-101.9511,20.2709],[-101.9325,20.2448],[-101.9399,20.2271],[-101.9284,20.2177],[-101.9313,20.2085],[-101.9178,20.2193],[-101.9073,20.2141],[-101.9173,20.1948],[-101.8942,20.204],[-101.8809,20.1881],[-101.8716,20.211],[-101.8339,20.2248],[-101.8196,20.2087],[-101.8249,20.2018],[-101.7866,20.2193],[-101.7594,20.2017],[-101.7312,20.2148],[-101.6979,20.1897],[-101.6869,20.2172],[-101.6685,20.2131],[-101.6633,20.2376],[-101.6463,20.2387],[-101.6509,20.2535],[-101.6425,20.2676],[-101.6255,20.267],[-101.6349,20.289],[-101.6247,20.3146],[-101.6047,20.3094],[-101.6011,20.298],[-101.6009,20.3101],[-101.5892,20.3096],[-101.5831,20.3274],[-101.5658,20.3157],[-101.5533,20.3325],[-101.5378,20.3244],[-101.5229,20.3323],[-101.5242,20.3212],[-101.5029,20.3249],[-101.5011,20.3117],[-101.4721,20.3312],[-101.4509,20.3195],[-101.4567,20.3044],[-101.4402,20.3052],[-101.4497,20.2982],[-101.445,20.2897],[-101.4572,20.2851],[-101.4559,20.2672],[-101.4369,20.2638],[-101.4355,20.2774],[-101.4206,20.2752],[-101.3953,20.2485],[-101.3605,20.2491],[-101.3526,20.2349],[-101.3632,20.1958],[-101.4199,20.2016],[-101.4225,20.1632],[-101.3894,20.1349],[-101.4087,20.1231],[-101.4047,20.0802],[-101.3875,20.083],[-101.4017,20.035],[-101.2965,20.0386],[-101.281,20.0275],[-101.253,20.0355],[-101.2508,20.0233],[-101.2383,20.0321],[-101.2207,20.0114],[-101.2031,20.0072],[-101.2015,20.0257],[-101.1604,20.0402],[-101.1963,20.0572],[-101.1716,20.0735],[-101.1752,20.0971],[-101.1331,20.06],[-101.1139,20.0772],[-101.0429,20.092],[-101.0173,20.0857],[-100.9928,20.0649],[-101.0142,20.0403],[-101.0036,20.038],[-101.0081,20.0281],[-100.9879,20.0269],[-100.9676,20.0113],[-100.9827,20.0026],[-100.9767,19.9827],[-101.0047,19.9662],[-101.0023,19.9524],[-100.9808,19.9552],[-100.9718,19.93],[-100.9479,19.9336],[-100.9475,19.9625],[-100.9326,19.9535],[-100.906,19.9616],[-100.8826,19.9439],[-100.8603,19.9489],[-100.8545,19.9349],[-100.8358,19.9346],[-100.8329,19.9724],[-100.8243,19.9783],[-100.7921,19.9556],[-100.7788,19.9151],[-100.7488,19.9128],[-100.7188,19.9405],[-100.6604,19.9645],[-100.6176,19.9577],[-100.5956,19.9917],[-100.5567,19.9873],[-100.5657,19.9745],[-100.5876,19.9714],[-100.5907,19.9568],[-100.566,19.9661],[-100.5507,19.958],[-100.5339,19.9692],[-100.5406,19.9749],[-100.5282,19.9743],[-100.536,19.923],[-100.5199,19.9188],[-100.5117,19.9582],[-100.4625,19.9793],[-100.4658,19.9874],[-100.3629,19.9899],[-100.3704,20.0213],[-100.3605,20.024],[-100.355,20.0101],[-100.3583,20.0649],[-100.3898,20.0808],[-100.3973,20.097],[-100.3853,20.1045],[-100.3915,20.121],[-100.3709,20.1362],[-100.3558,20.1824],[-100.3403,20.1897],[-100.3552,20.219],[-100.3236,20.2519],[-100.3441,20.2729],[-100.3458,20.298],[-100.2605,20.2675],[-100.1811,20.2088],[-100.1919,20.176],[-100.2356,20.1435],[-100.1974,20.1299],[-100.2029,20.0766],[-100.1798,20.083],[-100.1767,20.0709],[-100.1645,20.0783],[-100.1572,20.0707],[-100.1626,20.063],[-100.1471,20.0577],[-100.1381,20.0476],[-100.1533,20.0537],[-100.1577,20.0179],[-100.1538,20.0064],[-100.116,20.0061],[-100.1314,19.982],[-100.1301,19.9162],[-100.1192,19.9121],[-100.1024,19.8797],[-100.063,19.8558],[-100.0949,19.8604],[-100.1315,19.852],[-100.1467,19.8128],[-100.1482,19.7282],[-100.1598,19.7261],[-100.1693,19.7077],[-100.186,19.713],[-100.1903,19.6982],[-100.1921,19.6971],[-100.2295,19.7022],[-100.2258,19.7172],[-100.2341,19.72],[-100.2639,19.6958],[-100.274,19.6723],[-100.2475,19.6345],[-100.2521,19.6175],[-100.2375,19.5572],[-100.2147,19.5528],[-100.1964,19.5317],[-100.2019,19.4995],[-100.1777,19.4926],[-100.201,19.4928],[-100.2064,19.4704],[-100.2061,19.4545],[-100.1899,19.4397],[-100.2374,19.4035],[-100.2931,19.3951],[-100.2944,19.3809],[-100.3124,19.3624],[-100.3007,19.3427],[-100.3233,19.3068],[-100.3131,19.2973],[-100.3199,19.253],[-100.3313,19.2305],[-100.3731,19.1942],[-100.3782,19.1711],[-100.3616,19.1547],[-100.3895,19.1429],[-100.4067,19.1059],[-100.4108,19.0636],[-100.4471,19.052],[-100.4613,19.0315],[-100.4771,19.0341],[-100.4843,19.021],[-100.5299,19.0093],[-100.5232,18.9936],[-100.5377,18.9842],[-100.5334,18.9644],[-100.5467,18.9642],[-100.5438,18.9347],[-100.562,18.9328],[-100.5652,18.9177],[-100.5759,18.9229],[-100.5742,18.9145],[-100.5932,18.9153],[-100.5894,18.9081],[-100.6041,18.8994],[-100.6005,18.8929],[-100.6129,18.8935],[-100.6222,18.8668],[-100.6408,18.8659],[-100.6434,18.8489],[-100.6661,18.8343],[-100.6729,18.8248],[-100.6669,18.8194],[-100.68,18.8172],[-100.6961,18.7941],[-100.7058,18.7964],[-100.7096,18.8358],[-100.7364,18.8513],[-100.7368,18.8605],[-100.7462,18.858],[-100.7484,18.8679],[-100.7769,18.8598],[-100.7918,18.8342],[-100.7825,18.8017],[-100.799,18.7845],[-100.7902,18.7614],[-100.7969,18.7463],[-100.7818,18.7451],[-100.7729,18.7326],[-100.7854,18.6915],[-100.7703,18.6927],[-100.7601,18.6416],[-100.7512,18.6417],[-100.7649,18.5612],[-100.7442,18.5181],[-100.73,18.5197],[-100.7095,18.496],[-100.715,18.4864],[-100.6978,18.4906],[-100.6372,18.4577],[-100.6315,18.4385],[-100.5907,18.4155],[-100.6106,18.3771],[-100.6269,18.3757],[-100.6459,18.3461],[-100.6767,18.3726],[-100.6911,18.4142],[-100.707,18.419],[-100.7227,18.4004],[-100.7374,18.4273],[-100.7776,18.4395],[-100.7982,18.4805],[-100.8385,18.4731],[-100.874,18.492],[-100.8944,18.4631],[-100.9145,18.4718],[-100.923,18.4442],[-100.9428,18.4551],[-100.9631,18.4457],[-100.9639,18.4718],[-100.9847,18.4891],[-101.0049,18.4922],[-101.0125,18.5276],[-101.0887,18.5059],[-101.1315,18.5175],[-101.1428,18.5105],[-101.1682,18.521],[-101.1916,18.5178],[-101.2119,18.5364],[-101.27,18.5352],[-101.2821,18.5447],[-101.299,18.5331],[-101.3619,18.5202],[-101.3656,18.4999],[-101.4069,18.5125],[-101.4176,18.4975],[-101.4322,18.5017],[-101.4419,18.489],[-101.4574,18.4974],[-101.468,18.4869],[-101.5074,18.4868],[-101.5836,18.521],[-101.6245,18.5992],[-101.7012,18.5879],[-101.7135,18.6102],[-101.7248,18.6125],[-101.8379,18.5779],[-101.8816,18.5362],[-101.8879,18.4815],[-101.8604,18.4462],[-101.8738,18.4375],[-101.8893,18.4005],[-101.8616,18.3565],[-101.8708,18.3318],[-101.8557,18.3143],[-101.8702,18.3083],[-101.8627,18.2872],[-101.8829,18.2774],[-101.8632,18.2617],[-101.883,18.2624],[-101.8968,18.2771],[-101.9066,18.2448],[-101.928,18.2316],[-101.9734,18.2323],[-101.9781,18.2073],[-102.0387,18.2082],[-102.0574,18.1952],[-102.1398,18.1884]]]}},{"type":"Feature","properties":{"cve_ent":"17","nombre":"Morelos"},"geometry":{"type":"Polygon","coordinates":[[[-99.2054,18.4566],[-99.3122,18.4548],[-99.3284,18.4595],[-99.3294,18.4889],[-99.3527,18.486],[-99.3434,18.4671],[-99.3574,18.4677],[-99.363,18.499],[-99.4078,18.5561],[-99.4229,18.5621],[-99.4197,18.5903],[-99.4405,18.5975],[-99.4412,18.6126],[-99.4539,18.6099],[-99.4944,18.7205],[-99.4633,18.7672],[-99.451,18.7725],[-99.4259,18.8264],[-99.4294,18.8776],[-99.411,18.8782],[-99.4067,18.8952],[-99.367,18.894],[-99.3379,18.9324],[-99.313,18.9481],[-99.3085,18.994],[-99.3197,19.0113],[-99.3118,19.0247],[-99.3189,19.0311],[-99.3086,19.0403],[-99.3177,19.0534],[-99.3183,19.0874],[-99.2951,19.1229],[-99.2787,19.1317],[-99.2268,19.0961],[-99.1354,19.0893],[-99.1254,19.0621],[-99.0598,19.0482],[-99.029,19.0854],[-98.9836,19.0788],[-98.9578,19.0603],[-98.9443,19.0697],[-98.9156,19.0641],[-98.9034,19.0385],[-98.871,19.0254],[-98.8595,18.9648],[-98.7921,18.9353],[-98.7861,18.9429],[-98.714,18.943],[-98.6645,19.0036],[-98.6329,19.0155],[-98.6736,18.9517],[-98.6781,18.9237],[-98.7073,18.9029],[-98.714,18.8684],[-98.6978,18.877],[-98.7028,18.8905],[-98.6814,18.9072],[-98.6659,18.906],[-98.6649,18.8877],[-98.682,18.876],[-98.7071,18.8218],[-98.7279,18.8055],[-98.7535,18.743],[-98.7159,18.7392],[-98.7419,18.7022],[-98.7114,18.6165],[-98.7198,18.6007],[-98.7126,18.588],[-98.7167,18.5659],[-98.7028,18.5388],[-98.7134,18.5206],[-98.7019,18.5122],[-98.7073,18.4929],[-98.699,18.495],[-98.7104,18.4681],[-98.7067,18.4451],[-98.727,18.4395],[-98.7381,18.4557],[-98.7522,18.4539],[-98.761,18.4754],[-98.7868,18.4846],[-98.8106,18.5193],[-98.8278,18.5239],[-98.8403,18.5128],[-98.8365,18.4946],[-98.8504,18.478],[-98.8706,18.4792],[-98.9122,18.4621],[-98.9054,18.4597],[-98.9152,18.4578],[-98.9193,18.432],[-98.9352,18.4229],[-98.9854,18.4212],[-98.9879,18.3971],[-99.0182,18.3878],[-99.0655,18.3324],[-99.076,18.3428],[-99.0663,18.3678],[-99.0728,18.3773],[-99.0813,18.3731],[-99.0785,18.3871],[-99.0895,18.4],[-99.1283,18.4273],[-99.1244,18.4412],[-99.1361,18.4492],[-99.1406,18.475],[-99.1424,18.4653],[-99.1561,18.4663],[-99.1813,18.4484],[-99.1779,18.4247],[-99.2067,18.4474],[-99.2054,18.4566]]]}},{"type":"Feature","properties":{"cve_ent":"18","nombre":"Nayarit"},"geometry":{"type":"MultiPolygon","coordinates":[[[[-104.9698,20.9091],[-104.9904,20.9216],[-105.0034,20.9109],[-105.0063,20.9225],[-105.0316,20.9092],[-105.0468,20.9343],[-105.0803,20.9315],[-105.112,20.9004],[-105.1419,20.8872],[-105.1739,20.8139],[-105.1623,20.7925],[-105.1734,20.7677],[-105.197,20.7772],[-105.2399,20.7474],[-105.2426,20.7042],[-105.2559,20.7028],[-105.2613,20.6798],[-105.2784,20.682],[-105.2763,20.672],[-105.2883,20.6734],[-105.313,20.7286],[-105.3477,20.7597],[-105.3637,20.7622],[-105.399,20.7346],[-105.4759,20.7522],[-105.5106,20.7718],[-105.5331,20.7574],[-105.5383,20.7622],[-105.527,20.7892],[-105.5072,20.7826],[-105.4878,20.7964],[-105.4529,20.8744],[-105.4329,20.8771],[-105.4018,20.9316],[-105.3597,20.9549],[-105.3319,20.9857],[-105.3135,21.0352],[-105.2732,21.0235],[-105.2381,21.0581],[-105.2287,21.1062],[-105.239,21.1323],[-105.224,21.1594],[-105.2333,21.1807],[-105.2164,21.205],[-105.2295,21.2999],[-105.2482,21.3473],[-105.1879,21.4583],[-105.2019,21.4813],[-105.1983,21.4917],[-105.2289,21.5236],[-105.243,21.5266],[-105.2482,21.5124],[-105.2655,21.5119],[-105.4413,21.6279],[-105.5337,21.8123],[-105.6315,21.9631],[-105.6543,22.0429],[-105.6492,22.1743],[-105.6365,22.1815],[-105.6854,22.3747],[-105.7596,22.5376],[-105.7502,22.5393],[-105.7141,22.4749],[-105.6925,22.4672],[-105.677,22.4681],[-105.6711,22.4816],[-105.6988,22.5679],[-105.6606,22.5864],[-105.6392,22.577],[-105.6422,22.5939],[-105.6309,22.593],[-105.622,22.5714],[-105.6005,22.5589],[-105.5973,22.5363],[-105.5417,22.5365],[-105.5336,22.515],[-105.5096,22.517],[-105.5032,22.5277],[-105.4741,22.5029],[-105.4417,22.5243],[-105.4369,22.5819],[-105.456,22.5987],[-105.4496,22.6246],[-105.4727,22.6272],[-105.4604,22.6475],[-105.464,22.6592],[-105.4981,22.6514],[-105.5229,22.7243],[-105.5141,22.7593],[-105.5248,22.7748],[-105.4746,22.8514],[-105.4842,22.8587],[-105.4712,22.8833],[-105.4987,22.9336],[-105.5013,22.9586],[-105.4533,22.9774],[-105.4326,23.024],[-105.409,23.0236],[-105.413,23.0741],[-105.3922,23.0841],[-105.3583,23.0739],[-105.3505,23.0606],[-105.3588,23.0463],[-105.3539,23.0198],[-105.3337,22.9947],[-105.343,22.9682],[-105.3308,22.9632],[-105.3341,22.9534],[-105.3236,22.9413],[-105.2977,22.9542],[-105.076,22.9596],[-105.0031,22.977],[-105.0083,22.9685],[-104.9969,22.952],[-105.01,22.9224],[-105.0001,22.9089],[-105.0051,22.9036],[-104.9878,22.8883],[-104.9884,22.836],[-104.959,22.8136],[-104.9517,22.8218],[-104.9405,22.8162],[-104.9342,22.8273],[-104.9184,22.8198],[-104.9056,22.7996],[-104.9156,22.7485],[-104.8927,22.7374],[-105.0684,22.6784],[-105.0724,22.6565],[-105.0076,22.5857],[-104.9879,22.4987],[-104.9605,22.5053],[-104.8625,22.6071],[-104.8584,22.6483],[-104.8401,22.6511],[-104.8147,22.6342],[-104.8043,22.6487],[-104.7889,22.648],[-104.7741,22.6325],[-104.7754,22.5842],[-104.7371,22.5581],[-104.7198,22.569],[-104.7087,22.5546],[-104.67,22.5653],[-104.6558,22.5401],[-104.6553,22.4622],[-104.6026,22.4605],[-104.5931,22.412],[-104.5748,22.3949],[-104.5513,22.3889],[-104.5359,22.3648],[-104.5187,22.3606],[-104.5065,22.3452],[-104.4812,22.3516],[-104.495,22.3605],[-104.4879,22.3689],[-104.4954,22.3763],[-104.3715,22.4217],[-104.3488,22.4097],[-104.35,22.3864],[-104.2931,22.3651],[-104.2857,22.3564],[-104.2927,22.344],[-104.2984,22.3478],[-104.293,22.3307],[-104.2995,22.3271],[-104.2849,22.2971],[-104.3287,22.2454],[-104.3259,22.2318],[-104.3414,22.2096],[-104.3318,22.1998],[-104.3563,22.1654],[-104.3732,22.1026],[-104.3615,22.0529],[-104.369,22.0246],[-104.36,22.0151],[-104.3699,21.9748],[-104.3269,21.9754],[-104.2941,22.0028],[-104.2814,21.9997],[-104.2754,21.9806],[-104.246,21.9669],[-104.1933,21.9854],[-104.1737,21.9634],[-104.201,21.8915],[-104.1864,21.868],[-104.1722,21.8713],[-104.197,21.8508],[-104.1617,21.8098],[-104.1304,21.7905],[-104.0984,21.7928],[-104.0799,21.7824],[-104.0523,21.7948],[-103.9778,21.7713],[-103.9235,21.7718],[-103.9161,21.7558],[-103.9317,21.7513],[-103.9318,21.7434],[-103.9028,21.7163],[-103.8959,21.7277],[-103.8877,21.6978],[-103.9213,21.6684],[-103.9302,21.6419],[-103.9077,21.6187],[-103.9191,21.6162],[-103.9124,21.608],[-103.9232,21.5906],[-103.9192,21.582],[-103.8926,21.5741],[-103.8816,21.5521],[-103.8563,21.5524],[-103.8599,21.5247],[-103.8321,21.5134],[-103.8237,21.493],[-103.8004,21.4872],[-103.7911,21.4977],[-103.7741,21.4984],[-103.7691,21.483],[-103.7494,21.4745],[-103.742,21.4416],[-103.7209,21.4254],[-103.7644,21.4103],[-103.7569,21.3999],[-103.7673,21.3884],[-103.7413,21.3741],[-103.7494,21.3367],[-103.8203,21.281],[-103.8194,21.2484],[-103.84,21.2398],[-103.8619,21.2489],[-103.8923,21.2384],[-103.8984,21.2265],[-103.9179,21.231],[-103.9311,21.2625],[-103.9355,21.2542],[-103.924,21.2346],[-103.9735,21.2563],[-104.0175,21.2272],[-104.016,21.2075],[-104.0294,21.2087],[-104.028,21.1947],[-104.0528,21.2054],[-104.0563,21.1941],[-104.0679,21.1982],[-104.0686,21.1868],[-104.081,21.1897],[-104.0857,21.2054],[-104.1108,21.1886],[-104.124,21.1963],[-104.1595,21.1846],[-104.2028,21.1928],[-104.2194,21.1766],[-104.2252,21.1512],[-104.2109,21.1186],[-104.2218,21.07],[-104.2392,21.0571],[-104.2266,21.0443],[-104.2427,21.0273],[-104.2232,21.0013],[-104.2385,20.9922],[-104.2331,20.9687],[-104.2013,20.9592],[-104.2066,20.9364],[-104.2288,20.9356],[-104.2679,20.8875],[-104.2909,20.8878],[-104.2791,20.8645],[-104.2907,20.8623],[-104.2954,20.8455],[-104.3618,20.8409],[-104.3571,20.8199],[-104.3641,20.8139],[-104.3504,20.8116],[-104.3759,20.7841],[-104.3752,20.7754],[-104.3582,20.7905],[-104.3358,20.7899],[-104.3283,20.7981],[-104.2976,20.7708],[-104.2829,20.7835],[-104.2418,20.7134],[-104.2433,20.6917],[-104.2532,20.6823],[-104.2365,20.6629],[-104.2604,20.6428],[-104.2469,20.6315],[-104.2538,20.6306],[-104.2536,20.6034],[-104.282,20.629],[-104.2885,20.6892],[-104.3056,20.6942],[-104.3241,20.7175],[-104.3508,20.7253],[-104.3637,20.7444],[-104.3775,20.7424],[-104.3842,20.7665],[-104.4141,20.7938],[-104.4273,20.791],[-104.4357,20.8058],[-104.4584,20.8065],[-104.4999,20.8382],[-104.5064,20.8608],[-104.5244,20.8858],[-104.5346,20.884],[-104.5429,20.9119],[-104.5569,20.9242],[-104.5907,20.9346],[-104.6285,20.9239],[-104.6381,20.9341],[-104.6581,20.9332],[-104.6614,20.944],[-104.681,20.9438],[-104.6811,20.9607],[-104.7294,20.9832],[-104.73,21.0123],[-104.7717,21.0086],[-104.7825,21.0234],[-104.8102,21.012],[-104.8381,21.02],[-104.8412,21.0067],[-104.8669,20.9952],[-104.9006,20.9627],[-104.9005,20.9463],[-104.9532,20.9301],[-104.9698,20.9091]]],[[[-105.2747,21.0473],[-105.2711,21.0488],[-105.2718,21.0464],[-105.2747,21.0473]]],[[[-106.2257,21.3306],[-106.2298,21.2919],[-106.2372,21.2997],[-106.2567,21.2929],[-106.2791,21.3146],[-106.2577,21.335],[-106.2257,21.3306]]],[[[-106.46,21.4948],[-106.3712,21.4807],[-106.3586,21.4553],[-106.3803,21.4484],[-106.3864,21.4198],[-106.4803,21.4496],[-106.494,21.4662],[-106.46,21.4948]]],[[[-106.6605,21.6936],[-106.5982,21.6903],[-106.5363,21.6581],[-106.5371,21.6328],[-106.5057,21.6033],[-106.5156,21.5859],[-106.5118,21.5705],[-106.5322,21.5448],[-106.5417,21.5443],[-106.5376,21.5556],[-106.5462,21.5632],[-106.629,21.5986],[-106.6295,21.6185],[-106.6561,21.6559],[-106.6473,21.6745],[-106.6605,21.6936]]],[[[-106.6725,21.7748],[-106.6577,21.7395],[-106.678,21.7287],[-106.6877,21.7594],[-106.6725,21.7748]]],[[[-105.8904,21.8536],[-105.8798,21.8431],[-105.8861,21.8405],[-105.8904,21.8536]]]]}},{"type":"Feature","properties":{"cve_ent":"19","nombre":"Nuevo León"},"geometry":{"type":"Polygon","coordinates":[[[-99.8607,23.7745],[-99.9612,23.5569],[-99.9213,23.3792],[-99.9825,23.3924],[-100.0803,23.3957],[-100.145,23.3395],[-100.078,23.306],[-100.1019,23.2311],[-100.2282,23.2505],[-100.2064,23.3071],[-100.2182,23.3101],[-100.2202,23.2979],[-100.2784,23.3104],[-100.3063,23.2609],[-100.3743,23.2653],[-100.3638,23.189],[-100.3235,23.1956],[-100.3318,23.1627],[-100.4798,23.1944],[-100.4836,23.214],[-100.4571,23.3664],[-100.5172,23.421],[-100.4942,23.5284],[-100.4592,23.5116],[-100.4695,23.5668],[-100.4916,23.5686],[-100.4774,23.6338],[-100.4634,23.6531],[-100.4498,23.656],[-100.4583,23.6601],[-100.4457,23.6773],[-100.4471,23.6965],[-100.4665,23.6889],[-100.4903,23.7396],[-100.4977,23.7363],[-100.4976,23.7987],[-100.5288,23.8164],[-100.5255,23.8395],[-100.5503,23.8422],[-100.5398,23.8884],[-100.5494,23.8893],[-100.5468,23.9174],[-100.5624,23.9196],[-100.5238,24.0715],[-100.5387,24.1185],[-100.5196,24.1184],[-100.5168,24.1399],[-100.6134,24.1739],[-100.5935,24.1782],[-100.5851,24.2239],[-100.6331,24.226],[-100.5999,24.3488],[-100.6035,24.4013],[-100.7112,24.4915],[-100.7423,24.4604],[-100.7999,24.5562],[-100.8055,24.5963],[-100.797,24.7508],[-100.8261,24.835],[-100.7275,24.9187],[-100.8215,24.9967],[-100.8031,25.1653],[-100.7089,25.2365],[-100.5957,25.2548],[-100.4725,25.2312],[-100.332,25.1863],[-100.3256,25.2223],[-100.2614,25.2071],[-100.2296,25.2179],[-100.2472,25.2302],[-100.2344,25.2355],[-100.2625,25.254],[-100.2431,25.2674],[-100.2541,25.3069],[-100.313,25.3364],[-100.4146,25.327],[-100.4701,25.3378],[-100.4519,25.4108],[-100.5227,25.4343],[-100.5175,25.449],[-100.5309,25.4635],[-100.5849,25.4708],[-100.5795,25.4945],[-100.6191,25.5057],[-100.5998,25.52],[-100.5297,25.5144],[-100.5384,25.5319],[-100.6147,25.5423],[-100.612,25.5514],[-100.6329,25.5713],[-100.6903,25.5671],[-100.7199,25.6031],[-100.7298,25.6339],[-100.7834,25.6397],[-100.7878,25.6836],[-100.8056,25.7243],[-100.8619,25.8185],[-100.8358,25.8666],[-100.8227,25.9169],[-100.8344,25.945],[-100.9055,25.9569],[-100.9164,26.0756],[-100.9429,26.0868],[-100.9827,26.1395],[-101.0474,26.1698],[-101.0686,26.189],[-101.0976,26.2529],[-101.2068,26.3698],[-100.753,26.7352],[-100.6912,26.6138],[-100.6144,26.6856],[-100.5901,26.7595],[-100.5382,26.8086],[-100.5514,26.8587],[-100.5407,26.881],[-100.5453,26.9784],[-100.534,27.0456],[-100.6742,27.0846],[-100.6827,27.1114],[-100.7081,27.0999],[-100.7197,27.0792],[-100.7486,27.0813],[-100.7358,27.0476],[-100.7477,27.0363],[-100.7485,27.0492],[-100.7659,27.0633],[-100.7994,27.0458],[-100.8096,27.0684],[-100.8306,27.0739],[-100.8341,27.1952],[-100.678,27.3348],[-100.4177,27.3936],[-100.3506,27.6846],[-100.1884,27.7991],[-99.9988,27.6153],[-99.8432,27.7699],[-99.8328,27.7627],[-99.8134,27.7743],[-99.7965,27.7359],[-99.7694,27.7309],[-99.7362,27.6907],[-99.7281,27.6791],[-99.9264,27.5492],[-99.9192,27.4915],[-99.7604,27.437],[-99.7477,27.2772],[-99.6789,27.1024],[-99.6589,27.0882],[-99.6501,27.0659],[-99.7342,26.9206],[-99.7701,26.9284],[-99.7667,26.8898],[-99.7477,26.9002],[-99.7443,26.9122],[-99.724,26.9061],[-99.7211,26.8965],[-99.7104,26.8968],[-99.7099,26.9059],[-99.6979,26.8986],[-99.694,26.9093],[-99.6872,26.8945],[-99.6614,26.9008],[-99.6443,26.8856],[-99.63,26.8903],[-99.6271,26.8705],[-99.6112,26.8735],[-99.591,26.8625],[-99.5808,26.8301],[-99.6129,26.7916],[-99.6229,26.7692],[-99.6186,26.7265],[-99.6572,26.6951],[-99.6592,26.6704],[-99.5383,26.6646],[-99.3968,26.5966],[-99.4098,26.4428],[-99.4309,26.3513],[-99.4012,26.3048],[-99.3642,26.3293],[-99.26,26.2528],[-99.1978,26.2587],[-99.1601,26.0612],[-99.1263,26.054],[-99.1309,26.0688],[-99.0977,26.0807],[-99.0933,26.0705],[-99.0765,26.0719],[-99.0625,26.0801],[-99.0625,26.0907],[-99.045,26.0987],[-99.025,26.0934],[-99.0239,26.1041],[-98.9008,25.9683],[-98.8232,26.0476],[-98.5851,26.0179],[-98.5818,25.4894],[-98.4216,25.4894],[-98.4231,25.4475],[-98.9343,25.0802],[-98.9342,25.0728],[-99.0191,25.0699],[-99.0142,25.0806],[-99.0295,25.0964],[-99.0288,25.1104],[-99.0525,25.1271],[-99.0779,25.1014],[-99.0715,25.0961],[-99.0819,25.0737],[-99.0977,25.078],[-99.0976,25.0631],[-99.1351,25.0504],[-99.1606,25.0553],[-99.167,25.0463],[-99.1565,25.0278],[-99.1649,25.0295],[-99.1809,25.0115],[-99.1589,24.916],[-99.2074,24.8614],[-99.182,24.776],[-99.2129,24.7717],[-99.2949,24.8041],[-99.2972,24.7941],[-99.3317,24.7762],[-99.3644,24.7718],[-99.3894,24.7398],[-99.4229,24.7368],[-99.4307,24.7258],[-99.4481,24.7322],[-99.4777,24.7126],[-99.5007,24.6792],[-99.4995,24.6413],[-99.5379,24.6224],[-99.5451,24.6265],[-99.5462,24.6131],[-99.5572,24.6087],[-99.5761,24.6236],[-99.6094,24.6225],[-99.733,24.554],[-99.7198,24.4837],[-99.6364,24.5067],[-99.5899,24.3961],[-99.5943,24.3309],[-99.6478,24.2181],[-99.6571,24.118],[-99.5709,24.0394],[-99.5419,24.0336],[-99.5409,23.9973],[-99.52,23.9906],[-99.4869,23.9605],[-99.4569,23.8661],[-99.4938,23.8787],[-99.5767,23.7755],[-99.6022,23.7629],[-99.769,23.7845],[-99.8607,23.7745]],[[-100.3563,25.8477],[-100.358,25.8478],[-100.3603,25.8478],[-100.3563,25.8477]],[[-100.3163,25.8487],[-100.3094,25.8488],[-100.3125,25.8488],[-100.3163,25.8487]],[[-100.1448,25.7339],[-100.1486,25.7311],[-100.1389,25.7384],[-100.1448,25.7339]]]}},{"type":"Feature","properties":{"cve_ent":"20","nombre":"Oaxaca"},"geometry":{"type":"MultiPolygon","coordinates":[[[[-97.7705,15.977],[-97.9675,16.104],[-98.2067,16.2296],[-98.2964,16.2527],[-98.4205,16.2695],[-98.5526,16.316],[-98.5334,16.3516],[-98.4709,16.3812],[-98.3992,16.3805],[-98.3499,16.4444],[-98.3599,16.4717],[-98.3525,16.4894],[-98.3688,16.4912],[-98.3683,16.5009],[-98.3873,16.4978],[-98.3833,16.5127],[-98.3951,16.5468],[-98.3403,16.5582],[-98.33,16.5727],[-98.2917,16.5701],[-98.2928,16.5578],[-98.2694,16.5585],[-98.2034,16.5872],[-98.1938,16.6215],[-98.2142,16.6188],[-98.2285,16.6395],[-98.2331,16.6706],[-98.2463,16.6724],[-98.2434,16.6967],[-98.2335,16.7174],[-98.2213,16.7085],[-98.2015,16.7127],[-98.2003,16.6972],[-98.1752,16.718],[-98.139,16.7238],[-98.1242,16.7496],[-98.1352,16.7584],[-98.1082,16.761],[-98.0723,16.8742],[-98.1113,16.9589],[-98.0575,17.0238],[-98.0302,17.0158],[-98.0073,17.0401],[-98.0809,17.0666],[-98.1534,17.1104],[-98.2226,17.1221],[-98.225,17.1523],[-98.2177,17.1869],[-98.2004,17.2038],[-98.2031,17.2163],[-98.2443,17.2515],[-98.2772,17.2501],[-98.2885,17.2382],[-98.3235,17.2759],[-98.3048,17.3275],[-98.2874,17.329],[-98.3049,17.3943],[-98.3359,17.4563],[-98.329,17.4787],[-98.3119,17.4775],[-98.3203,17.5069],[-98.3308,17.5118],[-98.3295,17.533],[-98.377,17.6053],[-98.4102,17.5998],[-98.4331,17.623],[-98.461,17.6304],[-98.4707,17.6781],[-98.4862,17.681],[-98.4963,17.7688],[-98.425,17.8396],[-98.4249,17.866],[-98.3988,17.8609],[-98.3826,17.8837],[-98.3629,17.8816],[-98.3491,17.8932],[-98.3288,17.8789],[-98.3021,17.8931],[-98.2823,17.9352],[-98.2733,17.9224],[-98.2627,17.9277],[-98.2702,17.9156],[-98.2465,17.8784],[-98.2097,17.8798],[-98.2028,17.8924],[-98.1769,17.8974],[-98.1651,17.9178],[-98.1725,17.9254],[-98.1696,17.9528],[-98.1299,17.978],[-98.1308,17.988],[-98.113,17.9784],[-98.0641,17.9856],[-98.0467,17.9762],[-98.0298,17.9918],[-97.9996,17.9755],[-97.9865,17.9786],[-97.9794,17.9644],[-97.9374,17.9679],[-97.9488,17.9482],[-97.938,17.9407],[-97.9363,17.9172],[-97.8324,17.9085],[-97.8193,17.9147],[-97.8034,17.9605],[-97.7679,17.9767],[-97.7664,18.0059],[-97.7285,18.0122],[-97.6997,18.0016],[-97.6988,18.0217],[-97.7717,18.0684],[-97.7985,18.0358],[-97.7909,18.0042],[-97.8166,17.9935],[-97.8263,17.9727],[-97.8426,17.9961],[-97.8348,18.0498],[-97.8107,18.0677],[-97.8495,18.0837],[-97.8672,18.1149],[-97.8675,18.1446],[-97.8536,18.1679],[-97.8395,18.1712],[-97.8592,18.1923],[-97.8441,18.2162],[-97.823,18.2234],[-97.8276,18.2369],[-97.7973,18.2832],[-97.7213,18.276],[-97.6997,18.2882],[-97.6547,18.2931],[-97.644,18.2794],[-97.634,18.2001],[-97.6532,18.1753],[-97.6093,18.1537],[-97.6082,18.131],[-97.5696,18.1034],[-97.5638,18.0626],[-97.5439,18.0334],[-97.534,18.0463],[-97.4892,18.0256],[-97.4652,18.0284],[-97.4481,18.066],[-97.4256,18.0693],[-97.4112,18.1024],[-97.4029,18.1075],[-97.3766,18.0945],[-97.3322,18.1454],[-97.3034,18.1591],[-97.2663,18.1585],[-97.2287,18.1746],[-97.2143,18.1637],[-97.1872,18.1752],[-97.1924,18.1924],[-97.1674,18.2009],[-97.144,18.1634],[-97.1405,18.1733],[-97.1338,18.1741],[-97.1339,18.1577],[-97.1239,18.1625],[-97.1138,18.1495],[-97.0421,18.1566],[-97.0402,18.1748],[-96.9915,18.2307],[-96.9741,18.2324],[-96.9368,18.216],[-96.9219,18.2406],[-96.9162,18.2306],[-96.9131,18.2385],[-96.8853,18.244],[-96.8548,18.2412],[-96.8417,18.2565],[-96.8432,18.2711],[-96.8176,18.3008],[-96.8218,18.3207],[-96.7842,18.3383],[-96.7804,18.3635],[-96.7628,18.3832],[-96.7498,18.3816],[-96.7546,18.3922],[-96.7298,18.3977],[-96.7415,18.3839],[-96.7331,18.3741],[-96.7002,18.3829],[-96.6962,18.3648],[-96.6918,18.3808],[-96.6746,18.3814],[-96.681,18.4122],[-96.7097,18.43],[-96.7053,18.4567],[-96.6929,18.4575],[-96.6825,18.4751],[-96.6911,18.4898],[-96.6823,18.5071],[-96.7029,18.5103],[-96.7062,18.5263],[-96.719,18.5221],[-96.7269,18.5298],[-96.7118,18.5481],[-96.7242,18.559],[-96.7156,18.5732],[-96.6996,18.5533],[-96.6909,18.568],[-96.7021,18.5812],[-96.6888,18.5812],[-96.6938,18.5912],[-96.6725,18.6076],[-96.6887,18.6388],[-96.683,18.6697],[-96.5609,18.5877],[-96.5175,18.5816],[-96.4997,18.5895],[-96.4573,18.5704],[-96.455,18.5493],[-96.4208,18.5105],[-96.4112,18.4769],[-96.418,18.4705],[-96.4046,18.4678],[-96.403,18.4399],[-96.3893,18.4405],[-96.3892,18.4284],[-96.3617,18.4071],[-96.3526,18.4102],[-96.3453,18.3797],[-96.3311,18.3792],[-96.3351,18.3725],[-96.3173,18.3645],[-96.3099,18.3224],[-96.2708,18.2978],[-96.2786,18.2838],[-96.2692,18.274],[-96.2882,18.2598],[-96.2668,18.2457],[-96.268,18.2245],[-96.231,18.1897],[-96.2175,18.162],[-96.1707,18.1864],[-96.1702,18.1698],[-96.1872,18.1667],[-96.1883,18.1513],[-96.1542,18.1318],[-96.1241,18.1404],[-96.1143,18.1641],[-96.0992,18.1668],[-96.0842,18.1625],[-96.0664,18.1316],[-96.0514,18.1267],[-96.0469,18.1366],[-96.0257,18.1335],[-95.9911,18.1519],[-95.9815,18.143],[-95.9535,18.1599],[-95.9373,18.1566],[-95.9333,18.1417],[-95.9222,18.1411],[-95.9146,18.1522],[-95.9072,18.1356],[-95.8332,18.129],[-95.7999,17.95],[-95.8502,17.8445],[-95.8588,17.8448],[-95.8493,17.8258],[-95.869,17.7966],[-95.8664,17.7744],[-95.8929,17.7651],[-95.9028,17.7327],[-95.8921,17.7206],[-95.8728,17.7274],[-95.8734,17.7171],[-95.894,17.7123],[-95.8953,17.7045],[-95.871,17.7022],[-95.8675,17.6848],[-95.844,17.6731],[-95.8306,17.6526],[-95.808,17.6468],[-95.8033,17.6294],[-95.7811,17.6389],[-95.7737,17.6059],[-95.8035,17.6071],[-95.8075,17.5918],[-95.7919,17.5864],[-95.793,17.6014],[-95.7818,17.603],[-95.7715,17.5997],[-95.7716,17.5887],[-95.7269,17.578],[-95.7251,17.5362],[-95.7066,17.534],[-95.7022,17.5185],[-95.6852,17.5375],[-95.6485,17.5399],[-95.6541,17.5604],[-95.6445,17.5465],[-95.6071,17.5398],[-95.6051,17.549],[-95.5988,17.5346],[-95.5796,17.5376],[-95.5688,17.5512],[-95.5599,17.5468],[-95.5555,17.5586],[-95.532,17.5558],[-95.5251,17.5621],[-95.5311,17.5706],[-95.5174,17.5696],[-95.5211,17.5774],[-95.5028,17.5844],[-95.5063,17.5908],[-95.4842,17.6019],[-95.4793,17.5878],[-95.463,17.5964],[-95.4731,17.6091],[-95.4545,17.6111],[-95.4561,17.6231],[-95.4268,17.6366],[-95.4255,17.6475],[-95.413,17.6519],[-95.4072,17.6433],[-95.3868,17.6639],[-95.3517,17.6718],[-95.3438,17.6837],[-95.3344,17.6748],[-95.3166,17.6976],[-95.3066,17.6972],[-95.31,17.7086],[-95.2978,17.7221],[-95.2922,17.7124],[-95.2792,17.7219],[-95.2672,17.7167],[-95.269,17.7409],[-95.2587,17.7285],[-95.2389,17.7393],[-95.1824,17.6911],[-95.1881,17.6507],[-95.2071,17.6543],[-95.2184,17.6393],[-95.2419,17.635],[-95.2482,17.646],[-95.259,17.629],[-95.2484,17.6256],[-95.2713,17.6247],[-95.2788,17.6132],[-95.2648,17.6016],[-95.253,17.6078],[-95.0766,17.3729],[-94.9665,17.3344],[-94.951,17.3156],[-94.9272,17.3251],[-94.8908,17.3111],[-94.889,17.3001],[-94.9148,17.2926],[-94.9013,17.2875],[-94.9097,17.268],[-94.8954,17.2564],[-94.9096,17.2428],[-94.9228,17.1938],[-93.8674,17.137],[-94.1392,16.4618],[-94.0507,16.3297],[-94.033,16.2759],[-94.0435,16.2557],[-94.0352,16.2396],[-94.0485,16.2162],[-94.1096,16.1791],[-94.1028,16.1425],[-94.036,16.0221],[-94.0002,16.0031],[-94.2733,16.1233],[-94.4274,16.1698],[-94.5408,16.192],[-94.8318,16.2145],[-95.0701,16.1834],[-95.1423,16.1887],[-95.1571,16.1794],[-95.1515,16.1677],[-95.1884,16.1684],[-95.1945,16.161],[-95.194,16.1728],[-95.2029,16.1706],[-95.1969,16.1607],[-95.1979,16.1503],[-95.2025,16.1457],[-95.1983,16.1599],[-95.2122,16.1594],[-95.2131,16.1521],[-95.2349,16.1562],[-95.2481,16.1469],[-95.2475,16.1333],[-95.2801,16.1211],[-95.2757,16.1074],[-95.3504,16.0816],[-95.378,16.0463],[-95.3682,16.0207],[-95.4241,15.9997],[-95.4356,15.9758],[-95.4853,15.9758],[-95.4977,15.9656],[-95.5685,15.9578],[-95.6626,15.9124],[-95.77,15.8946],[-95.78,15.8848],[-95.7766,15.8713],[-95.954,15.8296],[-96.0666,15.7809],[-96.0761,15.7661],[-96.0945,15.7736],[-96.107,15.7556],[-96.1191,15.7671],[-96.1227,15.7498],[-96.1315,15.7526],[-96.1272,15.7379],[-96.1456,15.7377],[-96.152,15.7314],[-96.1437,15.7277],[-96.1662,15.7228],[-96.1928,15.7046],[-96.203,15.7119],[-96.2052,15.7016],[-96.2258,15.6976],[-96.2374,15.6825],[-96.3516,15.6902],[-96.3647,15.6818],[-96.4265,15.696],[-96.4646,15.6832],[-96.4949,15.658],[-96.5452,15.6653],[-96.5578,15.6569],[-96.7017,15.7169],[-96.8609,15.7391],[-96.9352,15.7831],[-97.0216,15.8083],[-97.0495,15.828],[-97.0617,15.86],[-97.0838,15.8586],[-97.1396,15.8955],[-97.2053,15.9213],[-97.3338,15.9457],[-97.3679,15.9366],[-97.4221,15.9414],[-97.5314,15.9692],[-97.5649,15.9629],[-97.6558,15.9778],[-97.6796,15.9621],[-97.7705,15.977]]],[[[-97.3513,15.9377],[-97.3527,15.9365],[-97.353,15.9376],[-97.3513,15.9377]]],[[[-96.2313,15.6878],[-96.2279,15.6855],[-96.2283,15.6853],[-96.2312,15.687],[-96.2313,15.6878]]],[[[-96.2233,15.6908],[-96.2226,15.6898],[-96.2236,15.6902],[-96.2233,15.6908]]],[[[-96.164,15.7189],[-96.1602,15.7182],[-96.1615,15.7164],[-96.164,15.7189]]],[[[-96.1189,15.7479],[-96.1186,15.747],[-96.1198,15.7475],[-96.1189,15.7479]]],[[[-96.117,15.7478],[-96.1175,15.7482],[-96.1169,15.748],[-96.117,15.7478]]],[[[-96.1159,15.749],[-96.116,15.7486],[-96.116,15.749],[-96.1159,15.749]]],[[[-96.1162,15.7491],[-96.1165,15.7491],[-96.1165,15.7493],[-96.1162,15.7491]]],[[[-96.0848,15.7629],[-96.0846,15.7657],[-96.0829,15.763],[-96.0848,15.7629]]],[[[-96.0948,15.7715],[-96.0948,15.7719],[-96.0946,15.7718],[-96.0948,15.7715]]],[[[-95.5764,15.9419],[-95.5743,15.9404],[-95.5769,15.9414],[-95.5764,15.9419]]]]}},{"type":"Feature","properties":{"cve_ent":"21","nombre":"Puebla"},"geometry":{"type":"Polygon","coordinates":[[[-98.2823,17.9352],[-98.3024,17.8927],[-98.3288,17.8789],[-98.3491,17.8932],[-98.3629,17.8816],[-98.3826,17.8837],[-98.3988,17.8609],[-98.4208,17.8637],[-98.4242,17.8922],[-98.4355,17.8914],[-98.4344,17.9084],[-98.445,17.9223],[-98.4242,17.9382],[-98.4327,17.972],[-98.4251,17.9769],[-98.4481,17.9907],[-98.4715,17.9918],[-98.4764,17.981],[-98.5005,17.9956],[-98.5267,17.9963],[-98.5296,17.9758],[-98.5384,17.9838],[-98.5438,17.9734],[-98.5855,17.9749],[-98.6221,17.9417],[-98.6505,17.9332],[-98.6881,17.9619],[-98.7059,17.9556],[-98.7088,17.9675],[-98.7318,17.9826],[-98.8136,18.0009],[-98.8013,18.0221],[-98.7671,18.0196],[-98.7351,18.0451],[-98.7591,18.0447],[-98.7971,18.0626],[-98.8113,18.0506],[-98.813,18.0649],[-98.8698,18.0572],[-98.8524,18.1176],[-98.8819,18.1662],[-98.9572,18.1887],[-99.0001,18.1902],[-98.9891,18.2494],[-99.0193,18.2454],[-99.0147,18.2633],[-99.0317,18.2723],[-99.0637,18.2515],[-99.0638,18.2625],[-99.0532,18.2642],[-99.0694,18.2832],[-99.0518,18.2898],[-99.0705,18.3268],[-99.0182,18.3878],[-98.9879,18.3971],[-98.9854,18.4212],[-98.9352,18.4229],[-98.9193,18.432],[-98.9152,18.4578],[-98.9054,18.4597],[-98.9122,18.4621],[-98.8706,18.4792],[-98.8504,18.478],[-98.8365,18.4946],[-98.8403,18.5128],[-98.8278,18.5239],[-98.8106,18.5193],[-98.7868,18.4846],[-98.761,18.4754],[-98.7522,18.4539],[-98.7381,18.4557],[-98.727,18.4395],[-98.7067,18.4451],[-98.7104,18.4681],[-98.699,18.495],[-98.7073,18.4929],[-98.7019,18.5122],[-98.7134,18.5206],[-98.7028,18.5388],[-98.7167,18.5659],[-98.7126,18.588],[-98.7198,18.6007],[-98.7114,18.6165],[-98.7419,18.7022],[-98.7159,18.7392],[-98.7535,18.743],[-98.7279,18.8055],[-98.7071,18.8218],[-98.682,18.876],[-98.6613,18.8978],[-98.6814,18.9072],[-98.7003,18.8938],[-98.6978,18.877],[-98.7135,18.8672],[-98.7073,18.9029],[-98.6781,18.9237],[-98.6496,18.9996],[-98.6199,19.0351],[-98.6298,19.0436],[-98.6235,19.0664],[-98.6393,19.0774],[-98.6259,19.0894],[-98.6326,19.1006],[-98.6255,19.1196],[-98.6407,19.1255],[-98.6353,19.147],[-98.647,19.1848],[-98.6436,19.2387],[-98.6275,19.2578],[-98.6635,19.3248],[-98.6606,19.3517],[-98.6381,19.3589],[-98.6541,19.3694],[-98.6628,19.403],[-98.6602,19.4321],[-98.6347,19.4295],[-98.6614,19.4581],[-98.6532,19.466],[-98.6341,19.4678],[-98.6294,19.457],[-98.5913,19.4492],[-98.5703,19.4668],[-98.5232,19.4609],[-98.4703,19.3608],[-98.4413,19.3253],[-98.4077,19.3159],[-98.4101,19.2913],[-98.3804,19.2617],[-98.3645,19.2331],[-98.3689,19.2261],[-98.3307,19.2002],[-98.3427,19.1779],[-98.3239,19.1687],[-98.3072,19.1892],[-98.2697,19.1624],[-98.2302,19.1567],[-98.223,19.1366],[-98.1907,19.14],[-98.1916,19.1219],[-98.2043,19.1149],[-98.1662,19.1051],[-98.1102,19.1432],[-98.1003,19.1634],[-98.0415,19.2102],[-98.0317,19.2309],[-97.9986,19.1983],[-97.9282,19.1642],[-97.8898,19.187],[-97.8932,19.2003],[-97.851,19.2229],[-97.8604,19.2441],[-97.8705,19.2401],[-97.8541,19.2573],[-97.8703,19.2706],[-97.8597,19.2872],[-97.8384,19.2873],[-97.8393,19.3014],[-97.8005,19.3016],[-97.7714,19.2838],[-97.7451,19.3053],[-97.7383,19.2871],[-97.7196,19.3048],[-97.6909,19.2859],[-97.6264,19.3239],[-97.6387,19.3383],[-97.6314,19.3554],[-97.6536,19.3538],[-97.6739,19.3675],[-97.6813,19.3883],[-97.7055,19.3936],[-97.7245,19.4316],[-97.7473,19.4363],[-97.7548,19.4575],[-97.7707,19.4566],[-97.778,19.4729],[-97.7969,19.4724],[-97.7945,19.4984],[-97.8594,19.4543],[-97.8623,19.4562],[-97.8487,19.4828],[-97.8897,19.5046],[-97.8717,19.5322],[-97.8718,19.5618],[-97.9079,19.5794],[-97.9161,19.594],[-97.9467,19.5856],[-97.9505,19.6028],[-97.9807,19.6285],[-98.0422,19.6402],[-98.0364,19.6858],[-98.0608,19.7289],[-98.0646,19.7087],[-98.0828,19.7008],[-98.0909,19.6776],[-98.101,19.668],[-98.1177,19.6883],[-98.1437,19.6836],[-98.1656,19.6675],[-98.1874,19.6797],[-98.1898,19.671],[-98.2411,19.6758],[-98.2553,19.7188],[-98.2151,19.7413],[-98.1957,19.7416],[-98.1944,19.7654],[-98.2214,19.7736],[-98.2162,19.7784],[-98.2348,19.777],[-98.251,19.7951],[-98.2509,19.8128],[-98.2646,19.823],[-98.2692,19.8449],[-98.3053,19.8459],[-98.315,19.8551],[-98.2911,19.8758],[-98.2909,19.8889],[-98.2694,19.8957],[-98.2678,19.9161],[-98.2481,19.9175],[-98.2563,19.9293],[-98.2422,19.9411],[-98.2516,19.9481],[-98.2221,19.9469],[-98.2267,19.9562],[-98.2159,19.9685],[-98.1807,19.9598],[-98.1604,19.9781],[-98.1743,19.9977],[-98.164,20.0225],[-98.1809,20.047],[-98.1681,20.0572],[-98.1597,20.0926],[-98.1283,20.1072],[-98.1246,20.1241],[-98.1085,20.1208],[-98.0979,20.1454],[-98.1396,20.1501],[-98.128,20.1859],[-98.1539,20.2086],[-98.1477,20.2264],[-98.1759,20.2542],[-98.1924,20.2582],[-98.213,20.2343],[-98.2291,20.2366],[-98.2438,20.2179],[-98.2705,20.2158],[-98.2844,20.2628],[-98.266,20.2736],[-98.254,20.3013],[-98.2365,20.3043],[-98.2159,20.2915],[-98.1791,20.2938],[-98.1813,20.3365],[-98.1633,20.3278],[-98.1268,20.3362],[-98.1084,20.374],[-98.0773,20.4031],[-98.0705,20.4303],[-98.0114,20.4558],[-98.0089,20.4825],[-97.9937,20.4849],[-97.9888,20.4954],[-97.9974,20.5061],[-97.9726,20.5232],[-97.9815,20.5257],[-97.9808,20.5407],[-97.9097,20.5864],[-97.9088,20.6081],[-97.895,20.6239],[-97.9178,20.6739],[-97.8974,20.7032],[-97.9224,20.7165],[-97.8791,20.8343],[-97.8425,20.84],[-97.8501,20.8169],[-97.8307,20.808],[-97.8138,20.8201],[-97.7904,20.8168],[-97.773,20.8272],[-97.7389,20.8015],[-97.6952,20.8],[-97.726,20.7917],[-97.7228,20.75],[-97.753,20.7324],[-97.7569,20.6895],[-97.7407,20.6897],[-97.7371,20.6797],[-97.7381,20.663],[-97.7521,20.6577],[-97.7495,20.6433],[-97.7373,20.6464],[-97.7045,20.6292],[-97.7154,20.6091],[-97.6934,20.6027],[-97.7019,20.5719],[-97.6841,20.5725],[-97.6848,20.5543],[-97.6573,20.5451],[-97.6482,20.5663],[-97.6367,20.5537],[-97.6254,20.5636],[-97.588,20.5611],[-97.541,20.4897],[-97.576,20.4909],[-97.5959,20.464],[-97.6354,20.4522],[-97.6454,20.4083],[-97.6721,20.4085],[-97.7092,20.4551],[-97.7346,20.4513],[-97.7656,20.3812],[-97.7444,20.3801],[-97.7429,20.3512],[-97.7007,20.3199],[-97.6793,20.3499],[-97.6731,20.3366],[-97.6899,20.3201],[-97.6773,20.313],[-97.6814,20.3024],[-97.7043,20.3032],[-97.7084,20.2853],[-97.7409,20.2746],[-97.7573,20.2791],[-97.7351,20.2424],[-97.7307,20.2052],[-97.7415,20.1924],[-97.7315,20.1813],[-97.7202,20.1892],[-97.6987,20.1824],[-97.6915,20.1675],[-97.653,20.1634],[-97.6323,20.1832],[-97.6045,20.1669],[-97.6027,20.1193],[-97.5787,20.1025],[-97.5961,20.093],[-97.5803,20.079],[-97.5613,20.086],[-97.5581,20.1069],[-97.5482,20.1012],[-97.5396,20.116],[-97.5274,20.1149],[-97.4948,20.1373],[-97.5054,20.1539],[-97.4651,20.1802],[-97.4643,20.2242],[-97.4453,20.2462],[-97.4082,20.2321],[-97.3806,20.2499],[-97.3777,20.2229],[-97.3655,20.2158],[-97.2853,20.1907],[-97.2832,20.1811],[-97.2705,20.1875],[-97.2619,20.1775],[-97.244,20.1823],[-97.2424,20.1745],[-97.1644,20.1518],[-97.15,20.1606],[-97.1575,20.1496],[-97.1514,20.1375],[-97.1224,20.1367],[-97.174,20.0922],[-97.1855,20.0623],[-97.2062,20.0564],[-97.2069,20.0147],[-97.2251,20.0095],[-97.2382,19.9887],[-97.2607,19.9773],[-97.2692,19.947],[-97.2558,19.9325],[-97.2918,19.9003],[-97.2905,19.8868],[-97.3046,19.8707],[-97.32,19.7698],[-97.3219,19.7348],[-97.3138,19.7351],[-97.3331,19.7168],[-97.3039,19.6712],[-97.3412,19.6758],[-97.4027,19.6153],[-97.4185,19.6272],[-97.4343,19.5888],[-97.4266,19.5417],[-97.4096,19.5373],[-97.4021,19.5154],[-97.4046,19.4959],[-97.3557,19.4929],[-97.3483,19.4846],[-97.3469,19.451],[-97.3573,19.4324],[-97.3815,19.4324],[-97.3974,19.4191],[-97.3941,19.4073],[-97.3717,19.4031],[-97.3605,19.376],[-97.3378,19.3925],[-97.285,19.3916],[-97.2336,19.3712],[-97.2239,19.357],[-97.2102,19.3594],[-97.2047,19.33],[-97.2156,19.3233],[-97.2003,19.3093],[-97.1702,19.329],[-97.102,19.3036],[-97.0712,19.3215],[-97.0557,19.312],[-97.0455,19.3213],[-97.031,19.2973],[-97.0148,19.2901],[-97.0035,19.2964],[-96.9856,19.2794],[-97.0044,19.2569],[-97.0012,19.2365],[-97.0562,19.1977],[-97.0414,19.1744],[-97.0421,19.1514],[-97.0271,19.1332],[-97.0556,19.134],[-97.0667,19.1595],[-97.1087,19.1684],[-97.1365,19.1601],[-97.1806,19.1693],[-97.1837,19.1627],[-97.1946,19.1718],[-97.2096,19.1599],[-97.1972,19.1466],[-97.2614,19.0966],[-97.2666,19.0303],[-97.2851,18.9994],[-97.2583,18.9777],[-97.2418,18.9021],[-97.2458,18.8933],[-97.2714,18.8908],[-97.2973,18.8673],[-97.3061,18.8434],[-97.3227,18.8351],[-97.3263,18.8102],[-97.353,18.7913],[-97.3529,18.7744],[-97.3402,18.7784],[-97.3301,18.766],[-97.3442,18.7494],[-97.3421,18.7258],[-97.35,18.7171],[-97.344,18.6858],[-97.331,18.6831],[-97.3232,18.6643],[-97.3032,18.6743],[-97.2719,18.6278],[-97.2523,18.6267],[-97.2354,18.6436],[-97.2152,18.6256],[-97.1969,18.6296],[-97.1744,18.6067],[-97.1414,18.5964],[-97.1446,18.5709],[-97.0835,18.4839],[-97.08,18.4545],[-97.0464,18.4996],[-96.9989,18.5319],[-96.9848,18.5312],[-96.9543,18.5538],[-96.9259,18.5349],[-96.8993,18.5486],[-96.8859,18.5334],[-96.8759,18.5351],[-96.8735,18.5232],[-96.8665,18.5267],[-96.8673,18.5146],[-96.8463,18.5054],[-96.8424,18.4934],[-96.8251,18.4981],[-96.8134,18.5176],[-96.797,18.5119],[-96.7958,18.4802],[-96.7754,18.4481],[-96.7848,18.4442],[-96.781,18.4291],[-96.7632,18.4271],[-96.7709,18.423],[-96.7591,18.4083],[-96.7247,18.4074],[-96.7286,18.3957],[-96.7539,18.3926],[-96.7498,18.3816],[-96.7628,18.3832],[-96.7804,18.3635],[-96.7842,18.3383],[-96.8218,18.3207],[-96.8176,18.3008],[-96.8432,18.2711],[-96.8417,18.2565],[-96.8548,18.2412],[-96.8853,18.244],[-96.9131,18.2385],[-96.9162,18.2306],[-96.9219,18.2406],[-96.9368,18.216],[-96.9741,18.2324],[-96.9915,18.2307],[-97.0402,18.1748],[-97.0421,18.1566],[-97.1138,18.1495],[-97.1239,18.1625],[-97.1339,18.1577],[-97.1338,18.1741],[-97.144,18.1634],[-97.1674,18.2009],[-97.1924,18.1924],[-97.1872,18.1752],[-97.2143,18.1637],[-97.2287,18.1746],[-97.2663,18.1585],[-97.3034,18.1591],[-97.3322,18.1454],[-97.3766,18.0945],[-97.4029,18.1075],[-97.4112,18.1024],[-97.4256,18.0693],[-97.4481,18.066],[-97.4475,18.0535],[-97.4669,18.027],[-97.5059,18.0278],[-97.534,18.0463],[-97.5439,18.0334],[-97.5638,18.0626],[-97.5696,18.1034],[-97.6082,18.131],[-97.6093,18.1537],[-97.6532,18.1753],[-97.634,18.2001],[-97.644,18.2794],[-97.6547,18.2931],[-97.6997,18.2882],[-97.7213,18.276],[-97.7973,18.2832],[-97.8276,18.2369],[-97.823,18.2234],[-97.8441,18.2162],[-97.8592,18.1923],[-97.8395,18.1712],[-97.8536,18.1679],[-97.8675,18.1446],[-97.8672,18.1149],[-97.8495,18.0837],[-97.8107,18.0677],[-97.8348,18.0498],[-97.8426,17.9961],[-97.8263,17.9727],[-97.8166,17.9935],[-97.7909,18.0042],[-97.7985,18.0358],[-97.7717,18.0684],[-97.6988,18.0217],[-97.6997,18.0016],[-97.7285,18.0122],[-97.7664,18.0059],[-97.7679,17.9767],[-97.8034,17.9605],[-97.8193,17.9147],[-97.8324,17.9085],[-97.9363,17.9172],[-97.938,17.9407],[-97.9488,17.9482],[-97.9374,17.9679],[-97.9794,17.9644],[-97.9865,17.9786],[-97.9996,17.9755],[-98.0304,17.9919],[-98.0467,17.9762],[-98.0641,17.9856],[-98.113,17.9784],[-98.1308,17.988],[-98.1299,17.978],[-98.1696,17.9528],[-98.1709,17.9021],[-98.2028,17.8924],[-98.2097,17.8798],[-98.2548,17.8836],[-98.2702,17.9156],[-98.2622,17.9269],[-98.2733,17.9224],[-98.2823,17.9352]]]}},{"type":"Feature","properties":{"cve_ent":"22","nombre":"Querétaro"},"geometry":{"type":"Polygon","coordinates":[[[-99.9865,20.2571],[-99.9652,20.2012],[-99.9219,20.1587],[-99.9362,20.1625],[-99.9308,20.1431],[-99.9422,20.1201],[-99.9238,20.0841],[-99.9263,20.0643],[-99.9802,20.0591],[-99.9785,20.074],[-100.0004,20.0775],[-100.0056,20.0642],[-100.0276,20.0566],[-100.0438,20.0366],[-100.0617,20.0388],[-100.0888,20.015],[-100.0913,20.0243],[-100.1622,20.0625],[-100.1573,20.0711],[-100.1645,20.0783],[-100.1767,20.0709],[-100.1798,20.083],[-100.2029,20.0766],[-100.1974,20.1299],[-100.2356,20.1435],[-100.1919,20.176],[-100.1811,20.2088],[-100.2605,20.2675],[-100.3813,20.3031],[-100.41,20.376],[-100.4762,20.3896],[-100.4783,20.4163],[-100.4895,20.4314],[-100.4924,20.4904],[-100.4974,20.5048],[-100.5098,20.5065],[-100.5011,20.5126],[-100.5085,20.5262],[-100.5048,20.555],[-100.485,20.5538],[-100.4821,20.5715],[-100.4962,20.6162],[-100.5215,20.6249],[-100.5295,20.6387],[-100.5511,20.6338],[-100.5619,20.6714],[-100.5836,20.6784],[-100.5813,20.6929],[-100.5965,20.7173],[-100.5844,20.7289],[-100.5489,20.7364],[-100.5641,20.7747],[-100.5583,20.8046],[-100.5734,20.8037],[-100.5776,20.8167],[-100.502,20.8529],[-100.509,20.8707],[-100.4854,20.9088],[-100.47,20.907],[-100.4722,20.9284],[-100.4532,20.9232],[-100.454,20.9002],[-100.4134,20.8874],[-100.3336,20.8907],[-100.2984,20.9153],[-100.3054,20.9238],[-100.2992,20.9313],[-100.2655,20.9292],[-100.2618,20.9534],[-100.2721,20.963],[-100.2636,20.971],[-100.1815,20.9304],[-100.1784,20.9387],[-100.1353,20.9373],[-100.1178,20.9222],[-100.0642,20.9363],[-100.0807,20.9499],[-100.0688,20.9579],[-100.078,20.9727],[-100.0607,21.0058],[-100.0689,21.0228],[-100.0545,21.0278],[-100.0226,21.0146],[-100.0111,21.0285],[-100.0067,21.0464],[-100.0198,21.0551],[-100.0275,21.1003],[-99.9964,21.1826],[-100.0111,21.1895],[-99.9864,21.2183],[-99.9479,21.2124],[-99.9547,21.2057],[-99.9454,21.2099],[-99.9426,21.1944],[-99.8993,21.1839],[-99.8883,21.1696],[-99.8313,21.1573],[-99.7385,21.2358],[-99.6879,21.2258],[-99.6987,21.2408],[-99.6991,21.2667],[-99.6713,21.3012],[-99.7076,21.3145],[-99.7373,21.3129],[-99.7342,21.3014],[-99.7579,21.2921],[-99.784,21.3201],[-99.7878,21.3296],[-99.7776,21.3432],[-99.7921,21.3439],[-99.7945,21.3574],[-99.7755,21.375],[-99.7774,21.496],[-99.7493,21.5232],[-99.7467,21.5784],[-99.6595,21.5679],[-99.6258,21.5073],[-99.5493,21.4471],[-99.5519,21.4284],[-99.4975,21.4192],[-99.4708,21.4366],[-99.4698,21.4465],[-99.4363,21.4499],[-99.4059,21.4283],[-99.3986,21.4634],[-99.3889,21.4649],[-99.3824,21.4809],[-99.3867,21.5004],[-99.372,21.5071],[-99.3759,21.5479],[-99.3499,21.5524],[-99.3273,21.5352],[-99.3055,21.5329],[-99.2907,21.558],[-99.2744,21.5653],[-99.2807,21.6079],[-99.2435,21.6151],[-99.2251,21.6333],[-99.2177,21.6666],[-99.1882,21.67],[-99.1719,21.627],[-99.1283,21.5898],[-99.1423,21.5354],[-99.126,21.4605],[-99.0928,21.3817],[-99.0926,21.3634],[-99.1295,21.362],[-99.1378,21.3298],[-99.1029,21.3212],[-99.1276,21.3183],[-99.1058,21.302],[-99.1043,21.2896],[-99.083,21.2963],[-99.0532,21.2816],[-99.0512,21.2534],[-99.0699,21.2431],[-99.0735,21.2304],[-99.0524,21.2195],[-99.0431,21.1787],[-99.0613,21.1542],[-99.0727,21.158],[-99.0624,21.1743],[-99.0765,21.1735],[-99.0706,21.167],[-99.077,21.1591],[-99.1755,21.1384],[-99.1846,21.1223],[-99.2062,21.1187],[-99.2154,21.1062],[-99.2342,21.1128],[-99.256,21.1042],[-99.3092,21.1473],[-99.3418,21.1237],[-99.3464,21.1009],[-99.3974,21.102],[-99.3877,21.0678],[-99.3674,21.0695],[-99.3771,21.0566],[-99.3632,21.0417],[-99.39,21.0041],[-99.3963,20.9811],[-99.3906,20.9523],[-99.4156,20.9249],[-99.4126,20.9054],[-99.4352,20.8994],[-99.4461,20.853],[-99.4544,20.858],[-99.4887,20.8329],[-99.4853,20.8178],[-99.4997,20.8043],[-99.4887,20.7994],[-99.5038,20.7948],[-99.4963,20.7824],[-99.5038,20.7658],[-99.5485,20.7372],[-99.5343,20.706],[-99.5055,20.6847],[-99.511,20.6784],[-99.5006,20.673],[-99.5019,20.659],[-99.5653,20.6404],[-99.5789,20.6188],[-99.5897,20.6204],[-99.6195,20.5914],[-99.6346,20.6057],[-99.6579,20.6018],[-99.6964,20.5744],[-99.712,20.5813],[-99.7387,20.5605],[-99.7793,20.5593],[-99.8281,20.543],[-99.8591,20.2685],[-99.9195,20.2817],[-99.9341,20.2498],[-99.9184,20.2118],[-99.9509,20.2159],[-99.9563,20.2484],[-99.9775,20.2725],[-99.9865,20.2571]],[[-100.2266,20.5343],[-100.2323,20.5324],[-100.2238,20.5352],[-100.2266,20.5343]]]}},{"type":"Feature","properties":{"cve_ent":"23","nombre":"Quintana Roo"},"geometry":{"type":"MultiPolygon","coordinates":[[[[-87.549,19.0862],[-87.6315,18.9264],[-87.6424,18.8596],[-87.6631,18.8265],[-87.6693,18.7634],[-87.6921,18.7332],[-87.688,18.7279],[-87.6988,18.7282],[-87.7118,18.7101],[-87.7252,18.6685],[-87.7406,18.539],[-87.7619,18.4973],[-87.7638,18.4183],[-87.8238,18.322],[-87.8496,18.1844],[-87.8661,18.1892],[-87.853,18.2089],[-87.8655,18.2085],[-87.8635,18.2197],[-87.8727,18.2109],[-87.8611,18.2346],[-87.8761,18.2404],[-87.8737,18.2334],[-87.8831,18.2319],[-87.8673,18.2307],[-87.8714,18.2229],[-87.8932,18.215],[-87.885,18.2197],[-87.8926,18.2292],[-87.8985,18.2195],[-87.898,18.244],[-87.894,18.2498],[-87.885,18.2426],[-87.8735,18.265],[-87.8764,18.285],[-87.8837,18.2798],[-87.8869,18.2834],[-87.8778,18.2874],[-87.8792,18.2977],[-87.8948,18.2778],[-87.899,18.2988],[-87.8976,18.3144],[-87.8967,18.2995],[-87.8893,18.3182],[-87.8784,18.3205],[-87.8899,18.3262],[-87.8799,18.328],[-87.8882,18.3304],[-87.8789,18.3506],[-87.9039,18.3591],[-87.8953,18.3729],[-87.9023,18.3843],[-87.9302,18.3847],[-87.9392,18.3937],[-87.931,18.4088],[-87.9341,18.4382],[-88.0749,18.4787],[-88.0641,18.4914],[-88.0728,18.4842],[-88.066,18.498],[-88.0719,18.4904],[-88.0783,18.5105],[-88.0432,18.5355],[-88.0326,18.5701],[-88.0429,18.5702],[-88.0444,18.5817],[-87.9975,18.6667],[-88.019,18.6971],[-88.002,18.738],[-88.0138,18.7522],[-88.0005,18.7712],[-88.0144,18.7686],[-88.0086,18.7759],[-88.0223,18.7779],[-88.0176,18.7914],[-88.0471,18.8114],[-88.0368,18.8502],[-88.0509,18.8711],[-88.0537,18.8585],[-88.0714,18.8588],[-88.0784,18.835],[-88.1065,18.8194],[-88.145,18.7444],[-88.1412,18.7249],[-88.1603,18.727],[-88.1483,18.7777],[-88.1714,18.7225],[-88.2029,18.7108],[-88.2023,18.6811],[-88.1937,18.7056],[-88.1632,18.7179],[-88.153,18.7073],[-88.1916,18.6803],[-88.231,18.5868],[-88.2857,18.4937],[-88.3163,18.4956],[-88.3147,18.4884],[-88.3801,18.4789],[-88.4024,18.4967],[-88.4471,18.4756],[-88.4542,18.4885],[-88.4764,18.4947],[-88.5186,18.4622],[-88.5319,18.4082],[-88.5516,18.3761],[-88.5444,18.36],[-88.6058,18.2917],[-88.5973,18.2889],[-88.6047,18.241],[-88.6324,18.2129],[-88.641,18.2167],[-88.6943,18.1869],[-88.6801,18.1602],[-88.7186,18.1088],[-88.7103,18.097],[-88.7196,18.0839],[-88.7167,18.0605],[-88.7667,18.0343],[-88.7698,18.0068],[-88.7885,17.993],[-88.7845,17.9799],[-88.8594,17.9252],[-88.8598,17.8945],[-88.8829,17.8962],[-88.8854,17.9076],[-88.9066,17.9159],[-88.9137,17.9106],[-88.9448,17.9591],[-88.9598,17.9517],[-88.9833,17.958],[-88.9872,17.9473],[-89.004,17.9725],[-89.0006,17.9844],[-89.0375,18.0051],[-89.0586,17.9903],[-89.0851,17.9904],[-89.1116,17.9698],[-89.1327,17.972],[-89.152,17.9403],[-89.1522,17.9536],[-89.2059,17.9541],[-89.2067,18.0211],[-89.163,18.0185],[-89.1634,18.0579],[-89.1448,18.0577],[-89.1444,18.0824],[-89.2025,18.0833],[-89.2002,18.1446],[-89.1431,18.1458],[-89.1429,18.2242],[-89.1581,18.2213],[-89.1517,18.2936],[-89.1324,18.2934],[-89.1382,18.3855],[-89.1212,18.3858],[-89.1255,18.4506],[-89.1502,18.4511],[-89.1557,18.7531],[-89.1444,18.7559],[-89.1471,18.995],[-89.1358,19.1324],[-89.147,19.1332],[-89.1467,19.4239],[-89.2966,19.5512],[-89.2196,19.608],[-89.2229,19.6367],[-89.1902,19.6333],[-89.1892,19.644],[-89.1449,19.6374],[-89.1495,19.5812],[-89.109,19.5823],[-89.1084,19.6123],[-89.1336,19.6146],[-89.1234,19.7034],[-89.0362,19.678],[-89.0305,19.7088],[-88.9975,19.7049],[-88.9947,19.7274],[-89.0488,19.7215],[-89.0252,19.7767],[-89.0041,19.772],[-88.9995,19.798],[-88.9844,19.7982],[-88.9745,19.8181],[-88.9439,19.8134],[-88.9454,19.7919],[-88.9295,19.7909],[-88.9203,19.804],[-88.9111,19.8009],[-88.8976,19.8369],[-88.9005,19.8611],[-88.8791,19.8624],[-88.8802,19.8781],[-88.8259,19.8799],[-88.8204,19.8905],[-88.8294,19.906],[-88.8165,19.9045],[-88.8102,19.9449],[-88.7984,19.9525],[-88.7835,20.0082],[-88.7362,20.0097],[-88.736,20.0176],[-88.7221,20.0051],[-88.7002,20.0104],[-88.6849,20.0774],[-88.6906,20.0899],[-88.6399,20.1204],[-88.6192,20.1172],[-88.6164,20.1345],[-88.588,20.1315],[-88.5767,20.1481],[-88.5076,20.1434],[-88.5023,20.1901],[-88.5199,20.1923],[-88.4434,20.2381],[-88.4151,20.233],[-88.4029,20.2395],[-88.4091,20.2521],[-88.3519,20.259],[-88.3088,20.2535],[-88.2668,20.2691],[-88.2646,20.2903],[-88.1365,20.2814],[-88.0473,20.3663],[-88.0475,20.3788],[-88.034,20.3789],[-87.993,20.418],[-87.9951,20.4473],[-87.9627,20.4467],[-87.7443,20.6538],[-87.5331,20.9996],[-87.5349,21.4902],[-87.4883,21.4852],[-87.4866,21.4653],[-87.4732,21.4572],[-87.4311,21.4686],[-87.3554,21.4468],[-87.3411,21.4323],[-87.3158,21.4414],[-87.2721,21.4323],[-87.2739,21.4433],[-87.2325,21.4186],[-87.2156,21.4433],[-87.1884,21.4397],[-87.1584,21.4633],[-87.1318,21.4597],[-87.1117,21.4712],[-87.1108,21.5201],[-87.0991,21.5326],[-87.1047,21.5468],[-87.1287,21.5545],[-87.1015,21.585],[-87.0857,21.5894],[-87.066,21.5705],[-87.0103,21.5574],[-86.9748,21.5105],[-86.9702,21.5313],[-86.9814,21.5394],[-86.9901,21.5433],[-86.9977,21.5414],[-86.9925,21.5559],[-86.9851,21.5515],[-86.9928,21.5622],[-86.9802,21.5489],[-86.9837,21.5459],[-86.9759,21.5476],[-86.9523,21.5147],[-86.9525,21.4886],[-86.8867,21.4035],[-86.8509,21.2559],[-86.8235,21.244],[-86.8369,21.2725],[-86.8211,21.2818],[-86.8274,21.2963],[-86.8213,21.316],[-86.7925,21.3424],[-86.8101,21.3986],[-86.8279,21.413],[-86.8221,21.4201],[-86.8098,21.4129],[-86.7992,21.3888],[-86.7951,21.3859],[-86.7958,21.4123],[-86.7904,21.3456],[-86.8157,21.2868],[-86.7998,21.2392],[-86.8069,21.1795],[-86.7881,21.1435],[-86.7406,21.1349],[-86.7703,21.0848],[-86.7786,21.0325],[-86.8005,21.0352],[-86.813,21.0231],[-86.8465,20.9048],[-86.8605,20.8912],[-86.8779,20.8414],[-86.9405,20.7823],[-86.9642,20.7478],[-86.9627,20.7301],[-87.0102,20.7024],[-87.0218,20.6743],[-87.0989,20.5926],[-87.2313,20.4974],[-87.2822,20.4461],[-87.3539,20.3297],[-87.3636,20.2939],[-87.3745,20.2906],[-87.3676,20.286],[-87.3789,20.2836],[-87.382,20.2672],[-87.4244,20.2242],[-87.4579,20.1498],[-87.478,20.076],[-87.4762,19.9992],[-87.4643,19.9945],[-87.465,19.9586],[-87.4525,19.9332],[-87.436,19.927],[-87.4321,19.9082],[-87.4299,19.8862],[-87.4486,19.839],[-87.4739,19.8188],[-87.4696,19.7802],[-87.4865,19.787],[-87.4872,19.8013],[-87.4725,19.8358],[-87.452,19.837],[-87.4385,19.8874],[-87.4312,19.8883],[-87.4353,19.9152],[-87.4589,19.9248],[-87.4577,19.9383],[-87.4674,19.9451],[-87.473,19.9382],[-87.4573,19.9171],[-87.4636,19.8938],[-87.4475,19.8902],[-87.4594,19.8584],[-87.4743,19.8553],[-87.4977,19.8069],[-87.5452,19.7957],[-87.5546,19.8085],[-87.5787,19.7903],[-87.6428,19.688],[-87.6529,19.65],[-87.6668,19.6165],[-87.6793,19.6146],[-87.684,19.6215],[-87.6764,19.6213],[-87.6894,19.6262],[-87.6607,19.6343],[-87.6673,19.6385],[-87.6595,19.6372],[-87.6491,19.6881],[-87.7422,19.6637],[-87.7485,19.5995],[-87.7389,19.5865],[-87.7234,19.5875],[-87.7349,19.5839],[-87.7285,19.5764],[-87.7076,19.5731],[-87.7139,19.5612],[-87.702,19.5502],[-87.6816,19.5581],[-87.6821,19.5667],[-87.6897,19.5648],[-87.6925,19.5618],[-87.6932,19.5616],[-87.6892,19.5669],[-87.6768,19.5694],[-87.6694,19.5376],[-87.6777,19.5379],[-87.6864,19.533],[-87.6872,19.5305],[-87.6638,19.5294],[-87.673,19.519],[-87.6635,19.5132],[-87.6695,19.501],[-87.6504,19.5052],[-87.6328,19.5384],[-87.6101,19.5541],[-87.5504,19.5661],[-87.5315,19.562],[-87.5368,19.5466],[-87.5257,19.5405],[-87.515,19.5631],[-87.4924,19.5707],[-87.5099,19.5764],[-87.5048,19.5901],[-87.4954,19.5858],[-87.4517,19.596],[-87.4623,19.6075],[-87.4451,19.6228],[-87.4561,19.6362],[-87.4545,19.648],[-87.4101,19.5984],[-87.4402,19.469],[-87.4918,19.4364],[-87.5285,19.394],[-87.5456,19.3913],[-87.5496,19.3936],[-87.5551,19.3914],[-87.5648,19.3942],[-87.5415,19.3999],[-87.5393,19.4185],[-87.5454,19.417],[-87.5479,19.4186],[-87.5418,19.4202],[-87.5394,19.4258],[-87.5357,19.4282],[-87.5354,19.4286],[-87.5355,19.429],[-87.6053,19.3967],[-87.636,19.3734],[-87.6563,19.3028],[-87.6691,19.2952],[-87.6579,19.2821],[-87.6598,19.2668],[-87.6869,19.2348],[-87.6738,19.2235],[-87.6861,19.2205],[-87.6769,19.2191],[-87.6822,19.2058],[-87.6739,19.2058],[-87.6708,19.1899],[-87.6378,19.1772],[-87.6244,19.1917],[-87.6069,19.2302],[-87.5868,19.2461],[-87.5778,19.2698],[-87.5998,19.2427],[-87.612,19.2401],[-87.5562,19.2961],[-87.4893,19.3264],[-87.4638,19.3259],[-87.4453,19.312],[-87.5352,19.213],[-87.549,19.0862]]],[[[-87.6403,19.1845],[-87.6457,19.188],[-87.6396,19.187],[-87.6403,19.1845]]],[[[-87.6286,19.191],[-87.6328,19.1949],[-87.6275,19.1967],[-87.6286,19.191]]],[[[-87.6301,19.2043],[-87.6282,19.2027],[-87.631,19.2027],[-87.6301,19.2043]]],[[[-87.652,19.2155],[-87.6402,19.2185],[-87.6146,19.236],[-87.6325,19.2208],[-87.6409,19.2171],[-87.652,19.2155]]],[[[-87.6032,19.2369],[-87.6053,19.2341],[-87.606,19.2351],[-87.6032,19.2369]]],[[[-87.5735,19.397],[-87.5654,19.3973],[-87.5655,19.3937],[-87.5735,19.397]]],[[[-87.6591,19.5045],[-87.6607,19.5074],[-87.6596,19.5079],[-87.6591,19.5045]]],[[[-87.6578,19.5113],[-87.6573,19.5171],[-87.6565,19.5167],[-87.6578,19.5113]]],[[[-87.577,19.5647],[-87.5769,19.566],[-87.5761,19.5663],[-87.577,19.5647]]],[[[-87.5675,19.5772],[-87.5665,19.577],[-87.5674,19.5766],[-87.5675,19.5772]]],[[[-87.5619,19.5801],[-87.5623,19.5808],[-87.5615,19.5812],[-87.5619,19.5801]]],[[[-87.5582,19.5831],[-87.5577,19.5836],[-87.5577,19.5833],[-87.5582,19.5831]]],[[[-87.6484,19.5872],[-87.6472,19.5869],[-87.6485,19.587],[-87.6484,19.5872]]],[[[-87.6601,19.5878],[-87.6591,19.5875],[-87.66,19.5875],[-87.6601,19.5878]]],[[[-87.6388,19.5875],[-87.6364,19.5893],[-87.6359,19.5886],[-87.6388,19.5875]]],[[[-87.713,19.5897],[-87.6906,19.5879],[-87.6755,19.5874],[-87.6947,19.5872],[-87.713,19.5897]]],[[[-87.6791,19.6416],[-87.6789,19.6467],[-87.6733,19.6422],[-87.6791,19.6416]]],[[[-87.7,19.645],[-87.6967,19.6445],[-87.6987,19.6423],[-87.7,19.645]]],[[[-87.7096,19.6501],[-87.7055,19.6455],[-87.7135,19.6488],[-87.7096,19.6501]]],[[[-87.4392,18.4285],[-87.4474,18.46],[-87.4443,18.4626],[-87.4392,18.4285]]],[[[-87.4454,18.475],[-87.445,18.5007],[-87.4406,18.5187],[-87.4454,18.475]]],[[[-87.4346,18.559],[-87.4392,18.5604],[-87.4367,18.5623],[-87.4346,18.559]]],[[[-87.4385,18.585],[-87.4356,18.5889],[-87.4366,18.5822],[-87.4385,18.585]]],[[[-87.4407,18.5969],[-87.4408,18.6129],[-87.438,18.6128],[-87.4407,18.5969]]],[[[-87.4712,19.3348],[-87.4643,19.329],[-87.4655,19.3266],[-87.4712,19.3348]]],[[[-87.5184,19.3708],[-87.4834,19.3445],[-87.4793,19.3354],[-87.515,19.3573],[-87.5184,19.3708]]],[[[-87.5494,19.4124],[-87.5555,19.4107],[-87.5544,19.4137],[-87.5494,19.4124]]],[[[-87.4977,19.5926],[-87.4993,19.5913],[-87.4993,19.5926],[-87.4977,19.5926]]],[[[-87.4623,19.5967],[-87.4647,19.5977],[-87.4635,19.5984],[-87.4623,19.5967]]],[[[-87.4903,19.5976],[-87.4939,19.5951],[-87.4908,19.5989],[-87.4903,19.5976]]],[[[-87.4554,19.5982],[-87.4583,19.5961],[-87.4587,19.5978],[-87.4554,19.5982]]],[[[-87.4639,19.603],[-87.4726,19.6007],[-87.4725,19.6014],[-87.4639,19.603]]],[[[-87.4939,19.6058],[-87.4815,19.5974],[-87.4944,19.6036],[-87.4939,19.6058]]],[[[-87.4943,19.6071],[-87.4928,19.6113],[-87.4923,19.611],[-87.4943,19.6071]]],[[[-87.5234,19.6129],[-87.5209,19.6062],[-87.5234,19.6047],[-87.5234,19.6129]]],[[[-87.4664,19.607],[-87.4651,19.6133],[-87.4639,19.6052],[-87.4664,19.607]]],[[[-87.516,19.6297],[-87.5175,19.6278],[-87.5207,19.6232],[-87.5191,19.6286],[-87.516,19.6297]]],[[[-87.46,19.6955],[-87.4623,19.6925],[-87.4643,19.6947],[-87.46,19.6955]]],[[[-87.4654,19.6983],[-87.4682,19.6948],[-87.4681,19.699],[-87.4654,19.6983]]],[[[-87.4782,19.7043],[-87.4699,19.7032],[-87.4683,19.6992],[-87.4782,19.7043]]],[[[-87.4795,19.704],[-87.4786,19.7049],[-87.4784,19.704],[-87.4795,19.704]]],[[[-87.506,19.7106],[-87.4853,19.7075],[-87.4797,19.7046],[-87.506,19.7106]]],[[[-87.392,18.3745],[-87.3926,18.3802],[-87.3878,18.3754],[-87.392,18.3745]]],[[[-87.3995,18.3798],[-87.4084,18.3803],[-87.4081,18.3905],[-87.3995,18.3798]]],[[[-87.4125,18.391],[-87.4186,18.4002],[-87.4116,18.3921],[-87.4125,18.391]]],[[[-87.4292,18.4048],[-87.426,18.4055],[-87.427,18.4029],[-87.4292,18.4048]]],[[[-87.4341,18.4209],[-87.4376,18.4232],[-87.4345,18.4231],[-87.4341,18.4209]]],[[[-87.381,18.3748],[-87.3322,18.4438],[-87.337,18.523],[-87.3144,18.5555],[-87.331,18.5264],[-87.32,18.4926],[-87.3229,18.4566],[-87.3595,18.3875],[-87.381,18.3748]]],[[[-87.3093,18.6035],[-87.3178,18.5778],[-87.341,18.5735],[-87.323,18.5851],[-87.3205,18.5988],[-87.3093,18.6035]]],[[[-87.4377,18.6235],[-87.4231,18.6592],[-87.4203,18.66],[-87.4377,18.6235]]],[[[-87.4101,18.6764],[-87.3978,18.7088],[-87.3947,18.7119],[-87.4101,18.6764]]],[[[-87.3927,18.7232],[-87.3877,18.7223],[-87.3925,18.7202],[-87.3927,18.7232]]],[[[-87.3875,18.7325],[-87.384,18.7325],[-87.3869,18.7308],[-87.3875,18.7325]]],[[[-87.3069,18.7397],[-87.3032,18.7396],[-87.3051,18.7375],[-87.3069,18.7397]]],[[[-87.3788,18.7384],[-87.3764,18.7495],[-87.3724,18.753],[-87.3788,18.7384]]],[[[-87.3182,18.7479],[-87.3152,18.746],[-87.3166,18.7452],[-87.3182,18.7479]]],[[[-87.3027,18.7502],[-87.2983,18.7483],[-87.3034,18.7448],[-87.3027,18.7502]]],[[[-87.3218,18.754],[-87.3196,18.7553],[-87.319,18.7533],[-87.3218,18.754]]],[[[-87.3272,18.7548],[-87.329,18.7639],[-87.3267,18.765],[-87.3272,18.7548]]],[[[-87.3219,18.7589],[-87.3204,18.7622],[-87.321,18.7586],[-87.3219,18.7589]]],[[[-87.3546,18.7667],[-87.3553,18.7701],[-87.3535,18.77],[-87.3546,18.7667]]],[[[-87.3193,18.7666],[-87.3181,18.7701],[-87.3175,18.7667],[-87.3193,18.7666]]],[[[-87.3611,18.772],[-87.3566,18.7729],[-87.3615,18.7698],[-87.3611,18.772]]],[[[-87.3491,18.778],[-87.3402,18.7862],[-87.3391,18.7861],[-87.3491,18.778]]],[[[-87.2647,18.7266],[-87.2453,18.6819],[-87.2474,18.6453],[-87.2645,18.6188],[-87.2527,18.6674],[-87.2789,18.7379],[-87.2647,18.7266]]],[[[-87.2812,18.743],[-87.2794,18.7417],[-87.2802,18.74],[-87.2812,18.743]]],[[[-87.2906,18.7535],[-87.289,18.7544],[-87.2896,18.7515],[-87.2906,18.7535]]],[[[-86.7284,20.5726],[-86.7936,20.4648],[-86.8181,20.4383],[-86.8306,20.4381],[-86.8985,20.3442],[-86.9575,20.2924],[-86.9944,20.2745],[-87.003,20.2974],[-87.017,20.2994],[-87.0099,20.3156],[-87.0253,20.367],[-87.0171,20.4122],[-86.9262,20.5525],[-86.897,20.5656],[-86.865,20.5372],[-86.8543,20.5499],[-86.79,20.5563],[-86.7676,20.5689],[-86.7687,20.5606],[-86.7593,20.5754],[-86.7269,20.5922],[-86.7284,20.5726]]],[[[-86.8659,20.5479],[-86.8592,20.5475],[-86.8591,20.5472],[-86.8629,20.5457],[-86.8659,20.5479]]],[[[-86.7486,21.2645],[-86.7389,21.2455],[-86.7104,21.2015],[-86.7184,21.2055],[-86.7426,21.2344],[-86.7301,21.2214],[-86.7531,21.2578],[-86.7486,21.2645]]],[[[-86.8539,21.4336],[-86.8704,21.4287],[-86.8785,21.4204],[-86.8883,21.4168],[-86.8748,21.4263],[-86.8826,21.4248],[-86.8836,21.434],[-86.8539,21.4336]]],[[[-86.9026,21.4638],[-86.9019,21.4573],[-86.9039,21.4511],[-86.9132,21.4493],[-86.9026,21.4638]]],[[[-86.934,21.4668],[-86.9318,21.4742],[-86.9276,21.4681],[-86.934,21.4668]]],[[[-86.9237,21.4777],[-86.9112,21.4694],[-86.9118,21.4664],[-86.9237,21.4777]]],[[[-86.8038,21.5317],[-86.7915,21.494],[-86.7842,21.458],[-86.8038,21.5317]]],[[[-86.9775,21.5355],[-86.972,21.5288],[-86.9747,21.5264],[-86.9775,21.5355]]],[[[-87.1056,21.5998],[-87.1295,21.5684],[-87.1579,21.5622],[-87.1513,21.5571],[-87.1665,21.5563],[-87.2099,21.5196],[-87.2256,21.5164],[-87.2099,21.521],[-87.2084,21.5274],[-87.2304,21.5217],[-87.2242,21.5268],[-87.2591,21.5233],[-87.2616,21.5298],[-87.2898,21.5111],[-87.2872,21.5225],[-87.3159,21.5258],[-87.3285,21.5492],[-87.3587,21.5352],[-87.3646,21.5188],[-87.376,21.5194],[-87.3718,21.5098],[-87.3805,21.5146],[-87.3903,21.5031],[-87.3973,21.5112],[-87.3349,21.5662],[-87.3013,21.5457],[-87.2496,21.5402],[-87.1547,21.568],[-87.1039,21.6055],[-87.0575,21.5927],[-87.0493,21.5896],[-87.0462,21.5851],[-87.1056,21.5998]]],[[[-87.0091,21.5663],[-87.0037,21.5621],[-87.0093,21.5597],[-87.0091,21.5663]]],[[[-87.0242,21.5749],[-87.0207,21.5688],[-87.0254,21.5742],[-87.0242,21.5749]]],[[[-87.0421,21.5847],[-87.0,21.5714],[-86.9925,21.564],[-87.0421,21.5847]]]]}},{"type":"Feature","properties":{"cve_ent":"24","nombre":"San Luis Potosí"},"geometry":{"type":"Polygon","coordinates":[[[-99.1882,21.67],[-99.2177,21.6666],[-99.2251,21.6333],[-99.2435,21.6151],[-99.2807,21.6079],[-99.2744,21.5653],[-99.2907,21.558],[-99.3055,21.5329],[-99.3273,21.5352],[-99.3499,21.5524],[-99.3759,21.5479],[-99.372,21.5071],[-99.3867,21.5004],[-99.3823,21.4812],[-99.3889,21.4649],[-99.3986,21.4634],[-99.4046,21.4289],[-99.4357,21.4498],[-99.4691,21.4468],[-99.4884,21.422],[-99.5038,21.4186],[-99.5529,21.4291],[-99.5493,21.4471],[-99.6258,21.5073],[-99.6595,21.5679],[-99.7467,21.5784],[-99.7493,21.5232],[-99.7916,21.4901],[-99.7918,21.4748],[-99.8171,21.4617],[-99.8392,21.4624],[-99.8349,21.4781],[-99.8638,21.4743],[-99.9052,21.4482],[-99.9432,21.4618],[-99.9423,21.4496],[-99.9593,21.4835],[-99.9457,21.4974],[-99.9651,21.5051],[-99.9568,21.5262],[-100.0623,21.5233],[-100.0758,21.5579],[-100.1472,21.6181],[-100.1714,21.6013],[-100.1671,21.6341],[-100.1796,21.6508],[-100.1928,21.647],[-100.2223,21.6657],[-100.2463,21.6649],[-100.2721,21.6873],[-100.3221,21.6821],[-100.3514,21.6917],[-100.4,21.6745],[-100.435,21.6827],[-100.4513,21.6666],[-100.4705,21.6065],[-100.4857,21.5953],[-100.4607,21.5712],[-100.4611,21.5453],[-100.534,21.5423],[-100.615,21.5058],[-100.6219,21.519],[-100.6143,21.5331],[-100.6354,21.5432],[-100.6385,21.5283],[-100.6575,21.5247],[-100.6812,21.5475],[-100.7176,21.5502],[-100.7343,21.5787],[-100.7725,21.5955],[-100.7733,21.5881],[-100.8095,21.592],[-100.8577,21.619],[-100.8343,21.6646],[-100.8651,21.6871],[-100.8701,21.6725],[-100.9072,21.6816],[-100.9213,21.7003],[-100.9126,21.7136],[-100.9381,21.7205],[-100.9435,21.7326],[-100.9656,21.7349],[-100.982,21.7535],[-101.0592,21.7655],[-101.1361,21.7532],[-101.1613,21.7575],[-101.2198,21.8022],[-101.2172,21.8161],[-101.2623,21.8234],[-101.2897,21.8121],[-101.3195,21.8353],[-101.3653,21.8394],[-101.4227,21.825],[-101.4551,21.83],[-101.4641,21.8202],[-101.4739,21.8274],[-101.4963,21.8099],[-101.5035,21.8301],[-101.4861,21.8419],[-101.4832,21.8677],[-101.4407,21.8927],[-101.4418,21.9093],[-101.4346,21.8971],[-101.4102,21.9087],[-101.4292,21.9344],[-101.4052,21.9485],[-101.3734,21.9902],[-101.3265,21.9997],[-101.3524,22.0131],[-101.3486,22.0281],[-101.3378,22.0251],[-101.3392,22.015],[-101.3272,22.0215],[-101.3309,22.0353],[-101.3517,22.0438],[-101.3657,22.0185],[-101.3828,22.0207],[-101.3807,22.0288],[-101.3697,22.0275],[-101.3771,22.045],[-101.361,22.041],[-101.3466,22.0497],[-101.3542,22.0717],[-101.3277,22.1441],[-101.3377,22.1435],[-101.3513,22.1768],[-101.3243,22.2099],[-101.3529,22.2292],[-101.3768,22.2617],[-101.4163,22.2673],[-101.3914,22.2999],[-101.4197,22.315],[-101.4351,22.3415],[-101.433,22.3633],[-101.3819,22.3575],[-101.3748,22.4565],[-101.3137,22.4535],[-101.3154,22.4696],[-101.2857,22.5079],[-101.2963,22.5355],[-101.2875,22.5598],[-101.3057,22.6099],[-101.3339,22.6421],[-101.3369,22.6588],[-101.3594,22.6535],[-101.38,22.6758],[-101.3492,22.7118],[-101.4111,22.7477],[-101.491,22.7429],[-101.497,22.7015],[-101.5674,22.6568],[-101.5738,22.6128],[-101.5953,22.6241],[-101.5901,22.589],[-101.6599,22.5053],[-101.696,22.5204],[-101.7462,22.5087],[-101.7354,22.4802],[-101.7715,22.4882],[-101.7834,22.465],[-101.8371,22.4997],[-101.8199,22.5513],[-101.873,22.5631],[-101.8533,22.656],[-101.9398,22.6457],[-102.1249,22.783],[-102.1921,22.8649],[-102.2381,23.0476],[-102.2601,23.0459],[-102.2142,23.1313],[-102.241,23.1694],[-102.2395,23.2095],[-102.2894,23.2317],[-102.2858,23.2733],[-102.2447,23.2768],[-102.2316,23.3151],[-102.2411,23.315],[-102.2547,23.2808],[-102.2695,23.2799],[-102.2646,23.2901],[-102.296,23.3205],[-102.2536,23.365],[-102.2382,23.4469],[-102.1936,23.4476],[-102.1913,23.4014],[-102.1686,23.3989],[-102.1688,23.361],[-102.1225,23.3539],[-102.0119,23.3727],[-101.7751,23.4476],[-101.1925,23.9186],[-101.2167,24.1597],[-101.1732,24.1641],[-101.0654,24.207],[-101.0127,24.3908],[-100.9873,24.4325],[-100.9882,24.4096],[-101.0099,24.3851],[-101.0067,24.3358],[-100.9453,24.2812],[-100.8504,24.3435],[-100.7112,24.4915],[-100.6035,24.4013],[-100.5999,24.3488],[-100.6331,24.226],[-100.5851,24.2239],[-100.5935,24.1782],[-100.6134,24.1739],[-100.5168,24.1399],[-100.5196,24.1184],[-100.5387,24.1185],[-100.5238,24.0715],[-100.5624,23.9196],[-100.5468,23.9174],[-100.5494,23.8893],[-100.5398,23.8884],[-100.5503,23.8422],[-100.5255,23.8395],[-100.5288,23.8164],[-100.4976,23.7987],[-100.4977,23.7363],[-100.4903,23.7396],[-100.4665,23.6889],[-100.4471,23.6965],[-100.4457,23.6773],[-100.4583,23.6601],[-100.4498,23.656],[-100.4634,23.6531],[-100.4774,23.6338],[-100.4916,23.5686],[-100.4695,23.5668],[-100.4592,23.5116],[-100.4942,23.5284],[-100.5172,23.421],[-100.4571,23.3664],[-100.4836,23.214],[-100.4798,23.1944],[-100.3318,23.1627],[-100.3235,23.1956],[-100.3638,23.189],[-100.3743,23.2653],[-100.3063,23.2609],[-100.2784,23.3104],[-100.2202,23.2979],[-100.2182,23.3101],[-100.2064,23.3071],[-100.2282,23.2505],[-100.1038,23.2315],[-100.1097,23.1997],[-100.1183,23.2005],[-100.119,23.1524],[-100.1102,23.1511],[-100.1156,23.126],[-100.0687,23.1212],[-100.069,23.0959],[-100.0113,23.0639],[-100.0621,23.0398],[-100.0618,23.012],[-100.0717,22.9974],[-100.0975,23.0131],[-100.0894,22.9688],[-100.1108,22.9757],[-100.1104,22.9167],[-100.0442,22.9179],[-100.0294,22.8244],[-100.1019,22.7628],[-100.0941,22.7513],[-100.0223,22.7259],[-99.957,22.7517],[-99.8824,22.7499],[-99.8428,22.7306],[-99.8479,22.6784],[-99.814,22.6608],[-99.785,22.6685],[-99.7548,22.6566],[-99.7241,22.6596],[-99.6825,22.6811],[-99.5606,22.6412],[-99.5347,22.6128],[-99.4945,22.6209],[-99.5443,22.7441],[-99.4968,22.7485],[-99.4771,22.7406],[-99.4421,22.6636],[-99.3856,22.6703],[-99.3732,22.6291],[-99.3296,22.6349],[-99.3214,22.6167],[-99.3286,22.6087],[-99.314,22.6099],[-99.2887,22.5558],[-99.2368,22.4129],[-99.1206,22.4066],[-99.0604,22.4153],[-98.932,22.3928],[-98.9255,22.3717],[-98.9123,22.3738],[-98.89,22.3551],[-98.8723,22.3674],[-98.8215,22.3563],[-98.758,22.3665],[-98.7459,22.3809],[-98.6767,22.4089],[-98.6708,22.4054],[-98.6815,22.3716],[-98.5793,22.3778],[-98.5793,22.3486],[-98.5352,22.3379],[-98.5256,22.3188],[-98.5061,22.316],[-98.4759,22.2886],[-98.4645,22.3035],[-98.4467,22.3056],[-98.4277,22.2835],[-98.4304,22.2746],[-98.4076,22.2842],[-98.3964,22.2763],[-98.4064,22.2694],[-98.4051,22.2561],[-98.3681,22.2554],[-98.3746,22.2361],[-98.326,22.2431],[-98.3523,22.2228],[-98.3304,22.2013],[-98.3365,22.1877],[-98.432,22.1283],[-98.4387,22.1119],[-98.4188,22.098],[-98.4395,22.0756],[-98.4346,22.0517],[-98.4464,22.0422],[-98.4595,21.9952],[-98.4723,21.988],[-98.4763,21.9996],[-98.4815,21.9905],[-98.4688,21.9646],[-98.4932,21.9604],[-98.522,21.9794],[-98.5507,21.9608],[-98.5788,21.9661],[-98.566,21.9376],[-98.5513,21.9337],[-98.5156,21.9513],[-98.5031,21.9366],[-98.5005,21.9231],[-98.5438,21.9321],[-98.5459,21.9173],[-98.5149,21.9176],[-98.5108,21.9087],[-98.5202,21.897],[-98.5382,21.9058],[-98.548,21.8601],[-98.5289,21.8632],[-98.5145,21.8239],[-98.4863,21.8363],[-98.4931,21.8139],[-98.475,21.8142],[-98.4547,21.7664],[-98.4676,21.7707],[-98.4837,21.7522],[-98.4769,21.7452],[-98.4915,21.7351],[-98.5042,21.738],[-98.4989,21.7272],[-98.5127,21.7266],[-98.5167,21.7169],[-98.5374,21.7206],[-98.5205,21.7102],[-98.5307,21.6973],[-98.5438,21.7234],[-98.5674,21.7174],[-98.5722,21.7092],[-98.5588,21.7035],[-98.5583,21.6877],[-98.5792,21.6719],[-98.5978,21.6689],[-98.622,21.6824],[-98.625,21.6731],[-98.6095,21.6672],[-98.6206,21.6531],[-98.6332,21.6539],[-98.6436,21.6317],[-98.6211,21.6278],[-98.6257,21.5855],[-98.6054,21.5669],[-98.6022,21.5404],[-98.5323,21.5011],[-98.5356,21.4925],[-98.5169,21.4607],[-98.5216,21.4047],[-98.5034,21.3915],[-98.5158,21.3723],[-98.5074,21.37],[-98.5114,21.3625],[-98.5496,21.3846],[-98.5677,21.3708],[-98.5901,21.3728],[-98.5992,21.3584],[-98.644,21.3665],[-98.6528,21.3468],[-98.6751,21.3498],[-98.6836,21.342],[-98.6489,21.3129],[-98.6047,21.3018],[-98.5955,21.2846],[-98.6089,21.2527],[-98.5994,21.2477],[-98.6036,21.2184],[-98.618,21.1943],[-98.6507,21.1809],[-98.6827,21.2006],[-98.6946,21.1822],[-98.6912,21.1667],[-98.7018,21.1608],[-98.7052,21.1872],[-98.7277,21.1795],[-98.7416,21.1928],[-98.7465,21.1843],[-98.7673,21.1844],[-98.7729,21.172],[-98.7808,21.186],[-98.798,21.1833],[-98.7974,21.1913],[-98.8081,21.1932],[-98.7986,21.1781],[-98.7901,21.179],[-98.7888,21.1664],[-98.8212,21.1604],[-98.8509,21.1759],[-98.8574,21.1893],[-98.8827,21.1796],[-98.8851,21.1963],[-98.9151,21.2252],[-98.8989,21.2313],[-98.8999,21.2386],[-98.9229,21.2467],[-98.9177,21.2555],[-98.9293,21.2927],[-98.9403,21.2946],[-98.945,21.3113],[-99.0435,21.2794],[-99.0614,21.2795],[-99.083,21.2963],[-99.1043,21.2896],[-99.1058,21.302],[-99.1276,21.3183],[-99.1029,21.3212],[-99.1378,21.3298],[-99.1295,21.362],[-99.0926,21.3634],[-99.0981,21.4084],[-99.126,21.4605],[-99.1423,21.5354],[-99.1283,21.5898],[-99.1719,21.627],[-99.1882,21.67]],[[-101.2701,22.6577],[-101.2724,22.6596],[-101.2619,22.6508],[-101.2701,22.6577]]]}},{"type":"Feature","properties":{"cve_ent":"25","nombre":"Sinaloa"},"geometry":{"type":"MultiPolygon","coordinates":[[[[-107.1584,25.263],[-107.1211,25.2431],[-107.132,25.2267],[-107.1488,25.2245],[-107.1249,25.1866],[-107.1299,25.0531],[-107.0636,25.0253],[-107.0604,25.0024],[-107.0183,24.9336],[-107.0251,24.9284],[-107.0211,24.9099],[-107.0006,24.9282],[-106.9345,24.8805],[-106.9271,24.8666],[-106.9514,24.859],[-106.9307,24.8209],[-106.9193,24.814],[-106.9029,24.8284],[-106.8659,24.823],[-106.7059,24.6653],[-106.6836,24.5985],[-106.6455,24.529],[-106.6226,24.5249],[-106.6301,24.5065],[-106.6004,24.4832],[-106.5937,24.4951],[-106.56,24.4727],[-106.5693,24.437],[-106.6016,24.4146],[-106.528,24.2951],[-106.4697,24.2779],[-106.3675,24.3019],[-106.3363,24.3557],[-106.2689,24.3748],[-106.1944,24.3518],[-106.17,24.3337],[-106.1525,24.3388],[-106.0758,24.2714],[-106.0699,24.2202],[-106.0439,24.2209],[-106.0286,24.1803],[-106.0032,24.1468],[-106.004,24.1205],[-105.9896,24.1139],[-106.0079,24.0725],[-105.9987,24.0434],[-105.9795,24.042],[-105.9598,24.0174],[-105.9121,23.9975],[-105.9085,23.9834],[-105.9454,23.948],[-105.8999,23.9439],[-105.8576,23.8993],[-105.8672,23.8752],[-105.9537,23.9086],[-105.9613,23.8407],[-105.9393,23.7914],[-105.9288,23.7866],[-105.9231,23.7478],[-105.9061,23.7394],[-105.9266,23.6841],[-105.9089,23.5883],[-105.8927,23.5526],[-105.8843,23.5904],[-105.8536,23.5973],[-105.8452,23.5837],[-105.8455,23.6033],[-105.8116,23.611],[-105.8066,23.5889],[-105.7693,23.5565],[-105.7569,23.5249],[-105.7603,23.503],[-105.7234,23.4748],[-105.7389,23.4452],[-105.7283,23.429],[-105.7003,23.4202],[-105.7224,23.386],[-105.7173,23.3786],[-105.7307,23.3749],[-105.7122,23.3643],[-105.7152,23.3502],[-105.694,23.3406],[-105.7022,23.3327],[-105.6923,23.311],[-105.6995,23.3077],[-105.6874,23.3071],[-105.694,23.3013],[-105.6871,23.2875],[-105.6432,23.2765],[-105.6468,23.2534],[-105.6423,23.2381],[-105.6303,23.2356],[-105.6297,23.2023],[-105.6407,23.1855],[-105.633,23.1734],[-105.6369,23.1559],[-105.6462,23.1489],[-105.624,23.1224],[-105.5543,23.0989],[-105.504,23.1277],[-105.4244,23.1203],[-105.3988,23.1022],[-105.3922,23.0852],[-105.413,23.0741],[-105.409,23.0236],[-105.4326,23.024],[-105.4533,22.9774],[-105.5013,22.9586],[-105.4987,22.9336],[-105.4712,22.8833],[-105.4842,22.8587],[-105.4746,22.8514],[-105.5248,22.7748],[-105.5141,22.7593],[-105.5229,22.7243],[-105.4981,22.6514],[-105.464,22.6592],[-105.4604,22.6475],[-105.4727,22.6272],[-105.4505,22.6268],[-105.456,22.5987],[-105.4376,22.5849],[-105.4363,22.5383],[-105.4608,22.5086],[-105.4741,22.5029],[-105.5032,22.5277],[-105.5096,22.517],[-105.5336,22.515],[-105.5399,22.5356],[-105.5525,22.5391],[-105.5983,22.5367],[-105.6005,22.5589],[-105.622,22.5714],[-105.6309,22.593],[-105.6422,22.5939],[-105.6392,22.577],[-105.6606,22.5864],[-105.7001,22.5639],[-105.6752,22.5072],[-105.6726,22.4741],[-105.6925,22.4672],[-105.7141,22.4749],[-105.7502,22.5393],[-105.7596,22.5376],[-105.8094,22.637],[-105.8743,22.7114],[-105.9582,22.7861],[-106.0345,22.8297],[-106.182,22.9986],[-106.3414,23.1406],[-106.3982,23.1839],[-106.43,23.1766],[-106.431,23.2029],[-106.4219,23.2159],[-106.4536,23.2414],[-106.4704,23.2808],[-106.4939,23.304],[-106.4803,23.3145],[-106.4855,23.3338],[-106.5434,23.4067],[-106.627,23.4782],[-106.6278,23.4968],[-106.6822,23.541],[-106.6955,23.5697],[-106.8109,23.6527],[-106.7957,23.6832],[-106.847,23.7401],[-106.8448,23.7553],[-106.8818,23.7953],[-106.8933,23.8417],[-107.0116,23.9528],[-107.1962,24.0936],[-107.2031,24.1019],[-107.1956,24.1034],[-107.219,24.1214],[-107.4052,24.232],[-107.475,24.2922],[-107.6494,24.407],[-107.8206,24.5007],[-107.8252,24.508],[-107.8172,24.5167],[-107.8285,24.5215],[-107.8408,24.5503],[-107.9848,24.6398],[-108.0189,24.6816],[-108.0262,24.7363],[-108.0695,24.7799],[-108.0908,24.8161],[-108.118,24.8286],[-108.2278,25.0183],[-108.2785,25.0696],[-108.3423,25.1115],[-108.3344,25.1248],[-108.3575,25.1692],[-108.3846,25.1873],[-108.389,25.1855],[-108.4503,25.2566],[-108.544,25.3047],[-108.6469,25.3421],[-108.8015,25.3736],[-108.9278,25.4249],[-109.021,25.4383],[-109.0364,25.4622],[-109.0807,25.4927],[-109.1192,25.545],[-109.1617,25.5618],[-109.1867,25.5988],[-109.2281,25.6268],[-109.3001,25.6455],[-109.397,25.6384],[-109.3905,25.6696],[-109.4325,25.8071],[-109.4212,25.8607],[-109.4447,25.9479],[-109.4341,25.9979],[-109.4031,26.0649],[-109.3103,26.2025],[-109.2894,26.2752],[-109.2519,26.3122],[-109.2583,26.3199],[-109.2468,26.316],[-109.2025,26.3445],[-109.1649,26.3068],[-109.1252,26.297],[-109.0967,26.3121],[-109.0742,26.3535],[-109.0064,26.4024],[-108.9365,26.3902],[-108.9101,26.4217],[-108.8814,26.4063],[-108.8603,26.4328],[-108.8761,26.4476],[-108.8378,26.4725],[-108.8475,26.4872],[-108.9147,26.4795],[-108.8913,26.4896],[-108.8732,26.5511],[-108.8064,26.5706],[-108.7877,26.5653],[-108.7766,26.5801],[-108.7343,26.5936],[-108.6788,26.587],[-108.679,26.6429],[-108.6577,26.6691],[-108.6304,26.6766],[-108.636,26.6905],[-108.6284,26.7184],[-108.601,26.7272],[-108.5942,26.7592],[-108.5783,26.7628],[-108.5808,26.7896],[-108.554,26.7799],[-108.5369,26.7984],[-108.5554,26.8116],[-108.557,26.8238],[-108.5351,26.841],[-108.5221,26.8797],[-108.467,26.9707],[-108.4243,26.9762],[-108.5025,26.9874],[-108.5063,27.0031],[-108.4842,27.0174],[-108.4917,27.0314],[-108.4858,27.0375],[-108.4755,27.0399],[-108.4713,27.0305],[-108.4643,27.0401],[-108.4548,27.027],[-108.4096,27.0134],[-108.3501,27.0226],[-108.3333,27.0046],[-108.322,27.0089],[-108.326,27.0205],[-108.3166,27.0345],[-108.3034,27.0366],[-108.2842,27.0125],[-108.2504,27.041],[-108.2259,27.0272],[-108.1988,27.0352],[-108.1815,26.9941],[-108.235,26.9586],[-108.225,26.9229],[-108.2302,26.9057],[-108.2097,26.8854],[-108.2028,26.8906],[-108.2074,26.906],[-108.1839,26.8997],[-108.1745,26.8815],[-108.1686,26.8951],[-108.1431,26.9079],[-108.1442,26.8676],[-108.0941,26.8705],[-108.0268,26.7985],[-108.0376,26.7698],[-108.0143,26.7732],[-108.0057,26.761],[-108.0192,26.7307],[-108.0068,26.7155],[-108.0117,26.6895],[-108.0317,26.668],[-108.0816,26.642],[-108.0746,26.628],[-108.0516,26.6298],[-108.0318,26.6159],[-108.0325,26.6032],[-108.0122,26.5914],[-107.9897,26.548],[-107.961,26.527],[-107.9573,26.4937],[-107.9856,26.4721],[-107.9696,26.4702],[-108.0128,26.439],[-107.8563,26.226],[-107.854,26.1965],[-107.8399,26.1829],[-107.8228,26.1876],[-107.7889,26.1686],[-107.7807,26.1369],[-107.7552,26.1345],[-107.7387,26.1672],[-107.7174,26.1647],[-107.7111,26.1744],[-107.6357,26.1546],[-107.582,26.1706],[-107.5433,26.1463],[-107.52,26.1042],[-107.5061,26.1158],[-107.4922,26.1115],[-107.46,26.1383],[-107.431,26.1429],[-107.3465,26.1095],[-107.3049,26.0764],[-107.3067,26.0488],[-107.2763,26.002],[-107.28,25.9581],[-107.2961,25.9248],[-107.2425,25.8924],[-107.2465,25.8778],[-107.2069,25.8639],[-107.2089,25.8563],[-107.0579,25.7574],[-107.0642,25.7191],[-107.0431,25.6977],[-107.0107,25.6915],[-106.9903,25.7149],[-106.9653,25.6979],[-106.9669,25.6683],[-106.9944,25.6618],[-106.9733,25.6296],[-107.1246,25.5504],[-107.1383,25.5522],[-107.1387,25.5601],[-107.1739,25.5566],[-107.1695,25.5325],[-107.1781,25.5152],[-107.1663,25.503],[-107.1477,25.505],[-107.1393,25.4896],[-107.1511,25.4767],[-107.1587,25.442],[-107.1849,25.4368],[-107.2101,25.4171],[-107.1716,25.3264],[-107.2078,25.3316],[-107.1584,25.263]]],[[[-108.3668,25.158],[-108.3541,25.1618],[-108.3687,25.1489],[-108.372,25.1522],[-108.3735,25.1531],[-108.3763,25.1569],[-108.3778,25.1582],[-108.3771,25.167],[-108.3717,25.1571],[-108.363,25.1686],[-108.3668,25.158]]],[[[-108.3793,25.171],[-108.3807,25.1612],[-108.3785,25.1601],[-108.3777,25.1578],[-108.3743,25.1539],[-108.373,25.1526],[-108.3721,25.1521],[-108.3689,25.1488],[-108.3841,25.1602],[-108.3809,25.1816],[-108.3793,25.171]]],[[[-108.3798,25.1837],[-108.3791,25.1713],[-108.3807,25.1806],[-108.3798,25.1837]]],[[[-106.4131,23.173],[-106.413,23.1733],[-106.4129,23.1731],[-106.4131,23.173]]],[[[-106.4044,23.1801],[-106.4028,23.1797],[-106.4039,23.1784],[-106.4044,23.1801]]],[[[-106.4406,23.1847],[-106.4393,23.184],[-106.4406,23.1838],[-106.4406,23.1847]]],[[[-106.4361,23.1868],[-106.4366,23.1877],[-106.4359,23.1875],[-106.4361,23.1868]]],[[[-106.4633,23.2246],[-106.4654,23.226],[-106.4635,23.2277],[-106.4633,23.2246]]],[[[-106.4713,23.2341],[-106.4623,23.2309],[-106.464,23.2278],[-106.4713,23.2341]]],[[[-106.4794,23.2567],[-106.4736,23.2515],[-106.4795,23.2504],[-106.4794,23.2567]]]]}},{"type":"Feature","properties":{"cve_ent":"26","nombre":"Sonora"},"geometry":{"type":"MultiPolygon","coordinates":[[[[-111.0595,27.9296],[-111.0593,27.9309],[-111.0585,27.9299],[-111.0595,27.9296]]],[[[-111.0507,27.9357],[-111.0518,27.9356],[-111.0514,27.9365],[-111.0507,27.9357]]],[[[-111.0509,27.94],[-111.0523,27.9406],[-111.0523,27.9416],[-111.0509,27.94]]],[[[-111.1209,27.9531],[-111.1248,27.9527],[-111.1192,27.9596],[-111.1209,27.9531]]],[[[-111.3914,27.9834],[-111.3742,27.971],[-111.3671,27.9527],[-111.3884,27.971],[-111.3914,27.9834]]],[[[-112.5492,28.7292],[-112.5421,28.7109],[-112.5539,28.672],[-112.6057,28.6677],[-112.6122,28.7266],[-112.5492,28.7292]]],[[[-112.298,28.7291],[-112.283,28.7145],[-112.2862,28.7093],[-112.298,28.7291]]],[[[-111.9658,28.8094],[-111.9729,28.8107],[-111.9639,28.8163],[-111.9658,28.8094]]],[[[-110.5879,27.5175],[-110.6193,27.6018],[-110.6232,27.6188],[-110.6157,27.6202],[-110.6236,27.6223],[-110.6009,27.7005],[-110.6133,27.773],[-110.6158,27.7983],[-110.6148,27.8103],[-110.6123,27.8154],[-110.6113,27.8157],[-110.6144,27.7957],[-110.5862,27.8323],[-110.591,27.8423],[-110.589,27.8456],[-110.5803,27.8333],[-110.5674,27.8411],[-110.5584,27.8318],[-110.5201,27.8453],[-110.5782,27.8824],[-110.6319,27.8825],[-110.6488,27.9038],[-110.6654,27.8953],[-110.6487,27.8922],[-110.609,27.858],[-110.6572,27.8899],[-110.727,27.9084],[-110.7958,27.9189],[-110.8532,27.9123],[-110.7996,27.9213],[-110.8121,27.9233],[-110.8282,27.9543],[-110.8541,27.9468],[-110.8662,27.9157],[-110.8897,27.9215],[-110.9069,27.8977],[-110.8958,27.8938],[-110.886,27.9056],[-110.8845,27.8963],[-110.8654,27.9032],[-110.8557,27.8998],[-110.867,27.8953],[-110.8588,27.8957],[-110.8709,27.8841],[-110.864,27.8781],[-110.8812,27.8637],[-110.8758,27.8513],[-110.8899,27.8395],[-110.9036,27.867],[-110.926,27.8677],[-110.9329,27.8814],[-110.9504,27.8683],[-110.949,27.8889],[-110.9666,27.9052],[-110.9474,27.9115],[-110.9469,27.9219],[-110.97,27.9274],[-110.9845,27.9586],[-111.0253,27.9625],[-111.0579,27.9375],[-111.0537,27.9485],[-111.0654,27.9529],[-111.0601,27.9273],[-111.0662,27.9406],[-111.1057,27.9361],[-111.1041,27.9447],[-111.0939,27.9444],[-111.0913,27.9451],[-111.0908,27.9467],[-111.0994,27.9613],[-111.1169,27.9605],[-111.1229,27.9789],[-111.1316,27.9748],[-111.1379,27.9849],[-111.1738,27.9915],[-111.2117,28.0417],[-111.2421,28.0497],[-111.243,28.0581],[-111.2553,28.0544],[-111.2521,28.0635],[-111.2823,28.0904],[-111.2937,28.1309],[-111.3307,28.158],[-111.3327,28.1909],[-111.3437,28.2093],[-111.3771,28.2188],[-111.3734,28.2341],[-111.3887,28.2491],[-111.3904,28.2708],[-111.4084,28.2731],[-111.4573,28.316],[-111.4568,28.3544],[-111.4686,28.3719],[-111.6445,28.4435],[-111.7101,28.4569],[-111.7157,28.4946],[-111.7372,28.5219],[-111.7744,28.6071],[-111.9082,28.7024],[-111.9522,28.7591],[-111.9215,28.7666],[-111.9006,28.7871],[-111.8997,28.7844],[-111.9048,28.7808],[-111.9055,28.7779],[-111.8988,28.7825],[-111.8907,28.7739],[-111.8885,28.7596],[-111.8765,28.7438],[-111.854,28.7601],[-111.8649,28.7795],[-111.8442,28.7922],[-111.8443,28.8039],[-111.8631,28.7931],[-111.8892,28.7934],[-111.8736,28.8108],[-111.8895,28.816],[-111.8867,28.8254],[-111.9013,28.8216],[-111.8925,28.8054],[-111.9055,28.7964],[-111.8979,28.813],[-111.9132,28.8111],[-111.9126,28.822],[-111.9194,28.8211],[-111.9271,28.8132],[-111.9147,28.79],[-111.9698,28.8421],[-112.031,28.8591],[-112.0346,28.8801],[-112.0517,28.8897],[-112.0477,28.8988],[-112.0863,28.9252],[-112.102,28.9553],[-112.1723,28.969],[-112.1504,28.9887],[-112.1594,29.0113],[-112.1667,29.0096],[-112.1706,29.0715],[-112.1879,29.0727],[-112.1653,29.1142],[-112.1845,29.1522],[-112.2005,29.157],[-112.1995,29.1762],[-112.2298,29.1785],[-112.209,29.2422],[-112.2318,29.305],[-112.2571,29.3272],[-112.2911,29.331],[-112.3462,29.3136],[-112.3349,29.2918],[-112.353,29.321],[-112.4104,29.3452],[-112.4215,29.3761],[-112.3827,29.4487],[-112.3808,29.4867],[-112.4289,29.5192],[-112.4363,29.5597],[-112.5069,29.6204],[-112.5441,29.6897],[-112.5805,29.7115],[-112.6066,29.7794],[-112.6518,29.8345],[-112.6509,29.8624],[-112.6654,29.8911],[-112.6839,29.9043],[-112.6975,29.8958],[-112.6942,29.9063],[-112.7306,29.9029],[-112.747,29.9144],[-112.7331,30.0006],[-112.7616,30.0627],[-112.7524,30.1622],[-112.7615,30.2017],[-112.8179,30.2639],[-112.8647,30.2683],[-112.8511,30.2847],[-112.8463,30.3334],[-112.8661,30.4158],[-112.8971,30.4583],[-112.9787,30.5293],[-112.9803,30.5419],[-112.9858,30.5348],[-112.9984,30.5483],[-113.0849,30.6798],[-113.1272,30.812],[-113.1011,30.8909],[-113.0965,30.97],[-113.1284,31.0589],[-113.1206,31.0647],[-113.1171,31.0353],[-113.0919,30.9953],[-113.062,31.0334],[-113.059,31.0723],[-113.081,31.1388],[-113.0775,31.1517],[-113.0896,31.1557],[-113.1103,31.1996],[-113.1204,31.1917],[-113.1891,31.2228],[-113.2072,31.2405],[-113.2551,31.2405],[-113.4325,31.284],[-113.5454,31.2963],[-113.5529,31.3035],[-113.5438,31.3039],[-113.5436,31.3083],[-113.5584,31.3178],[-113.6246,31.328],[-113.6439,31.3432],[-113.6123,31.3434],[-113.6092,31.3641],[-113.6358,31.4298],[-113.6294,31.452],[-113.641,31.4812],[-113.6804,31.5148],[-113.7633,31.5506],[-113.7767,31.5645],[-113.8101,31.567],[-113.8525,31.5954],[-113.8737,31.5886],[-113.8975,31.6069],[-113.92,31.5983],[-113.9794,31.6314],[-113.9737,31.5783],[-113.9615,31.5769],[-113.9562,31.5624],[-113.9797,31.5474],[-113.9868,31.5295],[-114.0198,31.5299],[-114.0259,31.4922],[-114.1699,31.498],[-114.2827,31.5462],[-114.3324,31.5968],[-114.4495,31.6483],[-114.462,31.6678],[-114.497,31.6762],[-114.5143,31.6945],[-114.5076,31.6945],[-114.5263,31.7008],[-114.554,31.7355],[-114.5828,31.7522],[-114.6192,31.7629],[-114.6928,31.7631],[-114.7227,31.7771],[-114.7602,31.8183],[-114.8189,31.8209],[-114.8449,31.8646],[-114.9108,31.8678],[-114.9136,31.8813],[-114.9379,31.8908],[-114.9451,31.9101],[-114.9655,31.9184],[-114.9674,31.9969],[-114.957,32.0386],[-114.9897,32.1464],[-114.9753,32.178],[-115.053,32.2452],[-115.0364,32.2778],[-114.9666,32.3388],[-114.9685,32.3907],[-114.9545,32.3934],[-114.9615,32.4117],[-114.9319,32.4397],[-114.935,32.4819],[-114.8815,32.4922],[-114.8484,32.4734],[-114.8167,32.4823],[-114.8136,32.4939],[-114.7835,32.4856],[-112.394,31.7501],[-111.075,31.3326],[-108.7559,31.3324],[-108.8172,31.239],[-108.8798,31.2388],[-108.9066,31.2081],[-108.9003,31.2025],[-108.8607,31.2189],[-108.8483,31.1951],[-108.805,31.193],[-108.835,31.1693],[-108.8456,31.1356],[-108.77,31.1025],[-108.7662,31.0736],[-108.7299,31.0522],[-108.7525,31.0338],[-108.6844,31.0337],[-108.6838,31.006],[-108.8033,31.0048],[-108.8024,30.9041],[-108.9392,30.9076],[-108.9298,30.861],[-108.9355,30.7736],[-108.9483,30.7369],[-108.919,30.7394],[-108.8869,30.7193],[-108.8669,30.6894],[-108.8765,30.6246],[-108.8306,30.6017],[-108.762,30.5873],[-108.7565,30.5961],[-108.7267,30.5945],[-108.7274,30.5805],[-108.6874,30.5548],[-108.6778,30.5571],[-108.6741,30.5323],[-108.662,30.5219],[-108.6571,30.4703],[-108.6648,30.4682],[-108.6038,30.4651],[-108.6136,30.4357],[-108.6487,30.4169],[-108.6198,30.3748],[-108.6221,30.3403],[-108.58,30.3375],[-108.5422,30.2835],[-108.5505,30.2666],[-108.6202,30.2982],[-108.6117,30.1023],[-108.6182,30.0895],[-108.6069,30.0286],[-108.6155,29.9659],[-108.6287,29.953],[-108.6149,29.8951],[-108.6217,29.8782],[-108.6072,29.8471],[-108.6357,29.8297],[-108.6294,29.8063],[-108.6186,29.8005],[-108.5413,29.7961],[-108.535,29.7514],[-108.5408,29.7362],[-108.5928,29.7284],[-108.5925,29.7176],[-108.6591,29.7161],[-108.6183,29.6605],[-108.655,29.6494],[-108.6411,29.5889],[-108.6595,29.584],[-108.6383,29.5583],[-108.6623,29.5445],[-108.6487,29.5091],[-108.6252,29.501],[-108.644,29.4888],[-108.6896,29.484],[-108.6943,29.4671],[-108.7178,29.466],[-108.6697,29.3074],[-108.6822,29.2674],[-108.7303,29.2691],[-108.7619,29.2539],[-108.7412,29.2404],[-108.7354,29.2177],[-108.7398,29.2008],[-108.7539,29.2001],[-108.7453,29.1623],[-108.7289,29.1718],[-108.6985,29.1277],[-108.7296,29.0965],[-108.7275,29.0858],[-108.7094,29.083],[-108.7131,29.0704],[-108.7244,29.0699],[-108.6981,28.9363],[-108.7098,28.8895],[-108.6782,28.8633],[-108.6578,28.8092],[-108.6238,28.8061],[-108.6363,28.7919],[-108.6456,28.7947],[-108.6433,28.7651],[-108.5838,28.7401],[-108.5802,28.6324],[-108.5644,28.6127],[-108.5614,28.5912],[-108.5313,28.5567],[-108.5233,28.5059],[-108.5077,28.5082],[-108.5048,28.4934],[-108.5204,28.4598],[-108.5041,28.4544],[-108.5155,28.4263],[-108.4797,28.3696],[-108.5014,28.3557],[-108.5217,28.3651],[-108.5196,28.3348],[-108.5509,28.3181],[-108.6035,28.3476],[-108.6112,28.3353],[-108.6362,28.3352],[-108.6413,28.2916],[-108.6558,28.3018],[-108.6619,28.2955],[-108.6872,28.3035],[-108.751,28.2716],[-108.7967,28.2672],[-108.7917,28.2536],[-108.8304,28.265],[-108.8561,28.2515],[-108.8807,28.2647],[-108.922,28.2515],[-108.9673,28.265],[-108.994,28.298],[-108.9871,28.2778],[-108.9974,28.2551],[-109.0228,28.2775],[-109.0407,28.267],[-109.0458,28.2812],[-109.0687,28.2861],[-109.0584,28.2673],[-109.0749,28.2726],[-109.062,28.1992],[-109.0729,28.1486],[-109.0489,28.0927],[-109.0319,28.0183],[-108.9917,27.98],[-108.9637,27.9725],[-108.9265,27.9406],[-108.9149,27.854],[-108.8691,27.8393],[-108.8861,27.8137],[-108.9105,27.8091],[-108.9203,27.784],[-108.8955,27.7448],[-108.833,27.7443],[-108.817,27.7322],[-108.8074,27.738],[-108.7993,27.723],[-108.7845,27.7305],[-108.7844,27.7149],[-108.766,27.7058],[-108.7728,27.6965],[-108.7493,27.6647],[-108.7542,27.6367],[-108.7399,27.6],[-108.7128,27.5662],[-108.6524,27.537],[-108.653,27.469],[-108.6616,27.4647],[-108.6334,27.4281],[-108.6291,27.3829],[-108.591,27.3181],[-108.6644,27.2394],[-108.6626,27.2195],[-108.6475,27.1867],[-108.6532,27.1761],[-108.6443,27.1788],[-108.6114,27.1541],[-108.597,27.0769],[-108.6062,27.0636],[-108.6023,27.0369],[-108.5625,27.046],[-108.5722,27.0127],[-108.5518,26.9971],[-108.4243,26.9762],[-108.467,26.9707],[-108.5221,26.8797],[-108.5351,26.841],[-108.557,26.8238],[-108.5554,26.8116],[-108.5369,26.7984],[-108.554,26.7799],[-108.5808,26.7896],[-108.5783,26.7628],[-108.5942,26.7592],[-108.601,26.7272],[-108.6284,26.7184],[-108.636,26.6905],[-108.6304,26.6766],[-108.6577,26.6691],[-108.679,26.6429],[-108.6788,26.587],[-108.7343,26.5936],[-108.7766,26.5801],[-108.7877,26.5653],[-108.8064,26.5706],[-108.8732,26.5511],[-108.8913,26.4896],[-108.9147,26.4795],[-108.8475,26.4872],[-108.8378,26.4725],[-108.8761,26.4476],[-108.8603,26.4328],[-108.8814,26.4063],[-108.9101,26.4217],[-108.9365,26.3902],[-109.0064,26.4024],[-109.0742,26.3535],[-109.0967,26.3121],[-109.1252,26.297],[-109.1649,26.3068],[-109.2025,26.3445],[-109.2476,26.316],[-109.2612,26.3252],[-109.2552,26.4501],[-109.286,26.5355],[-109.3167,26.5719],[-109.3582,26.5992],[-109.4046,26.6546],[-109.485,26.6828],[-109.43,26.6712],[-109.431,26.6898],[-109.4416,26.6945],[-109.4325,26.7189],[-109.4715,26.7169],[-109.4831,26.7443],[-109.5082,26.7219],[-109.513,26.7548],[-109.5281,26.7591],[-109.5561,26.717],[-109.5396,26.7046],[-109.5281,26.7119],[-109.5087,26.7046],[-109.5423,26.6937],[-109.4936,26.6785],[-109.4964,26.6702],[-109.5551,26.6882],[-109.6238,26.6955],[-109.6562,26.6914],[-109.6692,26.6734],[-109.7734,26.71],[-109.851,26.7925],[-109.8903,26.9225],[-109.9442,26.9921],[-109.9417,27.018],[-109.9672,27.0542],[-110.0212,27.078],[-110.0451,27.0844],[-110.0565,27.0782],[-110.1038,27.1083],[-110.3067,27.1554],[-110.4324,27.268],[-110.5238,27.2931],[-110.504,27.3003],[-110.4628,27.2933],[-110.4436,27.3024],[-110.4748,27.312],[-110.461,27.3293],[-110.4817,27.3259],[-110.4746,27.348],[-110.4802,27.3746],[-110.5039,27.3872],[-110.5258,27.374],[-110.5365,27.3727],[-110.525,27.375],[-110.5258,27.3908],[-110.5134,27.3917],[-110.5091,27.4006],[-110.5234,27.3983],[-110.5112,27.4123],[-110.5225,27.4049],[-110.5248,27.4079],[-110.5262,27.4161],[-110.5272,27.4161],[-110.5273,27.3967],[-110.5314,27.3977],[-110.5276,27.3984],[-110.5297,27.4042],[-110.5312,27.4043],[-110.5565,27.3954],[-110.5596,27.4108],[-110.5405,27.4125],[-110.5476,27.4141],[-110.5404,27.4143],[-110.5363,27.4215],[-110.5525,27.4173],[-110.5391,27.4327],[-110.5477,27.4342],[-110.5583,27.4193],[-110.5634,27.4282],[-110.5556,27.4409],[-110.5732,27.4393],[-110.5727,27.4507],[-110.5371,27.4573],[-110.5825,27.4562],[-110.5905,27.4417],[-110.5879,27.5175]],[[-110.8277,27.9563],[-110.8484,27.985],[-110.852,27.9774],[-110.8619,27.9814],[-110.8662,27.9814],[-110.8543,27.9665],[-110.8695,27.9692],[-110.8561,27.9588],[-110.8277,27.9563]],[[-110.8449,27.9528],[-110.8281,27.9546],[-110.8278,27.955],[-110.8392,27.9546],[-110.8449,27.9528]]],[[[-112.2864,29.2316],[-112.2953,29.2219],[-112.2815,29.2224],[-112.2794,29.2065],[-112.2612,29.1928],[-112.2705,29.1858],[-112.2635,29.1785],[-112.2747,29.1655],[-112.2743,29.1372],[-112.232,29.0922],[-112.2224,29.0607],[-112.1948,29.021],[-112.1946,29.0055],[-112.2115,28.9928],[-112.2166,28.9606],[-112.197,28.9783],[-112.1889,28.9767],[-112.2146,28.9567],[-112.2297,28.9038],[-112.2419,28.8904],[-112.2395,28.8714],[-112.2571,28.8576],[-112.2749,28.8165],[-112.2732,28.7834],[-112.2528,28.7672],[-112.2812,28.7678],[-112.3102,28.7468],[-112.3284,28.7635],[-112.3596,28.7597],[-112.3649,28.7739],[-112.3837,28.776],[-112.4071,28.7994],[-112.4617,28.8027],[-112.4721,28.8215],[-112.4939,28.8226],[-112.5019,28.8371],[-112.5843,28.8767],[-112.5173,28.9155],[-112.4898,28.9492],[-112.4902,28.9829],[-112.5064,29.0139],[-112.5059,29.063],[-112.494,29.0737],[-112.4778,29.1674],[-112.4568,29.1945],[-112.4355,29.2001],[-112.4091,29.186],[-112.36,29.2202],[-112.3173,29.2204],[-112.2864,29.2316]]],[[[-114.6126,31.7555],[-114.5957,31.7473],[-114.6147,31.728],[-114.6845,31.7567],[-114.6126,31.7555]]],[[[-110.5953,27.4166],[-110.6027,27.3616],[-110.5826,27.3461],[-110.5773,27.3325],[-110.5854,27.3219],[-110.5319,27.3027],[-110.5343,27.2883],[-110.6017,27.3187],[-110.6061,27.3468],[-110.5953,27.4166]]],[[[-110.9512,27.868],[-110.9507,27.8677],[-110.9511,27.8674],[-110.9512,27.868]]],[[[-110.9528,27.8758],[-110.953,27.8764],[-110.9524,27.8768],[-110.9528,27.8758]]],[[[-110.8596,27.8808],[-110.8639,27.8747],[-110.866,27.8746],[-110.8596,27.8808]]],[[[-110.9553,27.8844],[-110.9559,27.8845],[-110.9551,27.885],[-110.9553,27.8844]]],[[[-110.8335,27.9019],[-110.8435,27.8866],[-110.8482,27.8885],[-110.8335,27.9019]]],[[[-110.9007,27.8987],[-110.9011,27.8996],[-110.9003,27.8993],[-110.9007,27.8987]]],[[[-110.899,27.9004],[-110.8985,27.901],[-110.8984,27.9004],[-110.899,27.9004]]],[[[-110.9684,27.9091],[-110.9703,27.9086],[-110.9709,27.9092],[-110.9684,27.9091]]],[[[-110.8809,27.9108],[-110.88,27.9081],[-110.8821,27.9085],[-110.8809,27.9108]]],[[[-110.8742,27.912],[-110.871,27.9083],[-110.875,27.9066],[-110.8742,27.912]]],[[[-110.9919,27.926],[-110.9918,27.9253],[-110.9924,27.9257],[-110.9919,27.926]]],[[[-110.9906,27.9354],[-110.9911,27.9329],[-110.993,27.9352],[-110.9906,27.9354]]],[[[-111.0293,27.953],[-111.0291,27.9485],[-111.0321,27.9471],[-111.0293,27.953]]]]}},{"type":"Feature","properties":{"cve_ent":"27","nombre":"Tabasco"},"geometry":{"type":"Polygon","coordinates":[[[-92.8339,17.4822],[-92.8499,17.469],[-92.8598,17.5003],[-92.8874,17.5105],[-92.9129,17.4982],[-92.9392,17.5024],[-92.9469,17.4821],[-92.968,17.518],[-92.9849,17.5113],[-92.9926,17.53],[-92.9805,17.5376],[-93.0053,17.5548],[-93.0045,17.5796],[-93.0417,17.6129],[-93.0451,17.6671],[-93.0371,17.7034],[-93.0577,17.7202],[-93.0426,17.7684],[-93.0278,17.7716],[-93.012,17.7937],[-93.0254,17.8254],[-93.0431,17.8426],[-93.1016,17.8458],[-93.1156,17.8222],[-93.1318,17.8523],[-93.1236,17.8745],[-93.092,17.8866],[-93.0914,17.8976],[-93.1291,17.9079],[-93.146,17.9199],[-93.1451,17.9324],[-93.1831,17.9403],[-93.192,17.9561],[-93.2074,17.9606],[-93.2409,17.9501],[-93.2783,17.9853],[-93.298,17.9386],[-93.3409,17.9303],[-93.336,17.905],[-93.3506,17.8761],[-93.3343,17.8517],[-93.3493,17.8154],[-93.3406,17.7981],[-93.3666,17.8029],[-93.3809,17.7832],[-93.3431,17.7875],[-93.3491,17.7671],[-93.3905,17.7734],[-93.3739,17.733],[-93.3543,17.7129],[-93.3563,17.648],[-93.3848,17.6444],[-93.385,17.6342],[-93.4096,17.6193],[-93.4205,17.59],[-93.4459,17.586],[-93.4517,17.5465],[-93.4841,17.5499],[-93.5025,17.4995],[-93.5149,17.4903],[-93.506,17.4773],[-93.5152,17.4405],[-93.6079,17.3149],[-93.6244,17.3225],[-93.6274,17.3128],[-93.6359,17.3144],[-93.6454,17.3291],[-93.635,17.3377],[-93.6949,17.3878],[-93.673,17.4199],[-93.6576,17.4169],[-93.6382,17.4361],[-93.6452,17.4424],[-93.6366,17.4553],[-93.6504,17.4589],[-93.6393,17.4596],[-93.6241,17.4935],[-93.6373,17.5098],[-93.625,17.5146],[-93.6273,17.5317],[-93.6136,17.5525],[-93.6567,17.5553],[-93.6776,17.5859],[-93.6995,17.596],[-93.6997,17.6137],[-93.7097,17.6116],[-93.7132,17.6307],[-93.7192,17.6335],[-93.7147,17.6209],[-93.7329,17.6258],[-93.7327,17.6492],[-93.7466,17.6601],[-93.7385,17.6794],[-93.7567,17.6769],[-93.7518,17.684],[-93.7598,17.6851],[-93.765,17.6746],[-93.7726,17.6927],[-93.8052,17.6894],[-93.807,17.7059],[-93.8223,17.6996],[-93.8266,17.7192],[-93.843,17.7114],[-93.865,17.7222],[-93.87,17.7135],[-93.8837,17.7355],[-93.8696,17.7393],[-93.877,17.7566],[-93.9223,17.7463],[-93.9401,17.7532],[-93.9353,17.7591],[-93.9561,17.7817],[-93.9506,17.8004],[-93.9632,17.7995],[-93.9568,17.8106],[-93.968,17.8179],[-93.9583,17.8197],[-93.965,17.83],[-93.9574,17.8253],[-93.956,17.8334],[-93.9678,17.8453],[-93.9846,17.8516],[-93.9879,17.8344],[-93.9946,17.846],[-93.9956,17.8366],[-94.0259,17.8404],[-94.0375,17.8627],[-94.0332,17.8726],[-94.0626,17.8631],[-94.0834,17.8699],[-94.0793,17.891],[-94.092,17.9619],[-94.0735,17.9878],[-94.0685,17.9796],[-94.0614,17.9881],[-94.0665,18.0094],[-94.0837,18.0065],[-94.0744,18.0586],[-94.0972,18.0786],[-94.0811,18.0958],[-94.1004,18.1259],[-94.0947,18.1607],[-94.1047,18.174],[-94.1269,18.1683],[-94.13,18.2129],[-93.8477,18.2982],[-93.8462,18.3061],[-93.5855,18.3921],[-93.4399,18.4272],[-93.2139,18.447],[-93.205,18.4412],[-93.2105,18.4305],[-93.1928,18.4436],[-93.1943,18.4334],[-93.1868,18.4312],[-93.1837,18.4377],[-93.1903,18.4379],[-93.1895,18.4476],[-93.1984,18.4532],[-93.1898,18.4486],[-93.1851,18.4413],[-93.0999,18.4432],[-93.0359,18.4319],[-92.898,18.4432],[-92.8294,18.4683],[-92.7737,18.5051],[-92.7226,18.5588],[-92.6916,18.618],[-92.6297,18.6145],[-92.4688,18.651],[-92.4657,18.6166],[-92.4262,18.557],[-92.4264,18.515],[-92.4141,18.4873],[-92.3643,18.4637],[-92.3583,18.4444],[-92.3487,18.4431],[-92.3225,18.4731],[-92.3103,18.4556],[-92.1761,18.4582],[-92.1819,18.3759],[-92.1714,18.339],[-92.1804,18.2898],[-92.1744,18.2933],[-92.173,18.2753],[-92.1832,18.2741],[-92.1489,18.2104],[-92.1644,18.1979],[-92.1609,18.1554],[-92.1101,18.0944],[-92.0816,18.0857],[-92.0768,18.0943],[-92.0399,18.098],[-92.0421,18.0783],[-92.0282,18.0772],[-92.0144,18.0526],[-91.9922,18.0393],[-91.9788,18.0428],[-91.9667,18.016],[-91.9004,18.0121],[-91.8672,17.9833],[-91.8046,17.9726],[-91.7623,17.939],[-91.7605,17.9576],[-91.7251,17.9245],[-91.6388,17.874],[-91.6331,17.905],[-91.6127,17.9129],[-91.6247,17.9491],[-91.6095,18.0984],[-91.5898,18.108],[-91.5953,18.1252],[-91.5722,18.142],[-91.58,18.1582],[-91.5528,18.1582],[-91.5345,18.1462],[-91.5093,18.1711],[-91.5019,18.1556],[-91.5152,18.155],[-91.5165,18.1305],[-91.5057,18.13],[-91.504,18.1165],[-91.4773,18.1128],[-91.4334,18.0821],[-91.3986,18.08],[-91.3844,18.0641],[-91.3594,18.0704],[-91.327,18.0627],[-91.2175,17.975],[-91.1447,17.9752],[-91.1511,17.9627],[-91.1332,17.958],[-91.1307,17.9823],[-91.1136,17.9759],[-91.1202,17.9634],[-90.988,17.9625],[-90.9956,17.8755],[-90.9877,17.8754],[-90.9875,17.251],[-91.4397,17.251],[-91.4252,17.3023],[-91.4126,17.3075],[-91.3903,17.2993],[-91.3837,17.3112],[-91.397,17.3379],[-91.4168,17.3456],[-91.4198,17.3741],[-91.4393,17.3843],[-91.4565,17.3757],[-91.505,17.3995],[-91.5099,17.3922],[-91.5368,17.4074],[-91.5372,17.4197],[-91.5579,17.4222],[-91.5588,17.4005],[-91.5797,17.4073],[-91.6202,17.4317],[-91.6433,17.431],[-91.672,17.4441],[-91.6652,17.4617],[-91.7001,17.4675],[-91.6628,17.4798],[-91.6343,17.5346],[-91.6388,17.5815],[-91.6636,17.6122],[-91.6446,17.6219],[-91.6599,17.6304],[-91.6528,17.6386],[-91.6643,17.6667],[-91.6547,17.6762],[-91.673,17.6835],[-91.6814,17.6701],[-91.6937,17.685],[-91.701,17.6789],[-91.704,17.6922],[-91.7171,17.6877],[-91.7175,17.6984],[-91.7333,17.6966],[-91.7388,17.7108],[-91.7482,17.7002],[-91.7679,17.7031],[-91.7766,17.7154],[-91.7805,17.7078],[-91.7865,17.719],[-91.8307,17.7377],[-91.8103,17.7513],[-91.7902,17.746],[-91.7823,17.7825],[-91.7924,17.8245],[-91.7797,17.8513],[-91.8044,17.8689],[-91.8099,17.8982],[-91.8497,17.8829],[-91.8942,17.8875],[-91.9181,17.8995],[-91.9281,17.8708],[-91.9484,17.8633],[-91.9568,17.8799],[-91.9403,17.9074],[-91.9785,17.9137],[-91.9999,17.9433],[-91.9913,17.9196],[-92.0034,17.8905],[-92.0155,17.8975],[-92.0197,17.8878],[-92.0718,17.8777],[-92.0525,17.8672],[-92.0494,17.8548],[-92.0563,17.8468],[-92.0905,17.8566],[-92.102,17.8509],[-92.1055,17.8129],[-92.1205,17.796],[-92.1466,17.8147],[-92.1271,17.7859],[-92.136,17.779],[-92.1308,17.7661],[-92.1517,17.7646],[-92.1525,17.7791],[-92.172,17.7866],[-92.2261,17.7488],[-92.2746,17.6923],[-92.3281,17.7137],[-92.3499,17.7028],[-92.3492,17.6547],[-92.3581,17.642],[-92.3507,17.6179],[-92.4021,17.578],[-92.4368,17.5701],[-92.52,17.573],[-92.5301,17.55],[-92.558,17.5402],[-92.5714,17.5496],[-92.597,17.5204],[-92.5941,17.493],[-92.6058,17.4774],[-92.6489,17.4607],[-92.6594,17.4443],[-92.6682,17.4567],[-92.6788,17.3785],[-92.7295,17.3481],[-92.755,17.3434],[-92.7587,17.3582],[-92.7707,17.3604],[-92.7673,17.3834],[-92.7908,17.405],[-92.7858,17.4175],[-92.8294,17.4086],[-92.8292,17.3963],[-92.8543,17.4112],[-92.8562,17.4189],[-92.8258,17.4238],[-92.8196,17.4327],[-92.8339,17.4822]]]}},{"type":"Feature","properties":{"cve_ent":"28","nombre":"Tamaulipas"},"geometry":{"type":"Polygon","coordinates":[[[-99.1372,22.4075],[-99.2368,22.4129],[-99.2887,22.5558],[-99.314,22.6099],[-99.3286,22.6087],[-99.3214,22.6167],[-99.3296,22.6349],[-99.3732,22.6291],[-99.3856,22.6703],[-99.4421,22.6636],[-99.4771,22.7406],[-99.4968,22.7485],[-99.5443,22.7441],[-99.4945,22.6209],[-99.5347,22.6128],[-99.5606,22.6412],[-99.6825,22.6811],[-99.7241,22.6596],[-99.7548,22.6566],[-99.785,22.6685],[-99.814,22.6608],[-99.8479,22.6784],[-99.8428,22.7306],[-99.8824,22.7499],[-99.957,22.7517],[-100.0223,22.7259],[-100.0941,22.7513],[-100.1019,22.7628],[-100.0294,22.8244],[-100.0442,22.9179],[-100.1104,22.9167],[-100.1108,22.9757],[-100.0894,22.9688],[-100.0975,23.0131],[-100.0717,22.9974],[-100.0618,23.012],[-100.0621,23.0398],[-100.0114,23.0654],[-100.069,23.0959],[-100.0687,23.1212],[-100.1156,23.126],[-100.1102,23.1511],[-100.119,23.1524],[-100.1183,23.2005],[-100.1097,23.1997],[-100.078,23.306],[-100.145,23.3395],[-100.0803,23.3957],[-99.9825,23.3924],[-99.9213,23.3792],[-99.9612,23.5569],[-99.8607,23.7745],[-99.769,23.7845],[-99.6022,23.7629],[-99.5767,23.7755],[-99.4938,23.8787],[-99.4569,23.8661],[-99.4869,23.9605],[-99.52,23.9906],[-99.5409,23.9973],[-99.5419,24.0336],[-99.5709,24.0394],[-99.6571,24.118],[-99.6478,24.2181],[-99.5943,24.3309],[-99.5899,24.3961],[-99.6364,24.5067],[-99.7198,24.4837],[-99.733,24.554],[-99.6094,24.6225],[-99.5761,24.6236],[-99.5572,24.6087],[-99.5462,24.6131],[-99.5451,24.6265],[-99.5379,24.6224],[-99.4995,24.6413],[-99.5007,24.6792],[-99.4777,24.7126],[-99.4481,24.7322],[-99.4307,24.7258],[-99.4229,24.7368],[-99.3894,24.7398],[-99.3644,24.7718],[-99.3317,24.7762],[-99.2972,24.7941],[-99.2949,24.8041],[-99.2129,24.7717],[-99.182,24.776],[-99.2074,24.8614],[-99.1589,24.916],[-99.1809,25.0115],[-99.1649,25.0295],[-99.1565,25.0278],[-99.167,25.0463],[-99.1606,25.0553],[-99.1351,25.0504],[-99.0976,25.0631],[-99.0977,25.078],[-99.0819,25.0737],[-99.0715,25.0961],[-99.0779,25.1014],[-99.0525,25.1271],[-99.0288,25.1104],[-99.0295,25.0964],[-99.0142,25.0806],[-99.0191,25.0699],[-98.9342,25.0728],[-98.9343,25.0802],[-98.4231,25.4475],[-98.4216,25.4894],[-98.5818,25.4894],[-98.5851,26.0179],[-98.8232,26.0476],[-98.9008,25.9683],[-99.0239,26.1041],[-99.025,26.0934],[-99.045,26.0987],[-99.0625,26.0907],[-99.0625,26.0801],[-99.0765,26.0719],[-99.0933,26.0705],[-99.0977,26.0807],[-99.1309,26.0688],[-99.1263,26.054],[-99.1601,26.0612],[-99.1978,26.2587],[-99.26,26.2528],[-99.3642,26.3293],[-99.4012,26.3048],[-99.4309,26.3513],[-99.4098,26.4428],[-99.3968,26.5966],[-99.5383,26.6646],[-99.6592,26.6704],[-99.6572,26.6951],[-99.6186,26.7265],[-99.6229,26.7692],[-99.6129,26.7916],[-99.5808,26.8301],[-99.591,26.8625],[-99.6112,26.8735],[-99.6271,26.8705],[-99.63,26.8903],[-99.6443,26.8856],[-99.6614,26.9008],[-99.6872,26.8945],[-99.694,26.9093],[-99.6979,26.8986],[-99.7099,26.9059],[-99.7104,26.8968],[-99.7211,26.8965],[-99.724,26.9061],[-99.7443,26.9122],[-99.7477,26.9002],[-99.7667,26.8898],[-99.7701,26.9284],[-99.7342,26.9206],[-99.6501,27.0659],[-99.6589,27.0882],[-99.6789,27.1024],[-99.7477,27.2772],[-99.7604,27.437],[-99.9192,27.4915],[-99.9264,27.5492],[-99.7281,27.6791],[-99.7055,27.6553],[-99.6905,27.6691],[-99.6638,27.6574],[-99.6581,27.6478],[-99.6663,27.6364],[-99.6555,27.6293],[-99.6272,27.63],[-99.6243,27.6441],[-99.5959,27.6398],[-99.5771,27.6183],[-99.5842,27.6035],[-99.5548,27.6144],[-99.5115,27.5661],[-99.5282,27.4982],[-99.4934,27.4976],[-99.4788,27.4795],[-99.4953,27.4466],[-99.4876,27.411],[-99.5079,27.3535],[-99.5045,27.3388],[-99.5381,27.3165],[-99.5279,27.3048],[-99.4946,27.3038],[-99.4876,27.2942],[-99.4966,27.2729],[-99.4909,27.2627],[-99.462,27.2684],[-99.4418,27.2508],[-99.4454,27.2232],[-99.4326,27.2099],[-99.4262,27.1761],[-99.44,27.1511],[-99.431,27.1252],[-99.4425,27.1068],[-99.4287,27.0916],[-99.4527,27.0641],[-99.4457,27.0219],[-99.4298,27.0105],[-99.4154,27.0174],[-99.3765,26.9769],[-99.3938,26.9602],[-99.385,26.9396],[-99.3242,26.9159],[-99.3288,26.8796],[-99.3171,26.8655],[-99.2946,26.865],[-99.268,26.8426],[-99.262,26.8149],[-99.2425,26.7873],[-99.2396,26.7453],[-99.2086,26.7244],[-99.2,26.6558],[-99.1782,26.6209],[-99.1715,26.5432],[-99.1278,26.5253],[-99.1043,26.4991],[-99.0916,26.4753],[-99.1136,26.4325],[-99.084,26.3976],[-99.0618,26.3977],[-99.0373,26.4136],[-99.0108,26.3923],[-98.9878,26.3917],[-98.9744,26.4013],[-98.9546,26.3945],[-98.9561,26.3771],[-98.9432,26.3694],[-98.9267,26.3946],[-98.9222,26.3788],[-98.9013,26.3711],[-98.8961,26.3531],[-98.8608,26.3662],[-98.8436,26.3586],[-98.8242,26.3709],[-98.8046,26.3676],[-98.7885,26.3305],[-98.7507,26.3312],[-98.7361,26.3083],[-98.755,26.3076],[-98.7509,26.296],[-98.7281,26.299],[-98.7167,26.2861],[-98.7025,26.2871],[-98.7016,26.2775],[-98.7197,26.2726],[-98.6811,26.2629],[-98.6706,26.237],[-98.6346,26.2423],[-98.6244,26.2597],[-98.6163,26.2465],[-98.5857,26.2577],[-98.5801,26.2354],[-98.5663,26.2416],[-98.5627,26.2244],[-98.5457,26.2365],[-98.5542,26.2478],[-98.5354,26.2257],[-98.5223,26.2357],[-98.5246,26.2213],[-98.5006,26.2223],[-98.507,26.2093],[-98.4849,26.2125],[-98.4814,26.2006],[-98.4818,26.2193],[-98.4606,26.2261],[-98.4545,26.2167],[-98.4441,26.2242],[-98.4439,26.2005],[-98.4028,26.1815],[-98.3873,26.1584],[-98.3664,26.1577],[-98.3598,26.1725],[-98.3521,26.1511],[-98.3462,26.1657],[-98.3357,26.1658],[-98.3379,26.1494],[-98.3265,26.1429],[-98.3356,26.1383],[-98.3053,26.1029],[-98.2977,26.1034],[-98.3036,26.11],[-98.2969,26.1203],[-98.2663,26.1209],[-98.2705,26.1066],[-98.2884,26.1047],[-98.2495,26.0722],[-98.2202,26.0763],[-98.1936,26.0531],[-98.1871,26.0644],[-98.1769,26.0607],[-98.1766,26.0753],[-98.158,26.0636],[-98.1617,26.054],[-98.1508,26.058],[-98.1469,26.0491],[-98.1319,26.0743],[-98.1297,26.0632],[-98.1046,26.0677],[-98.0936,26.0586],[-98.0813,26.0713],[-98.0701,26.0515],[-98.0802,26.0416],[-98.0729,26.0364],[-98.0622,26.0463],[-98.0387,26.0414],[-98.0279,26.067],[-98.0211,26.0586],[-98.012,26.0661],[-98.0119,26.0561],[-97.9802,26.0672],[-97.9659,26.0517],[-97.9511,26.0622],[-97.9336,26.053],[-97.9336,26.0656],[-97.9271,26.0548],[-97.8871,26.0666],[-97.869,26.0568],[-97.8614,26.07],[-97.861,26.053],[-97.8343,26.0456],[-97.8193,26.0566],[-97.8124,26.0441],[-97.8011,26.0602],[-97.7888,26.0494],[-97.7973,26.0393],[-97.7779,26.0292],[-97.7693,26.0359],[-97.7768,26.0443],[-97.768,26.0473],[-97.7615,26.0256],[-97.7214,26.0313],[-97.7205,26.023],[-97.7071,26.0377],[-97.6916,26.0188],[-97.6933,26.0324],[-97.6757,26.0258],[-97.6626,26.0381],[-97.6681,26.0194],[-97.6516,26.0159],[-97.6464,26.0274],[-97.6399,26.024],[-97.6378,26.0138],[-97.6493,26.0104],[-97.6357,26.0001],[-97.6271,26.0061],[-97.6273,25.9965],[-97.6184,26.0023],[-97.6205,25.9922],[-97.6344,25.99],[-97.6079,25.9768],[-97.6021,25.9574],[-97.5821,25.9624],[-97.5781,25.9421],[-97.5679,25.9525],[-97.5664,25.9447],[-97.5833,25.9332],[-97.5617,25.9257],[-97.5523,25.9372],[-97.5437,25.9234],[-97.5373,25.9308],[-97.5431,25.9201],[-97.53,25.9199],[-97.5333,25.9084],[-97.5213,25.8863],[-97.4982,25.8992],[-97.4972,25.8799],[-97.469,25.8889],[-97.4706,25.8754],[-97.4555,25.8841],[-97.4567,25.8686],[-97.4446,25.8678],[-97.4541,25.8543],[-97.4245,25.8404],[-97.4124,25.8411],[-97.4095,25.8623],[-97.4079,25.8452],[-97.3987,25.8503],[-97.4062,25.8379],[-97.3726,25.8401],[-97.3642,25.8509],[-97.3762,25.8556],[-97.3567,25.8674],[-97.3594,25.8798],[-97.3742,25.8803],[-97.3564,25.8878],[-97.375,25.9083],[-97.3479,25.9313],[-97.3261,25.9175],[-97.3032,25.937],[-97.2768,25.9352],[-97.2893,25.954],[-97.284,25.9593],[-97.2475,25.948],[-97.2086,25.9639],[-97.1886,25.9537],[-97.1755,25.9658],[-97.158,25.9612],[-97.1595,25.9491],[-97.146,25.9523],[-97.1513,25.8268],[-97.1823,25.6788],[-97.201,25.6283],[-97.4064,25.2756],[-97.4202,25.2437],[-97.412,25.2341],[-97.4278,25.2344],[-97.413,25.2306],[-97.4254,25.2334],[-97.4415,25.2109],[-97.5077,25.0645],[-97.5863,24.8433],[-97.6869,24.4506],[-97.7273,24.092],[-97.7374,23.9429],[-97.7318,23.7717],[-97.7685,23.3777],[-97.7604,23.0554],[-97.7659,22.895],[-97.7889,22.7906],[-97.845,22.6603],[-97.8593,22.5664],[-97.8548,22.5041],[-97.8503,22.493],[-97.8335,22.493],[-97.8586,22.4895],[-97.8575,22.4822],[-97.8344,22.4822],[-97.8583,22.4762],[-97.8452,22.4054],[-97.8118,22.3069],[-97.7833,22.2648],[-97.773,22.2669],[-97.8321,22.2381],[-97.8449,22.207],[-97.895,22.2224],[-97.9179,22.24],[-97.9168,22.2526],[-97.9346,22.2546],[-97.9317,22.271],[-97.9567,22.2939],[-97.9827,22.3026],[-97.9927,22.2928],[-98.0003,22.2974],[-97.9989,22.3143],[-97.984,22.3047],[-97.9705,22.3281],[-97.99,22.3509],[-98.0285,22.3584],[-98.0743,22.3478],[-98.086,22.3702],[-98.1062,22.3667],[-98.1135,22.3953],[-98.189,22.4253],[-98.1897,22.4418],[-98.1999,22.449],[-98.195,22.4696],[-98.207,22.464],[-98.2198,22.4718],[-98.2324,22.4613],[-98.2479,22.4717],[-98.2566,22.4534],[-98.2729,22.4473],[-98.2874,22.467],[-98.301,22.4612],[-98.3168,22.4686],[-98.3122,22.4452],[-98.3274,22.4265],[-98.3127,22.4143],[-98.3188,22.3907],[-98.3277,22.3987],[-98.3523,22.3887],[-98.3552,22.4074],[-98.3746,22.3896],[-98.3878,22.3893],[-98.3886,22.4243],[-98.4095,22.3999],[-98.419,22.4127],[-98.4331,22.4136],[-98.4338,22.4329],[-98.461,22.4122],[-98.4668,22.4288],[-98.4904,22.4278],[-98.4921,22.4195],[-98.505,22.4295],[-98.5133,22.413],[-98.5461,22.4002],[-98.5898,22.3944],[-98.6138,22.4089],[-98.6269,22.4022],[-98.6382,22.4145],[-98.6658,22.4037],[-98.6771,22.4089],[-98.7459,22.3809],[-98.7564,22.3669],[-98.8215,22.3563],[-98.8527,22.3684],[-98.89,22.3551],[-98.9123,22.3738],[-98.9255,22.3717],[-98.932,22.3928],[-99.0604,22.4153],[-99.1372,22.4075]]]}},{"type":"Feature","properties":{"cve_ent":"29","nombre":"Tlaxcala"},"geometry":{"type":"Polygon","coordinates":[[[-98.2637,19.1611],[-98.3122,19.1904],[-98.3239,19.1687],[-98.3427,19.1779],[-98.3307,19.2002],[-98.3689,19.2261],[-98.3645,19.2331],[-98.3804,19.2617],[-98.4101,19.2913],[-98.4077,19.3159],[-98.4413,19.3253],[-98.4703,19.3608],[-98.5232,19.4609],[-98.5703,19.4668],[-98.5913,19.4492],[-98.6294,19.457],[-98.6341,19.4678],[-98.6532,19.466],[-98.7084,19.5476],[-98.6814,19.5983],[-98.6533,19.6078],[-98.6347,19.5978],[-98.6098,19.602],[-98.5799,19.6374],[-98.5664,19.6411],[-98.5504,19.6186],[-98.5356,19.6344],[-98.5192,19.6024],[-98.4916,19.6074],[-98.4902,19.62],[-98.3817,19.6094],[-98.3238,19.6853],[-98.3209,19.701],[-98.33,19.699],[-98.3321,19.7217],[-98.3111,19.7277],[-98.2553,19.7188],[-98.2411,19.6758],[-98.1898,19.671],[-98.1874,19.6797],[-98.1656,19.6675],[-98.1437,19.6836],[-98.1177,19.6883],[-98.101,19.668],[-98.0828,19.7008],[-98.0646,19.7087],[-98.0608,19.7289],[-98.0364,19.6858],[-98.0422,19.6402],[-97.9807,19.6285],[-97.9505,19.6028],[-97.9467,19.5856],[-97.9161,19.594],[-97.9079,19.5794],[-97.8718,19.5618],[-97.8717,19.5322],[-97.8897,19.5046],[-97.8487,19.4828],[-97.8623,19.4562],[-97.7945,19.4984],[-97.7969,19.4724],[-97.778,19.4729],[-97.7707,19.4566],[-97.7548,19.4575],[-97.7473,19.4363],[-97.7245,19.4316],[-97.7055,19.3936],[-97.6813,19.3883],[-97.6739,19.3675],[-97.6536,19.3538],[-97.6314,19.3554],[-97.6387,19.3383],[-97.6264,19.3239],[-97.6909,19.2859],[-97.7196,19.3048],[-97.7383,19.2871],[-97.7451,19.3053],[-97.7714,19.2838],[-97.8005,19.3016],[-97.8393,19.3014],[-97.8384,19.2873],[-97.8597,19.2872],[-97.8703,19.2706],[-97.8541,19.2573],[-97.8705,19.2401],[-97.8604,19.2441],[-97.851,19.2229],[-97.8932,19.2003],[-97.8898,19.187],[-97.9282,19.1642],[-97.9986,19.1983],[-98.0317,19.2309],[-98.0415,19.2102],[-98.1003,19.1634],[-98.1102,19.1432],[-98.1647,19.1055],[-98.2043,19.1149],[-98.1916,19.1219],[-98.1907,19.14],[-98.2172,19.1349],[-98.2302,19.1567],[-98.2637,19.1611]]]}},{"type":"Feature","properties":{"cve_ent":"30","nombre":"Veracruz"},"geometry":{"type":"MultiPolygon","coordinates":[[[[-97.502,20.1485],[-97.4946,20.1456],[-97.4983,20.1335],[-97.5396,20.116],[-97.5482,20.1012],[-97.5576,20.1072],[-97.5613,20.086],[-97.586,20.0793],[-97.5957,20.0969],[-97.5787,20.1025],[-97.6027,20.1193],[-97.6045,20.1669],[-97.6328,20.1832],[-97.6524,20.1636],[-97.6868,20.1658],[-97.6987,20.1824],[-97.7205,20.1892],[-97.7315,20.1813],[-97.7415,20.1922],[-97.7307,20.2052],[-97.7351,20.2424],[-97.7573,20.2791],[-97.7409,20.2746],[-97.7084,20.2853],[-97.7043,20.3032],[-97.6814,20.3024],[-97.6773,20.313],[-97.6899,20.3201],[-97.6731,20.3366],[-97.6793,20.3499],[-97.7007,20.3199],[-97.7429,20.3512],[-97.7444,20.3801],[-97.7656,20.3812],[-97.7346,20.4513],[-97.7092,20.4551],[-97.6721,20.4085],[-97.6454,20.4083],[-97.6354,20.4522],[-97.5959,20.464],[-97.576,20.4909],[-97.541,20.4897],[-97.588,20.5611],[-97.6254,20.5636],[-97.6367,20.5537],[-97.6482,20.5663],[-97.659,20.5451],[-97.6848,20.5543],[-97.6852,20.5734],[-97.7019,20.5719],[-97.6934,20.6027],[-97.7154,20.6091],[-97.7045,20.6292],[-97.7373,20.6464],[-97.7495,20.6433],[-97.7521,20.6577],[-97.7381,20.663],[-97.7371,20.6797],[-97.7407,20.6897],[-97.7575,20.6935],[-97.753,20.7324],[-97.7228,20.75],[-97.726,20.7917],[-97.6952,20.8],[-97.7389,20.8015],[-97.773,20.8272],[-97.7904,20.8168],[-97.8138,20.8201],[-97.8303,20.808],[-97.8501,20.8169],[-97.8411,20.8393],[-97.8791,20.8343],[-97.9224,20.7165],[-97.8974,20.7032],[-97.9141,20.6886],[-97.9178,20.6712],[-97.9088,20.6672],[-97.9118,20.6535],[-97.8951,20.6227],[-97.9088,20.6081],[-97.9097,20.5864],[-97.9808,20.5407],[-97.9815,20.5257],[-97.9726,20.5232],[-97.9793,20.5149],[-98.0173,20.526],[-98.0083,20.5327],[-98.0287,20.5897],[-98.0177,20.6017],[-98.021,20.6268],[-98.04,20.6319],[-98.0749,20.6765],[-98.072,20.6577],[-98.0872,20.6229],[-98.1118,20.6159],[-98.115,20.6001],[-98.1269,20.5973],[-98.1187,20.5941],[-98.1216,20.5861],[-98.1302,20.5909],[-98.1477,20.5627],[-98.1537,20.5652],[-98.158,20.5426],[-98.1883,20.5232],[-98.2116,20.5287],[-98.2287,20.5208],[-98.2341,20.5062],[-98.2558,20.4999],[-98.2805,20.4694],[-98.3121,20.4498],[-98.321,20.418],[-98.3598,20.3998],[-98.3861,20.4027],[-98.4604,20.3314],[-98.5174,20.3369],[-98.549,20.3603],[-98.5431,20.3756],[-98.5497,20.4354],[-98.5973,20.4958],[-98.5576,20.5094],[-98.5347,20.5307],[-98.5122,20.5942],[-98.4802,20.589],[-98.4948,20.6443],[-98.4637,20.6672],[-98.4599,20.6962],[-98.4492,20.7009],[-98.4459,20.6943],[-98.4214,20.7443],[-98.4339,20.7432],[-98.4603,20.7133],[-98.5251,20.6818],[-98.5334,20.6627],[-98.5502,20.6894],[-98.5291,20.704],[-98.5302,20.7181],[-98.5064,20.7331],[-98.5145,20.7323],[-98.5167,20.7429],[-98.5081,20.7442],[-98.5036,20.7322],[-98.4497,20.7513],[-98.4646,20.7725],[-98.4506,20.8215],[-98.4306,20.8477],[-98.4029,20.8584],[-98.3797,20.8519],[-98.3711,20.8623],[-98.3575,20.8568],[-98.3451,20.8649],[-98.3529,20.836],[-98.3272,20.8294],[-98.3148,20.8098],[-98.3447,20.7975],[-98.3285,20.7841],[-98.3078,20.8019],[-98.2984,20.8014],[-98.3045,20.7827],[-98.2988,20.7778],[-98.2477,20.7894],[-98.2449,20.8022],[-98.2337,20.7976],[-98.2247,20.8182],[-98.2538,20.8215],[-98.2623,20.8469],[-98.2562,20.859],[-98.2655,20.8665],[-98.251,20.8973],[-98.2249,20.9064],[-98.2227,20.9184],[-98.2343,20.9158],[-98.2374,20.9348],[-98.2282,20.958],[-98.2144,20.956],[-98.215,20.9896],[-98.2006,20.9947],[-98.2016,21.0125],[-98.189,21.0183],[-98.1883,21.0313],[-98.1612,21.0191],[-98.1474,21.0784],[-98.1749,21.1062],[-98.2017,21.1061],[-98.1952,21.1204],[-98.2168,21.1515],[-98.2491,21.1294],[-98.2647,21.1412],[-98.2822,21.1364],[-98.2959,21.1536],[-98.2786,21.1726],[-98.2791,21.1928],[-98.2962,21.188],[-98.2979,21.1774],[-98.3159,21.1869],[-98.3508,21.1571],[-98.3662,21.1622],[-98.3802,21.1551],[-98.3868,21.1623],[-98.4164,21.155],[-98.4468,21.1798],[-98.4569,21.2148],[-98.4797,21.2239],[-98.4684,21.2497],[-98.5165,21.2443],[-98.544,21.2639],[-98.4956,21.3404],[-98.4852,21.3501],[-98.4648,21.3478],[-98.4687,21.387],[-98.4864,21.3985],[-98.5012,21.3855],[-98.5105,21.402],[-98.5192,21.4013],[-98.5246,21.4402],[-98.5169,21.4607],[-98.5356,21.4925],[-98.5323,21.5011],[-98.6022,21.5404],[-98.6054,21.5669],[-98.6257,21.5855],[-98.6211,21.6278],[-98.6436,21.6317],[-98.6332,21.6539],[-98.6206,21.6531],[-98.6095,21.6672],[-98.625,21.6731],[-98.622,21.6824],[-98.5978,21.6689],[-98.5792,21.6719],[-98.5583,21.6877],[-98.5588,21.7035],[-98.5722,21.7092],[-98.5674,21.7174],[-98.5438,21.7234],[-98.5307,21.6973],[-98.5205,21.7102],[-98.5374,21.7206],[-98.5167,21.7169],[-98.5127,21.7266],[-98.4989,21.7272],[-98.5042,21.738],[-98.4915,21.7351],[-98.4769,21.7452],[-98.4837,21.7522],[-98.4676,21.7707],[-98.4547,21.7664],[-98.475,21.8142],[-98.4931,21.8139],[-98.4863,21.8363],[-98.5145,21.8239],[-98.5289,21.8632],[-98.548,21.8601],[-98.5382,21.9058],[-98.5202,21.897],[-98.5108,21.9087],[-98.5149,21.9176],[-98.5459,21.9173],[-98.5438,21.9321],[-98.5005,21.9231],[-98.5031,21.9366],[-98.5156,21.9513],[-98.5513,21.9337],[-98.566,21.9376],[-98.5788,21.9661],[-98.5507,21.9608],[-98.522,21.9794],[-98.4932,21.9604],[-98.4688,21.9646],[-98.4815,21.9905],[-98.4763,21.9996],[-98.4723,21.988],[-98.4595,21.9952],[-98.4464,22.0422],[-98.4346,22.0517],[-98.4395,22.0756],[-98.4188,22.098],[-98.4387,22.1119],[-98.432,22.1283],[-98.3365,22.1877],[-98.3304,22.2013],[-98.3523,22.2228],[-98.326,22.2431],[-98.3746,22.2361],[-98.3681,22.2554],[-98.4051,22.2561],[-98.4064,22.2694],[-98.3964,22.2763],[-98.4076,22.2842],[-98.4304,22.2746],[-98.4277,22.2835],[-98.4467,22.3056],[-98.4645,22.3035],[-98.4759,22.2886],[-98.5061,22.316],[-98.5256,22.3188],[-98.5352,22.3379],[-98.5793,22.3486],[-98.5793,22.3778],[-98.6815,22.3716],[-98.6709,22.4057],[-98.6382,22.4145],[-98.6269,22.4022],[-98.6138,22.4089],[-98.5749,22.3939],[-98.5254,22.4068],[-98.5064,22.4293],[-98.4921,22.4195],[-98.4904,22.4278],[-98.4668,22.4288],[-98.461,22.4122],[-98.4372,22.4336],[-98.4331,22.4136],[-98.419,22.4127],[-98.4095,22.3999],[-98.3847,22.4223],[-98.3878,22.3893],[-98.3746,22.3896],[-98.3552,22.4074],[-98.3523,22.3887],[-98.3277,22.3987],[-98.3188,22.3907],[-98.3127,22.4143],[-98.3274,22.4265],[-98.3122,22.4452],[-98.3168,22.4686],[-98.301,22.4612],[-98.2874,22.467],[-98.2729,22.4473],[-98.2566,22.4534],[-98.2479,22.4717],[-98.2324,22.4613],[-98.2198,22.4718],[-98.207,22.464],[-98.195,22.4696],[-98.1999,22.449],[-98.1897,22.4418],[-98.189,22.4253],[-98.1135,22.3953],[-98.1062,22.3667],[-98.086,22.3702],[-98.0743,22.3478],[-98.0285,22.3584],[-97.99,22.3509],[-97.9705,22.3281],[-97.984,22.3047],[-97.9989,22.3143],[-98.0003,22.2974],[-97.9927,22.2928],[-97.9827,22.3026],[-97.9567,22.2939],[-97.9317,22.271],[-97.9346,22.2546],[-97.9168,22.2526],[-97.9179,22.24],[-97.895,22.2224],[-97.8449,22.207],[-97.8248,22.2441],[-97.7924,22.2604],[-97.7743,22.2639],[-97.7904,22.2599],[-97.7937,22.2497],[-97.7853,22.1663],[-97.7519,22.0621],[-97.6981,21.9565],[-97.5643,21.7708],[-97.3279,21.5672],[-97.3305,21.516],[-97.3506,21.4566],[-97.4144,21.3254],[-97.4202,21.2309],[-97.3263,21.0057],[-97.3017,20.9741],[-97.2971,20.9464],[-97.2052,20.7761],[-97.1937,20.7389],[-97.2012,20.7246],[-97.1775,20.6621],[-97.1124,20.5789],[-96.9857,20.4638],[-96.9241,20.382],[-96.7102,20.1652],[-96.5743,20.0052],[-96.5517,19.9545],[-96.4495,19.8492],[-96.4011,19.7253],[-96.4063,19.7004],[-96.3911,19.6773],[-96.3969,19.6498],[-96.3717,19.6014],[-96.379,19.5896],[-96.3756,19.5664],[-96.3126,19.4787],[-96.3087,19.4626],[-96.3193,19.4528],[-96.3217,19.4143],[-96.3004,19.3309],[-96.2501,19.2816],[-96.1647,19.2466],[-96.1538,19.2294],[-96.1716,19.2469],[-96.165,19.2194],[-96.1235,19.2139],[-96.1203,19.2036],[-96.1354,19.2141],[-96.1403,19.2101],[-96.1279,19.1954],[-96.1213,19.2008],[-96.1236,19.1796],[-96.0927,19.1515],[-96.105,19.1237],[-96.0994,19.0974],[-96.0826,19.0777],[-96.0315,19.0567],[-96.0073,19.0573],[-95.993,19.0643],[-95.9919,19.063],[-95.9814,19.0661],[-95.9782,19.0653],[-95.9579,18.9556],[-95.9417,18.9269],[-95.9408,18.9051],[-95.92,18.8781],[-95.8623,18.8325],[-95.7824,18.7997],[-95.7504,18.7954],[-95.7202,18.7688],[-95.6448,18.7358],[-95.4949,18.7129],[-95.2883,18.7167],[-95.2632,18.7057],[-95.2149,18.7032],[-95.189,18.7097],[-95.1676,18.6876],[-95.1307,18.6743],[-95.1216,18.6525],[-95.0795,18.6419],[-95.081,18.6308],[-95.0495,18.5997],[-95.0506,18.5839],[-95.0338,18.5723],[-94.988,18.5544],[-94.8166,18.5386],[-94.7875,18.5057],[-94.7737,18.4492],[-94.7438,18.4217],[-94.7365,18.3939],[-94.664,18.3384],[-94.6571,18.3116],[-94.6231,18.2871],[-94.6244,18.2535],[-94.607,18.204],[-94.5398,18.1612],[-94.4755,18.1506],[-94.42,18.1568],[-94.4157,18.1664],[-94.4156,18.1582],[-94.4076,18.1597],[-94.4127,18.1663],[-94.4124,18.1666],[-94.4061,18.1595],[-94.373,18.1614],[-94.13,18.2129],[-94.1269,18.1683],[-94.1047,18.174],[-94.0947,18.1607],[-94.1004,18.1259],[-94.0811,18.0958],[-94.0972,18.0786],[-94.0744,18.0586],[-94.0837,18.0065],[-94.0665,18.0094],[-94.0614,17.9881],[-94.0685,17.9796],[-94.0735,17.9878],[-94.092,17.9619],[-94.0793,17.891],[-94.0834,17.8699],[-94.0626,17.8631],[-94.0332,17.8726],[-94.0375,17.8627],[-94.0259,17.8404],[-93.9956,17.8366],[-93.9946,17.846],[-93.9879,17.8344],[-93.9846,17.8516],[-93.9678,17.8453],[-93.956,17.8334],[-93.9574,17.8253],[-93.965,17.83],[-93.9583,17.8197],[-93.968,17.8179],[-93.9568,17.8106],[-93.9632,17.7995],[-93.9506,17.8004],[-93.9561,17.7817],[-93.9353,17.7591],[-93.9401,17.7532],[-93.9223,17.7463],[-93.877,17.7566],[-93.8696,17.7393],[-93.8837,17.7355],[-93.87,17.7135],[-93.865,17.7222],[-93.843,17.7114],[-93.8266,17.7192],[-93.8223,17.6996],[-93.807,17.7059],[-93.8052,17.6894],[-93.7726,17.6927],[-93.765,17.6746],[-93.7598,17.6851],[-93.7518,17.684],[-93.7567,17.6769],[-93.7385,17.6794],[-93.7466,17.6601],[-93.7327,17.6492],[-93.7329,17.6258],[-93.7147,17.6209],[-93.7192,17.6335],[-93.7132,17.6307],[-93.7097,17.6116],[-93.6997,17.6137],[-93.6995,17.596],[-93.6776,17.5859],[-93.6565,17.5552],[-93.6318,17.5569],[-93.625,17.5487],[-93.6152,17.5551],[-93.6273,17.5317],[-93.625,17.5146],[-93.6373,17.5098],[-93.6241,17.4935],[-93.6393,17.4596],[-93.6477,17.4617],[-93.6504,17.4589],[-93.6366,17.4553],[-93.6452,17.4424],[-93.6382,17.4361],[-93.6576,17.4169],[-93.673,17.4199],[-93.6949,17.3878],[-93.635,17.3377],[-93.6452,17.3307],[-93.6415,17.318],[-93.6274,17.3128],[-93.6244,17.3225],[-93.6079,17.3149],[-93.6381,17.2909],[-93.6644,17.2862],[-93.6627,17.2563],[-93.763,17.2393],[-93.7725,17.2458],[-93.7886,17.2323],[-93.8014,17.2404],[-93.8271,17.1725],[-93.8609,17.1637],[-93.8674,17.137],[-94.9228,17.1938],[-94.9096,17.2428],[-94.8954,17.2564],[-94.9097,17.268],[-94.9013,17.2875],[-94.9148,17.2926],[-94.889,17.3001],[-94.8908,17.3111],[-94.9272,17.3251],[-94.951,17.3156],[-94.9665,17.3344],[-95.0766,17.3729],[-95.253,17.6078],[-95.2648,17.6016],[-95.2788,17.6132],[-95.2713,17.6247],[-95.2484,17.6256],[-95.259,17.629],[-95.2482,17.646],[-95.2419,17.635],[-95.2184,17.6393],[-95.2071,17.6543],[-95.1881,17.6507],[-95.1824,17.6911],[-95.2389,17.7393],[-95.2587,17.7285],[-95.269,17.7409],[-95.2656,17.7175],[-95.2792,17.7219],[-95.2922,17.7124],[-95.2978,17.7221],[-95.31,17.7086],[-95.3066,17.6972],[-95.3166,17.6976],[-95.3338,17.6752],[-95.3438,17.6837],[-95.3517,17.6718],[-95.3868,17.6639],[-95.4072,17.6433],[-95.413,17.6519],[-95.4255,17.6475],[-95.4268,17.6366],[-95.4561,17.6231],[-95.4545,17.6111],[-95.4731,17.6091],[-95.463,17.5964],[-95.4793,17.5878],[-95.4842,17.6019],[-95.5063,17.5908],[-95.5037,17.5838],[-95.514,17.5855],[-95.5174,17.5696],[-95.5311,17.5706],[-95.5251,17.5621],[-95.5315,17.5562],[-95.5555,17.5586],[-95.5594,17.547],[-95.5688,17.5512],[-95.5853,17.535],[-95.5988,17.5346],[-95.6051,17.549],[-95.6071,17.5398],[-95.645,17.5467],[-95.6536,17.5605],[-95.6485,17.5399],[-95.6852,17.5375],[-95.7021,17.5185],[-95.7066,17.534],[-95.7251,17.5362],[-95.7269,17.578],[-95.7716,17.5887],[-95.7715,17.5997],[-95.7818,17.603],[-95.793,17.6014],[-95.7919,17.5864],[-95.8075,17.5918],[-95.8035,17.6071],[-95.7737,17.6059],[-95.7811,17.6389],[-95.8033,17.6294],[-95.808,17.6468],[-95.8306,17.6526],[-95.844,17.6731],[-95.8675,17.6848],[-95.871,17.7022],[-95.8953,17.7045],[-95.894,17.7123],[-95.8734,17.7171],[-95.8728,17.7274],[-95.8926,17.7207],[-95.9029,17.7341],[-95.8929,17.7651],[-95.8664,17.7744],[-95.869,17.7966],[-95.8493,17.8258],[-95.8588,17.8448],[-95.8502,17.8445],[-95.7999,17.95],[-95.8332,18.129],[-95.9072,18.1356],[-95.9146,18.1522],[-95.9222,18.1411],[-95.9333,18.1417],[-95.9373,18.1566],[-95.9535,18.1599],[-95.9815,18.143],[-95.9911,18.1519],[-96.0257,18.1335],[-96.0469,18.1366],[-96.0514,18.1267],[-96.0664,18.1316],[-96.0842,18.1625],[-96.0992,18.1668],[-96.1143,18.1641],[-96.1241,18.1404],[-96.1542,18.1318],[-96.1883,18.1513],[-96.1872,18.1667],[-96.1702,18.1698],[-96.1707,18.1864],[-96.2175,18.162],[-96.231,18.1897],[-96.268,18.2245],[-96.2668,18.2457],[-96.2882,18.2598],[-96.2692,18.274],[-96.2786,18.2838],[-96.2708,18.2978],[-96.3099,18.3224],[-96.3173,18.3645],[-96.3351,18.3725],[-96.3311,18.3792],[-96.3453,18.3797],[-96.3526,18.4102],[-96.3617,18.4071],[-96.3892,18.4284],[-96.3893,18.4405],[-96.403,18.4399],[-96.4046,18.4678],[-96.418,18.4705],[-96.4112,18.4769],[-96.4208,18.5105],[-96.4471,18.5367],[-96.4611,18.573],[-96.4999,18.5895],[-96.5173,18.5816],[-96.5609,18.5877],[-96.683,18.6697],[-96.6887,18.6388],[-96.6725,18.6076],[-96.6938,18.5912],[-96.6888,18.5812],[-96.7021,18.5812],[-96.6909,18.568],[-96.6996,18.5533],[-96.7156,18.5732],[-96.7242,18.559],[-96.7118,18.5481],[-96.7269,18.5298],[-96.719,18.5221],[-96.7062,18.5263],[-96.7029,18.5103],[-96.688,18.5126],[-96.6815,18.5033],[-96.6911,18.4898],[-96.6825,18.4751],[-96.6929,18.4575],[-96.7053,18.4567],[-96.7097,18.43],[-96.681,18.4122],[-96.675,18.3842],[-96.6816,18.3756],[-96.6918,18.3808],[-96.6959,18.3648],[-96.6977,18.3821],[-96.7323,18.3737],[-96.741,18.3826],[-96.7249,18.4082],[-96.7591,18.4083],[-96.7709,18.423],[-96.7632,18.4271],[-96.781,18.4291],[-96.7848,18.4442],[-96.7754,18.4481],[-96.7958,18.4802],[-96.797,18.5119],[-96.8134,18.5176],[-96.8251,18.4981],[-96.8424,18.4934],[-96.8463,18.5054],[-96.8673,18.5146],[-96.8665,18.5267],[-96.8735,18.5232],[-96.8759,18.5351],[-96.8859,18.5334],[-96.8993,18.5486],[-96.9259,18.5349],[-96.9543,18.5538],[-96.9848,18.5312],[-96.9989,18.5319],[-97.0464,18.4996],[-97.08,18.4545],[-97.0835,18.4839],[-97.1446,18.5709],[-97.1414,18.5964],[-97.1744,18.6067],[-97.1969,18.6296],[-97.2152,18.6256],[-97.2354,18.6436],[-97.2523,18.6267],[-97.2719,18.6278],[-97.3032,18.6743],[-97.3232,18.6643],[-97.331,18.6831],[-97.344,18.6858],[-97.35,18.7171],[-97.3421,18.7258],[-97.3442,18.7494],[-97.3301,18.766],[-97.3402,18.7784],[-97.3548,18.7794],[-97.352,18.7929],[-97.3263,18.8102],[-97.3227,18.8351],[-97.3061,18.8434],[-97.2973,18.8673],[-97.2714,18.8908],[-97.2458,18.8933],[-97.2418,18.9021],[-97.2583,18.9777],[-97.2851,18.9994],[-97.2666,19.0303],[-97.2697,19.0631],[-97.2602,19.0986],[-97.1972,19.1466],[-97.2096,19.1599],[-97.1946,19.1718],[-97.1837,19.1627],[-97.1806,19.1693],[-97.1365,19.1601],[-97.1087,19.1684],[-97.0667,19.1595],[-97.0556,19.134],[-97.0271,19.1332],[-97.0421,19.1514],[-97.0414,19.1744],[-97.0562,19.1977],[-97.0012,19.2365],[-97.0044,19.2569],[-96.9859,19.2813],[-97.0035,19.2964],[-97.0148,19.2901],[-97.031,19.2973],[-97.0455,19.3213],[-97.0557,19.312],[-97.0712,19.3215],[-97.102,19.3036],[-97.1702,19.329],[-97.2003,19.3093],[-97.2156,19.3233],[-97.2047,19.33],[-97.2102,19.3594],[-97.2239,19.357],[-97.2336,19.3712],[-97.285,19.3916],[-97.3378,19.3925],[-97.3605,19.376],[-97.3717,19.4031],[-97.3941,19.4073],[-97.3974,19.4191],[-97.3815,19.4324],[-97.3573,19.4324],[-97.3469,19.451],[-97.3483,19.4846],[-97.3557,19.4929],[-97.4046,19.4959],[-97.4021,19.5154],[-97.4096,19.5373],[-97.4266,19.5417],[-97.4343,19.5888],[-97.4185,19.6272],[-97.4027,19.6153],[-97.3412,19.6758],[-97.3039,19.6712],[-97.3331,19.7168],[-97.3138,19.7351],[-97.3219,19.7348],[-97.32,19.7698],[-97.3046,19.8707],[-97.2905,19.8868],[-97.2918,19.9003],[-97.2558,19.9325],[-97.2692,19.947],[-97.2607,19.9773],[-97.2382,19.9887],[-97.2251,20.0095],[-97.2069,20.0147],[-97.2062,20.0564],[-97.1855,20.0623],[-97.174,20.0922],[-97.1224,20.1367],[-97.1514,20.1375],[-97.1575,20.1496],[-97.15,20.1606],[-97.1644,20.1518],[-97.2424,20.1745],[-97.244,20.1823],[-97.2619,20.1775],[-97.2705,20.1875],[-97.2832,20.1811],[-97.2853,20.1907],[-97.3655,20.2158],[-97.3777,20.2229],[-97.3806,20.2499],[-97.4082,20.2321],[-97.4453,20.2462],[-97.4643,20.2242],[-97.4628,20.1839],[-97.4855,20.1733],[-97.502,20.1485]]],[[[-97.2215,21.4761],[-97.225,21.4687],[-97.2304,21.4686],[-97.2285,21.4727],[-97.2215,21.4761]]],[[[-96.091,19.1753],[-96.0929,19.1764],[-96.0921,19.1772],[-96.091,19.1753]]]]}},{"type":"Feature","properties":{"cve_ent":"31","nombre":"Yucatán"},"geometry":{"type":"MultiPolygon","coordinates":[[[[-89.838,20.2872],[-90.0042,20.487],[-90.0056,20.4774],[-90.0417,20.4665],[-90.0672,20.4252],[-90.101,20.4253],[-90.1316,20.4431],[-90.1863,20.4369],[-90.1848,20.461],[-90.2342,20.4705],[-90.2238,20.5192],[-90.2325,20.5199],[-90.2292,20.5436],[-90.3352,20.5413],[-90.3352,20.5763],[-90.3411,20.5537],[-90.3866,20.5556],[-90.3794,20.8483],[-90.407,20.8487],[-90.3636,20.9664],[-90.3122,21.0276],[-90.0946,21.1556],[-90.0465,21.1594],[-90.0493,21.1663],[-89.9966,21.1762],[-89.8977,21.2322],[-89.8451,21.2508],[-89.6668,21.2875],[-89.6712,21.3448],[-89.6816,21.349],[-89.6707,21.3457],[-89.6647,21.2887],[-89.6457,21.2896],[-89.3096,21.3438],[-89.11,21.3578],[-88.8406,21.3979],[-88.6947,21.4511],[-88.6167,21.5219],[-88.3976,21.5654],[-88.3586,21.564],[-88.321,21.5503],[-88.2811,21.5539],[-88.2783,21.5609],[-88.2699,21.5557],[-88.2433,21.5629],[-88.2323,21.5821],[-88.1776,21.6133],[-88.1366,21.6248],[-87.9575,21.6088],[-87.7466,21.5326],[-87.5349,21.4902],[-87.5331,20.9996],[-87.7443,20.6538],[-87.9627,20.4467],[-87.9951,20.4473],[-87.993,20.418],[-88.034,20.3789],[-88.0475,20.3788],[-88.0473,20.3663],[-88.1365,20.2814],[-88.2646,20.2903],[-88.2668,20.2691],[-88.3088,20.2535],[-88.3519,20.259],[-88.4091,20.2521],[-88.4029,20.2395],[-88.4151,20.233],[-88.4434,20.2381],[-88.5199,20.1923],[-88.5023,20.1901],[-88.5076,20.1434],[-88.5767,20.1481],[-88.588,20.1315],[-88.6164,20.1345],[-88.6192,20.1172],[-88.6399,20.1204],[-88.6906,20.0899],[-88.6849,20.0774],[-88.7002,20.0104],[-88.7221,20.0051],[-88.736,20.0176],[-88.7362,20.0097],[-88.7835,20.0082],[-88.7984,19.9525],[-88.8102,19.9449],[-88.8165,19.9045],[-88.8294,19.906],[-88.8204,19.8905],[-88.8259,19.8799],[-88.8802,19.8781],[-88.8791,19.8624],[-88.9005,19.8611],[-88.8976,19.8369],[-88.9111,19.8009],[-88.9203,19.804],[-88.9295,19.7909],[-88.9454,19.7919],[-88.9439,19.8134],[-88.9745,19.8181],[-88.9844,19.7982],[-88.9995,19.798],[-89.0041,19.772],[-89.0252,19.7767],[-89.0488,19.7215],[-88.9947,19.7274],[-88.9975,19.7049],[-89.0305,19.7088],[-89.0362,19.678],[-89.1234,19.7034],[-89.1336,19.6146],[-89.1084,19.6123],[-89.109,19.5823],[-89.1495,19.5812],[-89.1449,19.6374],[-89.1892,19.644],[-89.1902,19.6333],[-89.2229,19.6367],[-89.2196,19.608],[-89.2966,19.5512],[-89.4125,19.6494],[-89.4481,19.6984],[-89.4683,19.7002],[-89.4917,19.7422],[-89.4791,19.7406],[-89.4759,19.7712],[-89.5257,19.7756],[-89.5875,19.8744],[-89.5868,19.9205],[-89.5974,19.9211],[-89.5958,19.9374],[-89.6047,19.9383],[-89.5987,19.9982],[-89.7485,20.1793],[-89.794,20.1362],[-89.8025,20.2016],[-89.8462,20.2097],[-89.8407,20.251],[-89.8757,20.2531],[-89.8724,20.2876],[-89.838,20.2872]]],[[[-92.2224,20.9129],[-92.2389,20.8985],[-92.2453,20.9018],[-92.2224,20.9129]]],[[[-92.2031,20.9341],[-92.2057,20.9194],[-92.2157,20.9139],[-92.2031,20.9341]]],[[[-92.2003,20.9242],[-92.2015,20.9248],[-92.2006,20.9252],[-92.2003,20.9242]]],[[[-92.1996,20.9262],[-92.197,20.9285],[-92.1996,20.9256],[-92.1996,20.9262]]],[[[-92.2986,20.9887],[-92.3071,20.9764],[-92.3242,20.9742],[-92.3123,20.9804],[-92.3239,20.9846],[-92.2986,20.9887]]],[[[-92.0808,21.8378],[-92.0799,21.8401],[-92.0789,21.8382],[-92.0808,21.8378]]],[[[-91.3875,22.1116],[-91.3859,22.1115],[-91.3872,22.1106],[-91.3875,22.1116]]],[[[-91.3828,22.1174],[-91.3835,22.1154],[-91.384,22.1164],[-91.3828,22.1174]]],[[[-91.4091,22.1178],[-91.4079,22.1191],[-91.4073,22.1178],[-91.4091,22.1178]]],[[[-91.4056,22.1178],[-91.405,22.1189],[-91.4045,22.1176],[-91.4056,22.1178]]],[[[-91.3881,22.1228],[-91.3894,22.1222],[-91.3896,22.1236],[-91.3881,22.1228]]],[[[-89.7555,22.4842],[-89.7387,22.4402],[-89.7593,22.4702],[-89.7555,22.4842]]],[[[-89.7448,22.4721],[-89.7423,22.4759],[-89.7402,22.4722],[-89.7448,22.4721]]],[[[-89.7516,22.4863],[-89.7481,22.4843],[-89.7511,22.4844],[-89.7516,22.4863]]],[[[-89.7532,22.4902],[-89.7498,22.4945],[-89.7492,22.4925],[-89.7532,22.4902]]],[[[-89.7741,22.5121],[-89.7586,22.48],[-89.7845,22.5055],[-89.7741,22.5121]]],[[[-89.7578,22.509],[-89.7609,22.506],[-89.7612,22.5086],[-89.7578,22.509]]],[[[-89.7435,22.523],[-89.7474,22.5065],[-89.7505,22.5061],[-89.7435,22.523]]],[[[-89.7533,22.5187],[-89.7507,22.5208],[-89.7503,22.5192],[-89.7533,22.5187]]],[[[-89.752,22.5284],[-89.7491,22.5241],[-89.7505,22.5234],[-89.752,22.5284]]],[[[-89.7623,22.5617],[-89.7632,22.5612],[-89.7633,22.5629],[-89.7623,22.5617]]],[[[-89.775,22.5638],[-89.7642,22.5628],[-89.7781,22.5626],[-89.775,22.5638]]],[[[-89.7782,22.5609],[-89.7807,22.5659],[-89.7803,22.5667],[-89.7782,22.5609]]],[[[-89.7754,22.565],[-89.7776,22.5676],[-89.7766,22.5688],[-89.7754,22.565]]],[[[-89.7735,22.5668],[-89.7753,22.5707],[-89.7749,22.5727],[-89.7735,22.5668]]],[[[-89.7566,22.5675],[-89.7557,22.5774],[-89.7526,22.5824],[-89.751,22.5784],[-89.7566,22.5675]]],[[[-89.7603,22.5816],[-89.7585,22.5753],[-89.7596,22.5753],[-89.7603,22.5816]]],[[[-89.7642,22.5769],[-89.7643,22.5809],[-89.7622,22.5808],[-89.7642,22.5769]]],[[[-89.6643,22.3707],[-89.6628,22.3686],[-89.6636,22.3684],[-89.6643,22.3707]]],[[[-89.6685,22.3683],[-89.667,22.3729],[-89.6651,22.3718],[-89.6685,22.3683]]],[[[-89.675,22.3815],[-89.6758,22.377],[-89.6802,22.3803],[-89.675,22.3815]]],[[[-89.6674,22.3793],[-89.668,22.3806],[-89.6669,22.3804],[-89.6674,22.3793]]],[[[-89.68,22.3837],[-89.6791,22.3822],[-89.682,22.3802],[-89.68,22.3837]]],[[[-89.6801,22.3894],[-89.6777,22.3884],[-89.6783,22.3872],[-89.6801,22.3894]]],[[[-89.6756,22.3904],[-89.6746,22.3883],[-89.6762,22.3894],[-89.6756,22.3904]]],[[[-89.7262,22.4285],[-89.7293,22.4245],[-89.7295,22.4273],[-89.7262,22.4285]]],[[[-89.7207,22.4285],[-89.7197,22.4275],[-89.7209,22.4278],[-89.7207,22.4285]]],[[[-89.7319,22.4358],[-89.7322,22.4248],[-89.7378,22.4356],[-89.7319,22.4358]]],[[[-89.7202,22.4305],[-89.717,22.4321],[-89.7162,22.4304],[-89.7202,22.4305]]],[[[-89.7283,22.4327],[-89.7275,22.4336],[-89.7273,22.4328],[-89.7283,22.4327]]],[[[-89.7355,22.4376],[-89.7414,22.4391],[-89.7355,22.4394],[-89.7355,22.4376]]],[[[-89.7322,22.4385],[-89.7315,22.4408],[-89.7307,22.4394],[-89.7322,22.4385]]],[[[-89.726,22.4432],[-89.7294,22.4401],[-89.7294,22.4431],[-89.726,22.4432]]],[[[-89.7255,22.4438],[-89.7232,22.4453],[-89.7231,22.4436],[-89.7255,22.4438]]],[[[-89.6937,22.5697],[-89.6191,22.4955],[-89.6086,22.4408],[-89.6308,22.3851],[-89.6602,22.3654],[-89.6613,22.3712],[-89.6512,22.3763],[-89.6471,22.3882],[-89.6629,22.3726],[-89.6587,22.3901],[-89.6633,22.3847],[-89.6872,22.3976],[-89.6798,22.3866],[-89.6929,22.3814],[-89.6875,22.3889],[-89.7022,22.4084],[-89.7299,22.421],[-89.6897,22.416],[-89.7016,22.4325],[-89.7291,22.4367],[-89.7126,22.4541],[-89.7296,22.4583],[-89.7143,22.465],[-89.7182,22.4721],[-89.7316,22.4689],[-89.7235,22.4816],[-89.7344,22.474],[-89.7326,22.4861],[-89.7053,22.495],[-89.7139,22.5005],[-89.7159,22.5314],[-89.7261,22.5328],[-89.7195,22.5269],[-89.7276,22.5216],[-89.7385,22.5345],[-89.7321,22.5374],[-89.7533,22.5471],[-89.7436,22.524],[-89.7564,22.5394],[-89.7606,22.5202],[-89.7897,22.504],[-89.7956,22.5287],[-89.7773,22.5585],[-89.7616,22.5597],[-89.7487,22.5677],[-89.7486,22.586],[-89.6937,22.5697]]],[[[-89.7329,22.5024],[-89.7302,22.4903],[-89.736,22.5014],[-89.7329,22.5024]]],[[[-89.7202,22.5107],[-89.7158,22.5067],[-89.7202,22.507],[-89.7202,22.5107]]],[[[-89.7378,22.5117],[-89.7369,22.5072],[-89.7393,22.509],[-89.7378,22.5117]]],[[[-89.7345,22.5142],[-89.7313,22.5189],[-89.7312,22.5124],[-89.7345,22.5142]]],[[[-89.7426,22.5323],[-89.737,22.5217],[-89.7403,22.5225],[-89.7426,22.5323]]],[[[-89.7394,22.5318],[-89.7386,22.5292],[-89.7405,22.53],[-89.7394,22.5318]]],[[[-89.7389,22.5365],[-89.7425,22.535],[-89.743,22.5389],[-89.7389,22.5365]]],[[[-89.7357,22.5388],[-89.7403,22.5381],[-89.7411,22.541],[-89.7357,22.5388]]],[[[-88.2849,21.5644],[-88.2838,21.5631],[-88.2853,21.5628],[-88.2849,21.5644]]]]}},{"type":"Feature","properties":{"cve_ent":"32","nombre":"Zacatecas"},"geometry":{"type":"Polygon","coordinates":[[[-103.0436,21.261],[-103.0655,21.2558],[-103.057,21.2468],[-103.0775,21.2154],[-103.0692,21.2099],[-103.0843,21.1941],[-103.0714,21.1529],[-103.0986,21.1312],[-103.0917,21.1158],[-103.0737,21.11],[-103.0758,21.0969],[-103.0652,21.1043],[-103.0565,21.0993],[-103.0746,21.0743],[-103.105,21.062],[-103.1233,21.0668],[-103.1293,21.0533],[-103.1629,21.0729],[-103.1884,21.0707],[-103.1884,21.0852],[-103.2096,21.0942],[-103.2326,21.0791],[-103.2582,21.0831],[-103.2572,21.0707],[-103.2757,21.0514],[-103.2966,21.0648],[-103.3019,21.0546],[-103.3303,21.0545],[-103.3389,21.0419],[-103.3855,21.0674],[-103.3976,21.083],[-103.3963,21.0991],[-103.4232,21.1241],[-103.4163,21.1373],[-103.4286,21.1467],[-103.4693,21.1434],[-103.5041,21.1277],[-103.511,21.1462],[-103.5315,21.142],[-103.5298,21.1341],[-103.5544,21.1166],[-103.5904,21.1275],[-103.602,21.1517],[-103.6141,21.1569],[-103.6186,21.1888],[-103.6673,21.216],[-103.6634,21.2242],[-103.6402,21.2221],[-103.634,21.2823],[-103.6582,21.2804],[-103.6667,21.2905],[-103.6981,21.2826],[-103.7136,21.2667],[-103.7221,21.2839],[-103.7208,21.308],[-103.7051,21.3255],[-103.6774,21.3199],[-103.6636,21.3381],[-103.6187,21.3445],[-103.6169,21.3534],[-103.5785,21.3302],[-103.5676,21.3522],[-103.51,21.3549],[-103.5039,21.3768],[-103.5336,21.4206],[-103.5387,21.4448],[-103.5604,21.4302],[-103.5759,21.4362],[-103.5864,21.3924],[-103.5953,21.3909],[-103.6229,21.4131],[-103.6265,21.4345],[-103.6608,21.4416],[-103.6587,21.4637],[-103.7015,21.4663],[-103.6918,21.4956],[-103.6726,21.5055],[-103.6945,21.5289],[-103.6863,21.535],[-103.6871,21.556],[-103.6583,21.5559],[-103.66,21.5648],[-103.6449,21.5765],[-103.6298,21.5734],[-103.619,21.5569],[-103.5929,21.5592],[-103.5905,21.5898],[-103.5589,21.5764],[-103.5452,21.5876],[-103.5555,21.6341],[-103.5267,21.6756],[-103.5179,21.7115],[-103.5098,21.713],[-103.5085,21.7397],[-103.5279,21.7723],[-103.5608,21.7803],[-103.5726,21.8035],[-103.5261,21.8051],[-103.5314,21.8178],[-103.5028,21.8331],[-103.4825,21.8133],[-103.4705,21.8135],[-103.4724,21.836],[-103.4554,21.8328],[-103.4513,21.8539],[-103.4139,21.9055],[-103.3943,21.8967],[-103.3748,21.9137],[-103.3441,21.9135],[-103.3414,21.9404],[-103.2786,21.9897],[-103.2647,21.9718],[-103.2448,21.9666],[-103.24,21.9767],[-103.2056,21.9652],[-103.1918,21.9744],[-103.2017,21.9986],[-103.1657,21.9968],[-103.1112,22.0146],[-103.1079,22.0634],[-103.1543,22.0722],[-103.1528,22.0876],[-103.1351,22.0905],[-103.1256,22.1048],[-103.1017,22.1018],[-103.077,22.1255],[-103.0788,22.1371],[-103.1088,22.1443],[-103.1061,22.1914],[-103.0548,22.2138],[-103.0621,22.2283],[-103.0555,22.2473],[-103.0783,22.2571],[-103.083,22.2771],[-103.101,22.294],[-103.1906,22.2985],[-103.2019,22.2803],[-103.2224,22.2826],[-103.2082,22.3331],[-103.1941,22.332],[-103.1686,22.3546],[-103.1686,22.385],[-103.1894,22.3902],[-103.1988,22.3806],[-103.2134,22.4101],[-103.2321,22.3934],[-103.2522,22.3989],[-103.2602,22.4119],[-103.2845,22.4144],[-103.3005,22.393],[-103.3092,22.392],[-103.3146,22.4049],[-103.3293,22.3845],[-103.3647,22.3695],[-103.3626,22.3364],[-103.343,22.3351],[-103.3638,22.3145],[-103.3501,22.3075],[-103.3557,22.2798],[-103.3384,22.2875],[-103.3277,22.3074],[-103.3069,22.3063],[-103.2978,22.2983],[-103.3139,22.2587],[-103.2951,22.2533],[-103.3119,22.2333],[-103.3377,22.2452],[-103.383,22.227],[-103.3857,22.2125],[-103.409,22.2154],[-103.4172,22.1905],[-103.4341,22.1908],[-103.4197,22.1775],[-103.4292,22.1622],[-103.4259,22.1394],[-103.4592,22.1059],[-103.4793,22.1148],[-103.4861,22.1065],[-103.5118,22.1075],[-103.5146,22.1291],[-103.5427,22.1206],[-103.5592,22.1366],[-103.58,22.1268],[-103.5811,22.1049],[-103.594,22.1116],[-103.6047,22.0979],[-103.6838,22.1092],[-103.6774,22.1187],[-103.6903,22.1301],[-103.6545,22.1719],[-103.6578,22.1838],[-103.6309,22.2389],[-103.5949,22.2731],[-103.6378,22.2952],[-103.6421,22.3409],[-103.6048,22.3401],[-103.6107,22.3598],[-103.5976,22.3745],[-103.594,22.4072],[-103.5592,22.4284],[-103.5725,22.4375],[-103.5793,22.4962],[-103.5946,22.5054],[-103.5837,22.522],[-103.5993,22.5264],[-103.6028,22.5568],[-103.6224,22.5636],[-103.661,22.5471],[-103.6726,22.5611],[-103.6818,22.5548],[-103.7385,22.572],[-103.7445,22.5585],[-103.7691,22.5558],[-103.7739,22.5464],[-103.7842,22.4868],[-103.8102,22.4273],[-103.8112,22.3767],[-103.8454,22.3428],[-103.8286,22.2866],[-103.8449,22.2626],[-103.8441,22.2221],[-103.8629,22.1669],[-103.8851,22.1964],[-103.8861,22.2262],[-103.9179,22.262],[-103.9101,22.2833],[-103.9261,22.3321],[-103.9079,22.3621],[-103.8957,22.3641],[-103.8987,22.3796],[-103.8835,22.39],[-103.8862,22.4002],[-103.8693,22.4013],[-103.8669,22.4094],[-103.8806,22.4182],[-103.8732,22.4248],[-103.8947,22.4382],[-103.8761,22.4412],[-103.8854,22.4735],[-103.8711,22.4725],[-103.864,22.4914],[-103.8642,22.5135],[-103.8752,22.5216],[-103.8669,22.5447],[-103.8518,22.5536],[-103.8607,22.5676],[-103.761,22.6256],[-103.7685,22.6433],[-103.752,22.7116],[-103.7747,22.7339],[-103.8362,22.728],[-103.8751,22.7372],[-103.8983,22.7283],[-103.91,22.7501],[-103.972,22.7416],[-104.013,22.7476],[-104.0559,22.724],[-104.0477,22.7122],[-104.0642,22.707],[-104.0592,22.6921],[-104.0736,22.697],[-104.049,22.6871],[-104.0548,22.6784],[-104.0433,22.6719],[-104.0308,22.6791],[-104.0155,22.6689],[-104.0333,22.6341],[-104.027,22.6132],[-104.0181,22.597],[-103.9862,22.5909],[-104.0008,22.5668],[-103.9723,22.5451],[-104.0056,22.5366],[-103.9872,22.5288],[-103.9913,22.5233],[-103.9806,22.5151],[-103.9662,22.5172],[-103.9634,22.508],[-103.9344,22.4999],[-103.9398,22.4889],[-103.9294,22.4761],[-103.9587,22.4511],[-103.9606,22.4332],[-103.9756,22.4362],[-103.9864,22.4148],[-104.0059,22.4087],[-104.0033,22.3899],[-104.0151,22.3648],[-104.0488,22.3764],[-104.0675,22.3614],[-104.0973,22.3578],[-104.0949,22.3763],[-104.0754,22.3831],[-104.0768,22.4072],[-104.0616,22.4258],[-104.0622,22.4513],[-104.0516,22.4667],[-104.0566,22.4928],[-104.0717,22.503],[-104.0688,22.522],[-104.0819,22.5336],[-104.1027,22.5314],[-104.1208,22.517],[-104.1135,22.4966],[-104.1431,22.5047],[-104.1504,22.5163],[-104.1902,22.5076],[-104.2017,22.487],[-104.2148,22.4842],[-104.1989,22.4805],[-104.2049,22.4719],[-104.1857,22.4714],[-104.1999,22.4563],[-104.1951,22.4476],[-104.1675,22.4452],[-104.1789,22.4274],[-104.1674,22.3874],[-104.193,22.3991],[-104.2079,22.4222],[-104.2257,22.4193],[-104.241,22.4128],[-104.2583,22.3847],[-104.2547,22.3488],[-104.2738,22.3428],[-104.2926,22.3443],[-104.2857,22.3564],[-104.2931,22.3651],[-104.3517,22.3892],[-104.3518,22.4078],[-104.3306,22.4322],[-104.3202,22.4301],[-104.2961,22.473],[-104.3258,22.5374],[-104.3141,22.5407],[-104.3057,22.5579],[-104.2888,22.553],[-104.2782,22.5831],[-104.2614,22.5862],[-104.2833,22.6217],[-104.2693,22.6358],[-104.29,22.6456],[-104.2807,22.6534],[-104.2883,22.6635],[-104.2749,22.682],[-104.2776,22.7024],[-104.2627,22.7176],[-104.2663,22.7365],[-104.2321,22.7531],[-104.221,22.7794],[-104.1996,22.7765],[-104.1822,22.7583],[-104.1393,22.7684],[-104.1194,22.7623],[-104.1072,22.7686],[-104.0953,22.7592],[-104.0805,22.7666],[-104.1002,22.7948],[-104.0952,22.8058],[-104.1115,22.8103],[-104.1043,22.8336],[-104.1168,22.851],[-104.1063,22.8569],[-104.1075,22.8848],[-104.1177,22.8977],[-104.1126,22.9051],[-104.133,22.905],[-104.136,22.9181],[-104.1511,22.9221],[-104.1541,22.9378],[-104.1666,22.9452],[-104.1721,23.1284],[-104.129,23.1822],[-104.1112,23.3512],[-104.066,23.4635],[-103.9253,23.557],[-103.9163,23.5657],[-103.9215,23.5892],[-103.9123,23.5881],[-103.9119,23.5761],[-103.8901,23.5798],[-103.9069,23.6019],[-103.8825,23.5923],[-103.8774,23.629],[-103.8492,23.6401],[-103.8113,23.6136],[-103.7935,23.6309],[-103.7851,23.6766],[-103.8511,23.6796],[-103.841,23.7012],[-103.8624,23.7526],[-103.8203,23.7919],[-103.8161,23.8077],[-103.8531,23.8746],[-103.8308,23.9078],[-103.8184,23.9649],[-103.8388,23.9648],[-103.8724,24.007],[-103.8478,24.0032],[-103.8431,24.027],[-103.8133,24.022],[-103.7998,24.0506],[-103.6604,24.1493],[-103.636,24.1103],[-103.622,24.1175],[-103.6058,24.1512],[-103.5595,24.1938],[-103.5655,24.2114],[-103.5565,24.242],[-103.5683,24.2864],[-103.5312,24.2939],[-103.5068,24.288],[-103.485,24.3009],[-103.4841,24.3183],[-103.4483,24.3326],[-103.4305,24.3601],[-103.4302,24.4089],[-103.4193,24.4305],[-103.3941,24.4321],[-103.3862,24.423],[-103.3239,24.4265],[-103.3103,24.4357],[-103.2826,24.4288],[-103.2535,24.4473],[-103.2228,24.4171],[-103.182,24.4199],[-103.1653,24.4352],[-103.0985,24.4016],[-103.0875,24.436],[-103.0751,24.4226],[-103.0432,24.4665],[-102.9836,24.4333],[-102.9674,24.4577],[-102.9001,24.4285],[-102.8919,24.4611],[-102.8606,24.4345],[-102.8317,24.3847],[-102.7889,24.4062],[-102.7567,24.377],[-102.6999,24.374],[-102.6186,24.3964],[-102.6066,24.4112],[-102.5339,24.4077],[-102.5201,24.4239],[-102.4803,24.428],[-102.4731,24.4452],[-102.487,24.4442],[-102.4798,24.4904],[-102.5122,24.7097],[-102.5654,24.8664],[-102.5662,24.9022],[-102.6731,24.9428],[-102.673,24.9788],[-102.643,24.9786],[-102.6289,25.0083],[-102.6697,25.0666],[-102.4468,24.9995],[-102.4633,25.1159],[-102.2955,25.1252],[-102.2376,25.1185],[-102.0818,25.0707],[-101.8488,25.0176],[-101.8319,24.9722],[-101.7735,24.8755],[-101.6851,24.84],[-101.6563,24.8608],[-101.6013,24.8356],[-101.609,24.7897],[-101.6408,24.8007],[-101.6223,24.759],[-101.4616,24.7368],[-101.4022,24.7882],[-101.3421,24.8134],[-101.2017,24.7655],[-101.1276,24.6234],[-101.0805,24.5912],[-100.9588,24.5427],[-100.9022,24.5839],[-100.8478,24.5556],[-100.7999,24.5562],[-100.7423,24.4604],[-100.8504,24.3435],[-100.9453,24.2812],[-101.0067,24.3358],[-101.0099,24.3851],[-100.9882,24.4096],[-100.9873,24.4325],[-101.0127,24.3908],[-101.0654,24.207],[-101.1732,24.1641],[-101.2167,24.1597],[-101.1925,23.9186],[-101.7751,23.4476],[-102.0119,23.3727],[-102.1225,23.3539],[-102.1688,23.361],[-102.1686,23.3989],[-102.1913,23.4014],[-102.1936,23.4476],[-102.2382,23.4469],[-102.2536,23.365],[-102.296,23.3205],[-102.2646,23.2901],[-102.2695,23.2799],[-102.2547,23.2808],[-102.2411,23.315],[-102.2316,23.3151],[-102.2447,23.2768],[-102.2858,23.2733],[-102.2894,23.2317],[-102.2395,23.2095],[-102.241,23.1694],[-102.2142,23.1313],[-102.2601,23.0459],[-102.2381,23.0476],[-102.1921,22.8649],[-102.1249,22.783],[-101.9398,22.6457],[-101.8533,22.656],[-101.873,22.5631],[-101.8199,22.5513],[-101.8371,22.4997],[-101.7993,22.4706],[-101.7834,22.465],[-101.7715,22.4882],[-101.7354,22.4802],[-101.7462,22.5087],[-101.696,22.5204],[-101.6599,22.5053],[-101.5901,22.589],[-101.5953,22.6241],[-101.5738,22.6128],[-101.5674,22.6568],[-101.497,22.7015],[-101.491,22.7429],[-101.4111,22.7477],[-101.3492,22.7118],[-101.38,22.6758],[-101.3594,22.6535],[-101.3369,22.6588],[-101.3339,22.6421],[-101.3057,22.6099],[-101.2875,22.5598],[-101.2963,22.5355],[-101.2857,22.5079],[-101.3154,22.4696],[-101.3137,22.4535],[-101.3748,22.4565],[-101.3819,22.3575],[-101.433,22.3633],[-101.4351,22.3415],[-101.4197,22.315],[-101.3914,22.2999],[-101.4163,22.2673],[-101.3768,22.2617],[-101.3529,22.2292],[-101.3243,22.2099],[-101.3513,22.1768],[-101.3377,22.1435],[-101.3277,22.1441],[-101.3542,22.0717],[-101.3466,22.0497],[-101.361,22.041],[-101.3771,22.045],[-101.3697,22.0275],[-101.3807,22.0288],[-101.3828,22.0207],[-101.3657,22.0185],[-101.3517,22.0438],[-101.3309,22.0353],[-101.3279,22.0165],[-101.3392,22.015],[-101.3378,22.0251],[-101.3486,22.0281],[-101.3524,22.0131],[-101.3294,22.0072],[-101.3275,21.997],[-101.3734,21.9902],[-101.4052,21.9485],[-101.4292,21.9344],[-101.4102,21.9087],[-101.4346,21.8971],[-101.4418,21.9093],[-101.4407,21.8927],[-101.4832,21.8677],[-101.4861,21.8419],[-101.5035,21.8301],[-101.4963,21.8099],[-101.5105,21.7991],[-101.522,21.818],[-101.537,21.8105],[-101.5482,21.8341],[-101.566,21.842],[-101.5698,21.9171],[-101.5958,21.91],[-101.6167,21.9294],[-101.6289,21.9109],[-101.6507,21.9077],[-101.6591,21.9416],[-101.7107,21.9739],[-101.7466,22.0121],[-101.7776,22.0073],[-101.7844,22.0241],[-101.8043,22.0253],[-101.8014,22.031],[-101.8157,22.02],[-101.8617,22.0289],[-101.8552,22.0465],[-101.8643,22.0415],[-101.986,22.1208],[-102.0259,22.1298],[-102.0171,22.154],[-102.0452,22.1537],[-102.0295,22.1687],[-102.001,22.1681],[-101.9997,22.2337],[-102.0025,22.2414],[-102.0225,22.2416],[-102.0373,22.299],[-102.0512,22.2912],[-102.0756,22.3061],[-102.1052,22.2808],[-102.1532,22.2904],[-102.1498,22.3472],[-102.1807,22.3504],[-102.1774,22.3624],[-102.212,22.3625],[-102.212,22.3727],[-102.2532,22.3745],[-102.2503,22.3872],[-102.2901,22.4199],[-102.2983,22.4596],[-102.3118,22.4569],[-102.3214,22.3885],[-102.3629,22.3887],[-102.3784,22.3609],[-102.4686,22.3519],[-102.4712,22.3363],[-102.4607,22.3237],[-102.4702,22.3092],[-102.527,22.2909],[-102.6687,22.2919],[-102.67,22.2457],[-102.6393,22.226],[-102.6516,22.1931],[-102.6693,22.194],[-102.6667,22.1809],[-102.6759,22.1756],[-102.6694,22.1596],[-102.6861,22.1379],[-102.6909,22.1066],[-102.7558,22.0737],[-102.761,22.0463],[-102.801,22.0039],[-102.8383,21.9393],[-102.8742,21.8528],[-102.8581,21.8332],[-102.8473,21.8334],[-102.8533,21.7991],[-102.8423,21.8048],[-102.8313,21.7972],[-102.8169,21.7665],[-102.7453,21.7201],[-102.7665,21.6869],[-102.8053,21.6713],[-102.7734,21.6583],[-102.7836,21.6467],[-102.7647,21.5961],[-102.7374,21.5868],[-102.7295,21.5931],[-102.7171,21.5713],[-102.6951,21.5729],[-102.6964,21.543],[-102.6307,21.534],[-102.6422,21.5187],[-102.6248,21.5014],[-102.6367,21.4771],[-102.6491,21.4742],[-102.6479,21.4625],[-102.6361,21.4629],[-102.655,21.4466],[-102.6521,21.4122],[-102.6597,21.4109],[-102.6381,21.3932],[-102.6426,21.3672],[-102.6778,21.3409],[-102.6951,21.3407],[-102.7133,21.3798],[-102.7291,21.3874],[-102.728,21.3571],[-102.7578,21.3392],[-102.7553,21.3232],[-102.7718,21.316],[-102.7889,21.3295],[-102.7985,21.3069],[-102.812,21.3237],[-102.8152,21.2947],[-102.8371,21.3034],[-102.8488,21.2932],[-102.8448,21.2773],[-102.8594,21.2705],[-102.8637,21.2528],[-102.8729,21.2552],[-102.8766,21.2366],[-102.903,21.2352],[-102.9107,21.2052],[-102.9478,21.2146],[-102.9463,21.2344],[-102.979,21.2397],[-102.9953,21.2591],[-103.0107,21.2558],[-103.017,21.241],[-103.0298,21.2511],[-103.0455,21.2492],[-103.0436,21.261]],[[-102.4793,22.8007],[-102.4843,22.8012],[-102.4775,22.8005],[-102.4793,22.8007]]]}}]}